1500_finish_s,3000_finish_s,5000_finish_s
206.0,437.55,1123.0
206.12,440.67,1250.0
206.34,441.28,1283.0
206.45,443.09,1337.0
206.69,443.63,1496.0
206.73,443.64,1521.0
206.89,444.0,1532.0
206.96,445.02,1581.0
207.14,445.09,1598.0
207.21,445.11,1599.0
207.34,445.16,1604.0
207.37,445.47,1624.0
207.4,445.48,1639.0
207.52,445.54,1645.0
207.64,445.79,1656.0
207.64,445.87,1705.0
207.65,445.93,1708.0
207.65,446.02,1709.0
207.72,446.03,1722.0
207.79,446.18,1724.0
207.8,446.25,1741.0
207.83,446.28,1745.0
207.91,446.62,1747.0
207.95,446.64,1748.0
208.12,446.69,1754.0
208.21,446.81,1763.0
208.24,447.0,1793.0
208.28,447.05,1814.0
208.32,447.16,1827.0
208.37,447.18,1855.0
208.37,447.26,1861.0
208.38,447.3,1865.0
208.4,447.42,1883.0
208.41,447.5,1884.0
208.45,447.55,1904.0
208.45,447.59,1906.0
208.51,447.61,1906.0
208.57,447.64,1918.0
208.6,447.66,1927.0
208.68,447.67,1931.0
208.71,447.68,1941.0
208.72,447.72,1941.0
208.73,447.75,1941.0
208.75,447.99,1944.0
208.76,448.0,1945.0
208.76,448.02,1955.0
208.77,448.04,1963.0
208.79,448.19,1974.0
208.8,448.28,1983.0
208.8,448.28,1993.0
208.81,448.37,2001.0
208.81,448.38,2008.0
208.84,448.41,2008.0
208.86,448.44,2021.0
208.88,448.45,2027.0
208.89,448.48,2045.0
208.91,448.53,2056.0
208.92,448.56,2056.0
208.93,448.64,2056.0
208.93,448.67,2059.0
208.95,448.7,2061.0
208.98,448.7,2061.0
209.01,448.72,2062.0
209.02,448.73,2077.0
209.02,448.76,2084.0
209.02,448.78,2091.0
209.05,448.82,2099.0
209.05,448.83,2111.0
209.05,448.92,2116.0
209.06,448.93,2139.0
209.08,448.94,2143.0
209.08,448.94,2149.0
209.1,448.96,2176.0
209.1,448.98,2182.0
209.11,448.99,2183.0
209.12,449.0,2190.0
209.13,449.09,2196.0
209.13,449.11,2199.0
209.14,449.23,2238.0
209.18,449.24,2269.0
209.18,449.25,2270.0
209.18,449.32,2285.0
209.18,449.34,2285.0
209.19,449.36,2289.0
209.2,449.43,2301.0
209.21,449.43,2327.0
209.21,449.45,2342.0
209.23,449.46,2346.0
209.25,449.48,2348.0
209.26,449.49,2353.0
209.26,449.55,2356.0
209.27,449.55,2378.0
209.27,449.6,2419.0
209.29,449.69,2429.0
209.3,449.74,2443.0
209.3,449.75,2450.0
209.33,449.9,2474.0
209.38,449.92,2474.0
209.41,449.95,2483.0
209.43,450.07,2503.0
209.45,450.09,2513.0
209.46,450.09,2517.0
209.46,450.09,2521.0
209.47,450.14,2547.0
209.47,450.15,2565.0
209.47,450.23,2623.0
209.47,450.23,2627.0
209.5,450.26,2632.0
209.5,450.36,2634.0
209.51,450.36,2645.0
209.51,450.42,2647.0
209.51,450.43,2651.0
209.51,450.45,2651.0
209.52,450.46,2657.0
209.53,450.48,2660.0
209.54,450.49,2678.0
209.56,450.5,2744.0
209.57,450.53,2749.0
209.58,450.53,2779.0
209.59,450.56,2823.0
209.63,450.58,2829.0
209.64,450.62,2874.0
209.64,450.62,2879.0
209.65,450.67,2896.0
209.66,450.76,3014.0
209.67,450.76,3016.0
209.67,450.78,3021.0
209.67,450.79,3022.0
209.68,450.8,3024.0
209.68,450.82,3107.0
209.7,450.84,3213.0
209.7,450.91,3215.0
209.71,450.93,3288.0
209.71,450.94,3448.0
209.72,450.95,3451.0
209.72,450.96,3454.0
209.74,450.97,3454.0
209.76,450.99,3557.0
209.77,450.99,3563.0
209.77,451.0,3625.0
209.77,451.13,3660.0
209.77,451.14,3663.0
209.78,451.14,3455.0
209.79,451.19,3868.0
209.83,451.2,3999.0
209.85,451.26,4135.0
209.85,451.33,4168.0
209.89,451.33,4296.0
209.9,451.33,4445.0
209.9,451.4,4702.0
209.91,451.41,4765.0
209.91,451.41,4799.0
209.91,451.41,4817.0
209.93,451.47,4904.0
209.95,451.48,5165.0
209.96,451.49,5185.0
209.97,451.5,5289.0
209.99,451.54,5303.0
209.99,451.57,5438.0
210.0,451.57,5596.0
210.0,451.58,5644.0
210.01,451.59,5744.0
210.01,451.65,5755.0
210.04,451.66,5841.0
210.06,451.68,5850.0
210.06,451.69,5854.0
210.07,451.77,5867.0
210.07,451.78,5896.0
210.09,451.78,5915.0
210.1,451.81,5921.0
210.11,451.81,5960.0
210.12,451.83,6032.0
210.12,451.83,6180.0
210.13,451.84,6198.0
210.13,451.88,6283.0
210.15,451.93,6326.0
210.16,451.94,6328.0
210.16,451.96,6812.0
210.17,451.96,6866.0
210.18,451.98,7344.0
210.18,451.98,7350.0
210.2,452.01,8022.0
210.2,452.01,9152.0
210.2,452.01,1365.0
210.21,452.02,1365.0
210.22,452.03,1401.0
210.22,452.05,1488.0
210.22,452.1,1512.0
210.23,452.11,1547.0
210.23,452.13,1549.0
210.24,452.13,1677.0
210.24,452.13,1689.0
210.25,452.13,1689.0
210.25,452.16,1730.0
210.25,452.17,1794.0
210.26,452.19,1819.0
210.27,452.23,1836.0
210.27,452.23,1843.0
210.27,452.25,1849.0
210.28,452.27,1875.0
210.29,452.27,1882.0
210.3,452.27,1917.0
210.3,452.3,1932.0
210.31,452.31,1949.0
210.32,452.32,1989.0
210.33,452.36,2025.0
210.34,452.36,2031.0
210.34,452.36,2034.0
210.35,452.37,2040.0
210.35,452.38,2052.0
210.36,452.38,2145.0
210.36,452.42,2217.0
210.37,452.43,2245.0
210.37,452.44,2248.0
210.39,452.46,2257.0
210.4,452.48,2259.0
210.4,452.49,2260.0
210.41,452.49,2263.0
210.42,452.49,2283.0
210.42,452.52,2287.0
210.42,452.54,2290.0
210.43,452.55,2293.0
210.44,452.55,2376.0
210.44,452.55,2448.0
210.44,452.56,2456.0
210.46,452.57,2533.0
210.46,452.59,2533.0
210.46,452.61,2537.0
210.46,452.62,2607.0
210.47,452.64,2670.0
210.47,452.65,2749.0
210.47,452.68,2762.0
210.47,452.71,2801.0
210.48,452.71,2802.0
210.49,452.72,2812.0
210.49,452.72,2828.0
210.49,452.79,2837.0
210.49,452.79,2859.0
210.5,452.79,2937.0
210.51,452.84,2937.0
210.51,452.88,2974.0
210.53,452.89,3089.0
210.54,452.91,3096.0
210.54,452.93,3207.0
210.55,452.93,3212.0
210.55,452.94,3239.0
210.56,452.97,3279.0
210.57,452.99,3279.0
210.58,453.0,3325.0
210.58,453.01,3383.0
210.58,453.02,3435.0
210.58,453.05,3435.0
210.59,453.06,3483.0
210.59,453.06,3552.0
210.59,453.07,3557.0
210.6,453.1,3559.0
210.6,453.13,3616.0
210.6,453.13,3622.0
210.61,453.14,3671.0
210.61,453.15,3672.0
210.61,453.15,3695.0
210.61,453.18,3706.0
210.61,453.2,3753.0
210.61,453.2,3764.0
210.62,453.2,3770.0
210.63,453.21,3772.0
210.63,453.23,3774.0
210.64,453.24,3814.0
210.64,453.26,3828.0
210.65,453.27,3832.0
210.66,453.28,3843.0
210.66,453.28,3847.0
210.67,453.3,3848.0
210.68,453.3,3858.0
210.69,453.32,3858.0
210.69,453.35,3860.0
210.69,453.36,3870.0
210.7,453.36,3872.0
210.71,453.37,3908.0
210.72,453.37,3916.0
210.72,453.37,4045.0
210.73,453.39,4050.0
210.73,453.39,4050.0
210.74,453.39,1215.0
210.74,453.42,1222.0
210.75,453.42,1266.0
210.75,453.43,1273.0
210.75,453.44,1320.0
210.76,453.46,1328.0
210.77,453.47,1331.0
210.77,453.49,1349.0
210.77,453.5,1354.0
210.77,453.51,1366.0
210.77,453.52,1406.0
210.77,453.52,1407.0
210.78,453.54,1425.0
210.78,453.56,1439.0
210.78,453.56,1447.0
210.78,453.62,1456.0
210.79,453.62,1457.0
210.8,453.64,1466.0
210.8,453.68,1467.0
210.8,453.68,1470.0
210.81,453.71,1490.0
210.82,453.71,1502.0
210.82,453.78,1518.0
210.82,453.79,1539.0
210.82,453.84,1548.0
210.83,453.85,1569.0
210.83,453.86,1574.0
210.84,453.87,1577.0
210.85,453.87,1598.0
210.86,453.88,1603.0
210.86,453.89,1606.0
210.87,453.91,1625.0
210.88,453.92,1634.0
210.88,453.92,1639.0
210.88,453.93,1669.0
210.88,453.93,1670.0
210.88,453.94,1674.0
210.88,453.95,1702.0
210.88,453.96,1727.0
210.89,453.96,1727.0
210.9,453.96,1768.0
210.9,454.0,1789.0
210.9,454.01,1793.0
210.9,454.02,1796.0
210.9,454.03,1815.0
210.91,454.03,1815.0
210.91,454.04,1816.0
210.92,454.06,1823.0
210.92,454.07,1849.0
210.92,454.12,1860.0
210.92,454.14,1863.0
210.93,454.15,1882.0
210.93,454.18,1921.0
210.94,454.26,1924.0
210.94,454.27,1924.0
210.94,454.28,1925.0
210.94,454.29,1965.0
210.95,454.32,1966.0
210.95,454.32,1982.0
210.95,454.36,1983.0
210.95,454.36,1992.0
210.96,454.37,1996.0
210.97,454.37,2001.0
210.97,454.4,2006.0
210.98,454.4,2006.0
210.99,454.41,2009.0
210.99,454.44,2012.0
210.99,454.46,2016.0
211.0,454.47,2016.0
211.0,454.48,2016.0
211.0,454.49,2024.0
211.0,454.49,2025.0
211.0,454.5,2029.0
211.01,454.54,2031.0
211.01,454.57,2031.0
211.01,454.57,2070.0
211.01,454.58,2072.0
211.01,454.59,2073.0
211.01,454.6,2086.0
211.01,454.62,2108.0
211.02,454.66,2112.0
211.02,454.66,2114.0
211.04,454.66,2138.0
211.04,454.67,2162.0
211.05,454.67,2174.0
211.05,454.69,2175.0
211.06,454.7,2176.0
211.06,454.7,2177.0
211.06,454.7,2177.0
211.06,454.71,2177.0
211.06,454.71,2192.0
211.07,454.72,2197.0
211.08,454.74,2200.0
211.08,454.74,2209.0
211.08,454.74,2219.0
211.08,454.75,2232.0
211.08,454.75,2248.0
211.09,454.77,2256.0
211.09,454.78,2287.0
211.1,454.79,2290.0
211.1,454.79,2293.0
211.1,454.8,2298.0
211.1,454.8,2300.0
211.1,454.82,2314.0
211.1,454.82,2321.0
211.1,454.83,2324.0
211.11,454.85,2341.0
211.12,454.86,2343.0
211.13,454.87,2357.0
211.13,454.87,2360.0
211.13,454.91,2372.0
211.13,454.94,2377.0
211.14,454.96,2381.0
211.15,454.96,2384.0
211.16,454.97,2385.0
211.16,454.98,2387.0
211.16,454.98,2387.0
211.17,454.99,2426.0
211.17,454.99,2431.0
211.17,455.0,2434.0
211.17,455.0,2445.0
211.17,455.01,2454.0
211.18,455.02,2465.0
211.18,455.04,2511.0
211.18,455.06,2518.0
211.18,455.06,2535.0
211.19,455.06,2542.0
211.19,455.06,2563.0
211.19,455.08,2568.0
211.19,455.08,2577.0
211.2,455.1,2580.0
211.2,455.11,2621.0
211.2,455.12,2654.0
211.2,455.13,2663.0
211.2,455.14,2680.0
211.21,455.15,2680.0
211.21,455.16,2701.0
211.21,455.18,2711.0
211.22,455.18,2716.0
211.22,455.2,2730.0
211.22,455.2,2751.0
211.23,455.22,2761.0
211.23,455.23,2764.0
211.24,455.23,2797.0
211.24,455.24,2805.0
211.24,455.28,2809.0
211.24,455.28,2821.0
211.25,455.3,2894.0
211.25,455.32,2907.0
211.25,455.33,2908.0
211.28,455.34,2927.0
211.28,455.35,2965.0
211.29,455.35,2967.0
211.3,455.41,2979.0
211.3,455.41,2986.0
211.3,455.41,2987.0
211.3,455.43,2997.0
211.32,455.43,2998.0
211.32,455.44,3037.0
211.32,455.44,3064.0
211.33,455.44,3094.0
211.33,455.45,3097.0
211.33,455.46,3104.0
211.34,455.46,3122.0
211.34,455.47,3124.0
211.34,455.5,3133.0
211.34,455.5,3135.0
211.34,455.51,3137.0
211.34,455.52,3138.0
211.34,455.53,3140.0
211.35,455.53,3148.0
211.35,455.53,3148.0
211.36,455.56,3154.0
211.36,455.57,3159.0
211.36,455.6,3166.0
211.36,455.6,3226.0
211.37,455.61,3279.0
211.37,455.61,3282.0
211.38,455.61,3284.0
211.38,455.61,3284.0
211.38,455.61,3297.0
211.38,455.62,3312.0
211.39,455.63,3312.0
211.39,455.64,3332.0
211.39,455.65,3347.0
211.4,455.66,3348.0
211.4,455.66,3396.0
211.4,455.68,3402.0
211.4,455.68,3404.0
211.41,455.69,3408.0
211.42,455.69,3788.0
211.42,455.71,1366.0
211.42,455.71,1700.0
211.43,455.72,1738.0
211.43,455.73,1785.0
211.44,455.77,1826.0
211.44,455.78,1828.0
211.44,455.79,1895.0
211.45,455.8,1913.0
211.45,455.8,2499.0
211.45,455.8,2604.0
211.45,455.81,2795.0
211.45,455.82,3257.0
211.46,455.83,3389.0
211.46,455.84,1366.0
211.46,455.84,1700.0
211.46,455.84,1738.0
211.47,455.87,1785.0
211.47,455.88,1826.0
211.48,455.9,1828.0
211.48,455.91,1895.0
211.48,455.91,1913.0
211.48,455.91,2499.0
211.48,455.92,2604.0
211.48,455.92,2795.0
211.48,455.94,3257.0
211.49,455.95,3389.0
211.49,455.96,1913.0
211.49,455.97,1826.0
211.49,455.98,1895.0
211.49,455.99,1366.0
211.49,456.02,1828.0
211.51,456.02,1738.0
211.51,456.04,3389.0
211.51,456.05,1785.0
211.51,456.08,1700.0
211.52,456.1,3257.0
211.52,456.1,2795.0
211.52,456.11,2499.0
211.53,456.11,2604.0
211.53,456.13,1126.0
211.53,456.15,1189.0
211.53,456.17,1232.0
211.54,456.19,1242.0
211.54,456.21,1263.0
211.54,456.21,1266.0
211.54,456.22,1295.0
211.54,456.25,1301.0
211.55,456.25,1324.0
211.56,456.25,1324.0
211.56,456.27,1328.0
211.56,456.27,1331.0
211.57,456.28,1332.0
211.57,456.28,1342.0
211.57,456.28,1342.0
211.57,456.28,1343.0
211.57,456.29,1352.0
211.57,456.29,1374.0
211.57,456.3,1396.0
211.57,456.32,1402.0
211.58,456.32,1409.0
211.58,456.32,1412.0
211.58,456.32,1413.0
211.58,456.33,1414.0
211.58,456.34,1418.0
211.59,456.36,1419.0
211.59,456.37,1443.0
211.59,456.37,1444.0
211.6,456.38,1451.0
211.6,456.38,1451.0
211.6,456.39,1460.0
211.6,456.4,1461.0
211.6,456.4,1462.0
211.6,456.42,1463.0
211.61,456.43,1464.0
211.61,456.44,1471.0
211.61,456.44,1471.0
211.61,456.44,1473.0
211.61,456.46,1478.0
211.61,456.47,1511.0
211.62,456.47,1587.0
211.62,456.48,1588.0
211.62,456.49,1600.0
211.63,456.52,1609.0
211.63,456.53,1617.0
211.63,456.53,1638.0
211.64,456.53,1652.0
211.64,456.54,1656.0
211.64,456.55,1661.0
211.64,456.55,1670.0
211.64,456.55,1670.0
211.65,456.56,1676.0
211.65,456.58,1691.0
211.66,456.58,1707.0
211.66,456.59,1712.0
211.67,456.59,1741.0
211.67,456.6,1744.0
211.67,456.6,1750.0
211.68,456.61,1752.0
211.68,456.62,1760.0
211.68,456.62,1765.0
211.69,456.63,1772.0
211.69,456.64,1790.0
211.7,456.66,1795.0
211.7,456.66,1796.0
211.7,456.68,1809.0
211.7,456.68,1820.0
211.7,456.68,1825.0
211.7,456.68,1837.0
211.7,456.69,1869.0
211.71,456.69,1872.0
211.71,456.69,1874.0
211.71,456.7,1896.0
211.72,456.7,1899.0
211.72,456.71,1900.0
211.72,456.71,1913.0
211.73,456.72,1924.0
211.74,456.73,1926.0
211.74,456.74,1947.0
211.74,456.74,1962.0
211.74,456.75,1965.0
211.75,456.76,1979.0
211.75,456.76,1988.0
211.76,456.76,2004.0
211.76,456.77,2006.0
211.76,456.78,2024.0
211.76,456.78,2027.0
211.76,456.79,2028.0
211.76,456.79,2038.0
211.77,456.8,2067.0
211.77,456.81,2075.0
211.77,456.81,2095.0
211.77,456.81,2101.0
211.78,456.81,2107.0
211.78,456.82,2108.0
211.78,456.83,2136.0
211.78,456.83,2139.0
211.78,456.84,2157.0
211.79,456.84,2158.0
211.79,456.85,2162.0
211.79,456.85,2167.0
211.8,456.85,2171.0
211.8,456.87,2175.0
211.8,456.88,2182.0
211.8,456.89,2195.0
211.81,456.89,2200.0
211.81,456.89,2255.0
211.81,456.9,2255.0
211.81,456.91,2256.0
211.81,456.94,2282.0
211.81,456.95,2284.0
211.82,456.96,2285.0
211.82,456.97,2302.0
211.82,456.97,2303.0
211.83,456.98,2349.0
211.83,456.98,2379.0
211.84,456.98,2380.0
211.84,457.0,2380.0
211.85,457.01,2385.0
211.85,457.02,2420.0
211.85,457.03,2445.0
211.85,457.04,2469.0
211.86,457.05,2475.0
211.86,457.05,2506.0
211.86,457.05,2516.0
211.86,457.05,2519.0
211.87,457.08,2525.0
211.87,457.09,2534.0
211.87,457.12,2595.0
211.87,457.12,2624.0
211.87,457.12,2633.0
211.88,457.14,2659.0
211.88,457.14,2682.0
211.89,457.15,2714.0
211.89,457.15,2719.0
211.89,457.16,2750.0
211.89,457.16,2763.0
211.9,457.18,2810.0
211.9,457.18,2878.0
211.9,457.18,2893.0
211.9,457.19,2893.0
211.9,457.21,2896.0
211.9,457.22,2985.0
211.91,457.23,3038.0
211.91,457.23,3043.0
211.91,457.24,3044.0
211.91,457.27,3072.0
211.91,457.28,3073.0
211.92,457.3,3090.0
211.92,457.3,3095.0
211.92,457.31,3102.0
211.93,457.32,3107.0
211.93,457.32,3116.0
211.94,457.32,3175.0
211.94,457.33,3178.0
211.94,457.33,3193.0
211.94,457.34,3197.0
211.94,457.34,3212.0
211.94,457.35,3236.0
211.95,457.36,3237.0
211.95,457.37,3238.0
211.95,457.38,3312.0
211.95,457.39,3313.0
211.95,457.39,3324.0
211.95,457.4,3325.0
211.96,457.4,3354.0
211.96,457.4,3465.0
211.96,457.41,3466.0
211.96,457.41,3466.0
211.96,457.42,3469.0
211.96,457.43,3494.0
211.96,457.43,3497.0
211.96,457.44,3517.0
211.96,457.44,3517.0
211.97,457.46,3518.0
211.97,457.47,3527.0
211.97,457.48,3530.0
211.97,457.48,3538.0
211.97,457.49,3563.0
211.97,457.49,3564.0
211.97,457.49,3569.0
211.98,457.5,3574.0
211.98,457.5,3579.0
211.98,457.5,3584.0
211.98,457.5,3591.0
211.98,457.51,3592.0
211.99,457.51,3613.0
211.99,457.52,3613.0
212.0,457.53,3669.0
212.0,457.53,3679.0
212.0,457.56,3680.0
212.0,457.56,3762.0
212.0,457.56,3821.0
212.0,457.57,3876.0
212.01,457.57,3895.0
212.01,457.58,3906.0
212.01,457.6,4360.0
212.01,457.6,4365.0
212.01,457.62,1157.0
212.01,457.62,1161.0
212.01,457.63,1210.0
212.02,457.64,1357.0
212.02,457.64,1373.0
212.02,457.64,1413.0
212.03,457.65,1415.0
212.03,457.65,1433.0
212.03,457.65,1438.0
212.03,457.66,1518.0
212.03,457.68,1526.0
212.03,457.68,1553.0
212.03,457.68,1572.0
212.03,457.69,1593.0
212.04,457.69,1627.0
212.04,457.69,1637.0
212.04,457.69,1624.0
212.05,457.7,1684.0
212.05,457.7,1725.0
212.05,457.7,1728.0
212.06,457.7,1726.0
212.06,457.72,1761.0
212.06,457.72,1744.0
212.06,457.73,1801.0
212.06,457.73,1839.0
212.06,457.73,1848.0
212.07,457.73,1866.0
212.07,457.74,1931.0
212.08,457.74,1920.0
212.08,457.76,1969.0
212.08,457.76,1990.0
212.08,457.76,2000.0
212.09,457.76,2003.0
212.09,457.77,1989.0
212.09,457.77,2036.0
212.09,457.79,2023.0
212.1,457.8,2073.0
212.1,457.8,2086.0
212.1,457.8,2086.0
212.1,457.82,2109.0
212.1,457.84,2114.0
212.1,457.85,2110.0
212.1,457.85,2132.0
212.1,457.86,2170.0
212.1,457.89,2151.0
212.11,457.9,2156.0
212.11,457.91,2191.0
212.11,457.92,2221.0
212.12,457.93,2282.0
212.12,457.93,2368.0
212.12,457.94,2386.0
212.12,457.95,2387.0
212.13,457.95,2408.0
212.13,457.97,2496.0
212.13,457.97,2521.0
212.13,457.97,2601.0
212.13,457.97,2624.0
212.13,457.98,2658.0
212.13,457.98,2487.0
212.13,457.99,2755.0
212.13,458.0,2769.0
212.13,458.0,2787.0
212.13,458.01,2770.0
212.14,458.03,2768.0
212.14,458.03,2802.0
212.14,458.03,2809.0
212.14,458.06,2873.0
212.14,458.06,2940.0
212.15,458.07,2940.0
212.15,458.07,2949.0
212.15,458.07,2950.0
212.15,458.08,2981.0
212.15,458.08,2996.0
212.15,458.08,3037.0
212.15,458.09,3101.0
212.16,458.09,3186.0
212.16,458.1,3236.0
212.16,458.1,3307.0
212.16,458.1,3320.0
212.16,458.1,3324.0
212.16,458.11,3595.0
212.17,458.11,1454.0
212.17,458.12,1476.0
212.17,458.12,1522.0
212.17,458.14,1541.0
212.17,458.15,1556.0
212.18,458.15,1564.0
212.18,458.15,1567.0
212.18,458.15,1568.0
212.18,458.16,1584.0
212.19,458.16,1588.0
212.19,458.18,1591.0
212.19,458.18,1611.0
212.19,458.18,1675.0
212.19,458.18,1684.0
212.2,458.19,1698.0
212.2,458.19,1732.0
212.2,458.19,1733.0
212.2,458.2,1733.0
212.2,458.2,1737.0
212.2,458.21,1737.0
212.2,458.21,1749.0
212.21,458.21,1754.0
212.21,458.22,1774.0
212.21,458.22,1782.0
212.22,458.24,1791.0
212.22,458.24,1801.0
212.22,458.25,1834.0
212.23,458.25,1856.0
212.23,458.26,1872.0
212.23,458.26,1877.0
212.24,458.26,1882.0
212.24,458.27,1901.0
212.24,458.27,1903.0
212.25,458.28,1911.0
212.26,458.28,1918.0
212.27,458.28,1918.0
212.27,458.3,1923.0
212.27,458.3,1934.0
212.28,458.3,1934.0
212.28,458.3,1936.0
212.28,458.3,1950.0
212.28,458.3,1951.0
212.29,458.31,1964.0
212.29,458.32,1966.0
212.29,458.33,1973.0
212.29,458.33,1974.0
212.3,458.34,1977.0
212.3,458.34,1979.0
212.3,458.35,1982.0
212.3,458.36,1993.0
212.3,458.37,1999.0
212.3,458.37,2002.0
212.3,458.39,2008.0
212.3,458.39,2015.0
212.31,458.4,2016.0
212.31,458.4,2019.0
212.32,458.4,2029.0
212.32,458.41,2038.0
212.33,458.41,2039.0
212.34,458.42,2042.0
212.34,458.43,2046.0
212.34,458.44,2062.0
212.34,458.45,2074.0
212.34,458.45,2079.0
212.34,458.45,2088.0
212.34,458.46,2097.0
212.35,458.47,2100.0
212.35,458.48,2109.0
212.35,458.49,2111.0
212.35,458.5,2111.0
212.35,458.5,2116.0
212.35,458.5,2117.0
212.35,458.5,2124.0
212.36,458.51,2131.0
212.37,458.51,2133.0
212.37,458.53,2140.0
212.37,458.53,2152.0
212.37,458.55,2153.0
212.37,458.55,2158.0
212.37,458.56,2160.0
212.37,458.57,2164.0
212.37,458.57,2171.0
212.37,458.58,2184.0
212.38,458.6,2186.0
212.38,458.6,2192.0
212.38,458.62,2193.0
212.38,458.62,2196.0
212.38,458.62,2202.0
212.39,458.63,2204.0
212.39,458.64,2204.0
212.39,458.64,2212.0
212.39,458.64,2213.0
212.39,458.65,2237.0
212.4,458.65,2239.0
212.4,458.67,2240.0
212.4,458.67,2246.0
212.41,458.67,2255.0
212.41,458.69,2257.0
212.41,458.7,2258.0
212.41,458.7,2258.0
212.42,458.7,2258.0
212.42,458.7,2259.0
212.42,458.71,2259.0
212.42,458.72,2261.0
212.42,458.72,2271.0
212.43,458.72,2273.0
212.43,458.73,2280.0
212.43,458.73,2289.0
212.43,458.73,2290.0
212.43,458.74,2299.0
212.43,458.74,2317.0
212.44,458.75,2322.0
212.44,458.77,2323.0
212.44,458.77,2329.0
212.44,458.77,2336.0
212.44,458.78,2336.0
212.45,458.78,2347.0
212.45,458.78,2349.0
212.45,458.79,2349.0
212.45,458.8,2352.0
212.46,458.8,2358.0
212.46,458.81,2373.0
212.46,458.82,2373.0
212.47,458.82,2377.0
212.47,458.83,2387.0
212.47,458.83,2391.0
212.47,458.83,2397.0
212.47,458.83,2398.0
212.48,458.83,2408.0
212.48,458.84,2414.0
212.48,458.86,2435.0
212.48,458.88,2441.0
212.48,458.88,2442.0
212.49,458.89,2447.0
212.49,458.89,2449.0
212.49,458.9,2450.0
212.49,458.9,2451.0
212.5,458.9,2452.0
212.5,458.9,2452.0
212.5,458.9,2452.0
212.5,458.91,2456.0
212.51,458.92,2464.0
212.51,458.92,2464.0
212.51,458.92,2466.0
212.51,458.93,2466.0
212.52,458.93,2468.0
212.52,458.95,2470.0
212.52,458.95,2474.0
212.52,458.95,2474.0
212.52,458.95,2480.0
212.52,458.96,2482.0
212.53,458.96,2483.0
212.53,458.97,2491.0
212.54,458.97,2494.0
212.54,458.97,2500.0
212.54,458.98,2510.0
212.54,458.98,2511.0
212.55,458.98,2513.0
212.55,458.98,2517.0
212.55,459.0,2517.0
212.55,459.0,2519.0
212.56,459.01,2521.0
212.56,459.02,2531.0
212.56,459.02,2537.0
212.56,459.02,2537.0
212.57,459.02,2537.0
212.57,459.02,2541.0
212.57,459.03,2544.0
212.57,459.03,2555.0
212.57,459.04,2564.0
212.57,459.05,2565.0
212.57,459.05,2575.0
212.58,459.05,2592.0
212.58,459.07,2599.0
212.58,459.08,2616.0
212.58,459.08,2618.0
212.58,459.08,2625.0
212.59,459.09,2629.0
212.59,459.09,2632.0
212.59,459.1,2636.0
212.59,459.1,2645.0
212.59,459.1,2645.0
212.59,459.11,2666.0
212.59,459.12,2676.0
212.6,459.12,2677.0
212.6,459.12,2679.0
212.6,459.13,2694.0
212.6,459.15,2694.0
212.6,459.16,2699.0
212.6,459.16,2701.0
212.6,459.17,2714.0
212.61,459.17,2715.0
212.61,459.18,2734.0
212.61,459.19,2735.0
212.62,459.19,2735.0
212.62,459.19,2744.0
212.62,459.2,2759.0
212.63,459.21,2760.0
212.63,459.22,2765.0
212.63,459.22,2765.0
212.63,459.22,2766.0
212.64,459.22,2766.0
212.64,459.22,2767.0
212.65,459.22,2770.0
212.65,459.23,2796.0
212.65,459.23,2799.0
212.65,459.24,2801.0
212.66,459.24,2819.0
212.66,459.25,2820.0
212.66,459.25,2822.0
212.67,459.25,2825.0
212.67,459.27,2835.0
212.67,459.27,2835.0
212.67,459.27,2836.0
212.67,459.28,2842.0
212.67,459.28,2857.0
212.68,459.28,2858.0
212.68,459.29,2859.0
212.68,459.29,2859.0
212.68,459.29,2860.0
212.68,459.3,2861.0
212.68,459.3,2861.0
212.68,459.3,2870.0
212.68,459.3,2873.0
212.69,459.31,2873.0
212.69,459.32,2875.0
212.69,459.32,2875.0
212.69,459.34,2901.0
212.69,459.38,2902.0
212.69,459.38,2913.0
212.69,459.38,2916.0
212.7,459.39,2919.0
212.7,459.4,2932.0
212.7,459.4,2938.0
212.7,459.4,2941.0
212.7,459.4,2941.0
212.7,459.4,2958.0
212.7,459.41,2958.0
212.7,459.41,2958.0
212.7,459.42,2971.0
212.71,459.43,2982.0
212.71,459.43,2982.0
212.71,459.43,2986.0
212.71,459.43,2987.0
212.71,459.44,2997.0
212.71,459.45,3012.0
212.71,459.45,3015.0
212.72,459.45,3017.0
212.72,459.46,3020.0
212.72,459.47,3026.0
212.72,459.48,3027.0
212.72,459.5,3032.0
212.72,459.5,3034.0
212.73,459.5,3041.0
212.73,459.5,3054.0
212.73,459.5,3059.0
212.73,459.5,3060.0
212.73,459.51,3065.0
212.73,459.51,3068.0
212.73,459.52,3082.0
212.73,459.52,3082.0
212.73,459.52,3083.0
212.74,459.53,3091.0
212.74,459.54,3091.0
212.74,459.55,3108.0
212.74,459.55,3109.0
212.75,459.56,3110.0
212.75,459.57,3129.0
212.75,459.57,3134.0
212.75,459.57,3147.0
212.75,459.58,3169.0
212.75,459.59,3170.0
212.75,459.6,3172.0
212.75,459.6,3184.0
212.76,459.6,3186.0
212.76,459.61,3187.0
212.76,459.61,3204.0
212.76,459.62,3206.0
212.76,459.62,3208.0
212.76,459.63,3210.0
212.77,459.63,3211.0
212.77,459.63,3218.0
212.77,459.63,3238.0
212.77,459.64,3241.0
212.77,459.64,3263.0
212.77,459.65,3268.0
212.78,459.65,3269.0
212.78,459.66,3271.0
212.79,459.69,3271.0
212.79,459.69,3276.0
212.79,459.7,3277.0
212.79,459.7,3291.0
212.8,459.7,3295.0
212.8,459.7,3322.0
212.8,459.7,3328.0
212.8,459.71,3329.0
212.8,459.71,3333.0
212.8,459.72,3360.0
212.81,459.72,3360.0
212.81,459.72,3361.0
212.81,459.73,3365.0
212.81,459.74,3365.0
212.81,459.74,3368.0
212.81,459.75,3374.0
212.81,459.77,3378.0
212.81,459.78,3387.0
212.81,459.78,3396.0
212.81,459.8,3397.0
212.81,459.8,3400.0
212.81,459.8,3412.0
212.81,459.8,3416.0
212.81,459.8,3421.0
212.82,459.81,3422.0
212.82,459.81,3423.0
212.82,459.81,3425.0
212.82,459.82,3429.0
212.82,459.82,3429.0
212.82,459.83,3438.0
212.82,459.84,3440.0
212.82,459.85,3441.0
212.83,459.85,3443.0
212.83,459.86,3451.0
212.83,459.87,3467.0
212.83,459.88,3495.0
212.84,459.88,3496.0
212.84,459.89,3503.0
212.84,459.9,3505.0
212.84,459.91,3513.0
212.84,459.93,3533.0
212.84,459.93,3534.0
212.85,459.94,3535.0
212.85,459.95,3542.0
212.85,459.95,3543.0
212.85,459.96,3544.0
212.85,459.96,3545.0
212.85,459.97,3560.0
212.85,459.97,3560.0
212.85,459.98,3562.0
212.85,459.99,3568.0
212.85,459.99,3588.0
212.85,460.0,3591.0
212.86,460.0,3593.0
212.86,460.0,3594.0
212.86,460.0,3595.0
212.86,460.0,3598.0
212.86,460.0,3599.0
212.86,460.01,3601.0
212.87,460.01,3604.0
212.87,460.01,3673.0
212.87,460.01,3691.0
212.87,460.02,3713.0
212.88,460.02,3714.0
212.88,460.03,3792.0
212.88,460.04,3845.0
212.88,460.05,3846.0
212.88,460.06,3847.0
212.89,460.06,3863.0
212.89,460.06,3864.0
212.89,460.08,3864.0
212.89,460.09,3994.0
212.89,460.09,3996.0
212.89,460.1,3388.0
212.9,460.1,2216.0
212.9,460.1,3145.0
212.9,460.1,2000.0
212.9,460.1,2000.0
212.9,460.11,1427.0
212.9,460.11,1470.0
212.9,460.11,1508.0
212.9,460.11,1532.0
212.9,460.11,1549.0
212.91,460.11,1555.0
212.91,460.13,1555.0
212.91,460.14,1583.0
212.91,460.15,1594.0
212.91,460.15,1598.0
212.92,460.16,1652.0
212.93,460.16,1684.0
212.93,460.16,1732.0
212.93,460.17,1789.0
212.93,460.17,1812.0
212.93,460.18,1816.0
212.93,460.18,1826.0
212.93,460.19,1833.0
212.93,460.2,1864.0
212.93,460.2,1884.0
212.93,460.2,1888.0
212.93,460.2,1907.0
212.93,460.21,1917.0
212.93,460.21,1924.0
212.94,460.21,1939.0
212.94,460.21,1958.0
212.94,460.22,1965.0
212.94,460.22,1966.0
212.94,460.24,1988.0
212.94,460.24,1992.0
212.94,460.25,2015.0
212.94,460.25,2021.0
212.94,460.26,2031.0
212.94,460.26,2056.0
212.94,460.28,2069.0
212.94,460.28,2071.0
212.94,460.28,2079.0
212.94,460.29,2079.0
212.95,460.3,2104.0
212.95,460.3,2107.0
212.95,460.3,2108.0
212.95,460.3,2109.0
212.95,460.3,2120.0
212.95,460.3,2123.0
212.95,460.3,2141.0
212.96,460.3,2149.0
212.96,460.31,2152.0
212.96,460.31,2157.0
212.96,460.31,2165.0
212.96,460.34,2167.0
212.97,460.34,2169.0
212.97,460.34,2178.0
212.97,460.34,2178.0
212.97,460.35,2180.0
212.97,460.36,2184.0
212.97,460.36,2190.0
212.97,460.37,2192.0
212.97,460.37,2194.0
212.97,460.39,2202.0
212.98,460.39,2212.0
212.98,460.39,2213.0
212.98,460.39,2222.0
212.98,460.4,2223.0
212.98,460.41,2223.0
212.98,460.42,2228.0
212.98,460.43,2229.0
212.98,460.43,2233.0
212.99,460.44,2235.0
212.99,460.44,2253.0
212.99,460.46,2253.0
212.99,460.46,2259.0
213.0,460.47,2266.0
213.0,460.47,2278.0
213.0,460.48,2284.0
213.0,460.49,2287.0
213.0,460.49,2287.0
213.0,460.49,2315.0
213.0,460.49,2316.0
213.01,460.49,2317.0
213.01,460.49,2318.0
213.01,460.49,2318.0
213.01,460.49,2327.0
213.01,460.52,2329.0
213.01,460.52,2330.0
213.01,460.55,2333.0
213.01,460.56,2334.0
213.02,460.56,2337.0
213.02,460.56,2337.0
213.02,460.57,2340.0
213.02,460.58,2340.0
213.02,460.58,2341.0
213.02,460.59,2342.0
213.02,460.6,2346.0
213.03,460.62,2349.0
213.03,460.62,2350.0
213.03,460.62,2364.0
213.03,460.63,2368.0
213.03,460.64,2370.0
213.04,460.64,2371.0
213.04,460.65,2371.0
213.04,460.66,2372.0
213.04,460.67,2373.0
213.04,460.67,2374.0
213.04,460.67,2374.0
213.04,460.68,2375.0
213.04,460.69,2380.0
213.04,460.7,2392.0
213.04,460.7,2393.0
213.05,460.71,2393.0
213.05,460.72,2394.0
213.05,460.72,2395.0
213.05,460.72,2400.0
213.05,460.73,2400.0
213.05,460.73,2401.0
213.06,460.74,2402.0
213.06,460.74,2403.0
213.06,460.75,2406.0
213.06,460.75,2407.0
213.06,460.75,2407.0
213.06,460.75,2407.0
213.06,460.75,2410.0
213.07,460.76,2413.0
213.07,460.77,2413.0
213.07,460.77,2413.0
213.07,460.78,2415.0
213.08,460.78,2419.0
213.08,460.79,2424.0
213.08,460.79,2430.0
213.08,460.79,2438.0
213.08,460.82,2460.0
213.09,460.82,2470.0
213.09,460.85,2472.0
213.1,460.86,2473.0
213.1,460.86,2474.0
213.1,460.86,2490.0
213.1,460.88,2491.0
213.1,460.89,2493.0
213.1,460.9,2497.0
213.11,460.9,2508.0
213.11,460.9,2520.0
213.11,460.91,2521.0
213.11,460.91,2525.0
213.11,460.92,2542.0
213.11,460.93,2543.0
213.11,460.93,2548.0
213.12,460.93,2551.0
213.12,460.94,2564.0
213.12,460.96,2570.0
213.12,460.96,2573.0
213.12,460.97,2574.0
213.12,460.97,2577.0
213.12,460.97,2578.0
213.12,460.98,2578.0
213.12,460.98,2579.0
213.12,460.98,2581.0
213.12,460.99,2582.0
213.13,461.0,2585.0
213.13,461.0,2592.0
213.13,461.0,2595.0
213.13,461.02,2595.0
213.14,461.02,2597.0
213.14,461.02,2603.0
213.14,461.03,2608.0
213.14,461.03,2621.0
213.14,461.03,2622.0
213.14,461.03,2633.0
213.15,461.04,2633.0
213.15,461.04,2641.0
213.15,461.04,2653.0
213.15,461.05,2654.0
213.15,461.05,2660.0
213.16,461.06,2660.0
213.16,461.06,2662.0
213.16,461.07,2664.0
213.16,461.07,2673.0
213.16,461.08,2676.0
213.16,461.09,2679.0
213.16,461.1,2683.0
213.16,461.1,2685.0
213.16,461.11,2689.0
213.17,461.11,2690.0
213.17,461.12,2691.0
213.17,461.14,2695.0
213.18,461.15,2702.0
213.18,461.16,2708.0
213.18,461.17,2708.0
213.18,461.17,2714.0
213.18,461.18,2719.0
213.18,461.18,2723.0
213.18,461.19,2723.0
213.19,461.19,2727.0
213.19,461.2,2730.0
213.2,461.2,2735.0
213.2,461.2,2736.0
213.2,461.2,2737.0
213.2,461.2,2743.0
213.2,461.2,2755.0
213.2,461.21,2756.0
213.2,461.21,2757.0
213.2,461.21,2758.0
213.2,461.22,2759.0
213.2,461.23,2762.0
213.2,461.24,2768.0
213.2,461.25,2780.0
213.21,461.26,2784.0
213.21,461.26,2789.0
213.21,461.27,2791.0
213.21,461.27,2794.0
213.21,461.27,2795.0
213.21,461.28,2796.0
213.21,461.29,2807.0
213.22,461.3,2809.0
213.22,461.3,2811.0
213.22,461.3,2816.0
213.22,461.3,2817.0
213.22,461.3,2817.0
213.22,461.3,2823.0
213.22,461.3,2829.0
213.22,461.31,2830.0
213.22,461.31,2830.0
213.23,461.31,2834.0
213.23,461.33,2835.0
213.23,461.35,2858.0
213.23,461.35,2858.0
213.23,461.36,2860.0
213.24,461.36,2862.0
213.24,461.37,2862.0
213.24,461.37,2865.0
213.24,461.37,2871.0
213.25,461.38,2872.0
213.25,461.38,2872.0
213.25,461.38,2882.0
213.25,461.38,2885.0
213.25,461.38,2886.0
213.25,461.39,2892.0
213.25,461.4,2907.0
213.26,461.4,2907.0
213.26,461.4,2910.0
213.26,461.4,2913.0
213.26,461.41,2914.0
213.26,461.41,2922.0
213.26,461.41,2930.0
213.27,461.41,2936.0
213.27,461.41,2944.0
213.27,461.42,2944.0
213.27,461.42,2944.0
213.27,461.42,2947.0
213.27,461.42,2949.0
213.27,461.43,2951.0
213.28,461.43,2955.0
213.28,461.44,2957.0
213.28,461.45,2962.0
213.28,461.45,2962.0
213.28,461.46,2962.0
213.28,461.46,2971.0
213.28,461.46,2972.0
213.29,461.48,2976.0
213.29,461.48,2976.0
213.29,461.48,2980.0
213.29,461.49,2980.0
213.29,461.49,2981.0
213.29,461.5,2981.0
213.29,461.5,2984.0
213.3,461.5,2998.0
213.3,461.5,3001.0
213.3,461.5,3003.0
213.3,461.5,3011.0
213.3,461.5,3020.0
213.3,461.51,3024.0
213.3,461.52,3025.0
213.3,461.52,3028.0
213.3,461.53,3031.0
213.3,461.54,3036.0
213.3,461.54,3036.0
213.3,461.54,3043.0
213.3,461.54,3046.0
213.31,461.55,3048.0
213.31,461.55,3054.0
213.31,461.55,3055.0
213.31,461.56,3069.0
213.31,461.56,3070.0
213.31,461.56,3076.0
213.31,461.57,3080.0
213.31,461.57,3085.0
213.32,461.57,3086.0
213.32,461.57,3087.0
213.32,461.59,3089.0
213.32,461.59,3091.0
213.32,461.6,3099.0
213.32,461.6,3102.0
213.32,461.6,3106.0
213.32,461.6,3117.0
213.33,461.6,3117.0
213.33,461.6,3118.0
213.33,461.61,3121.0
213.33,461.61,3124.0
213.33,461.61,3125.0
213.33,461.61,3130.0
213.33,461.62,3134.0
213.33,461.62,3135.0
213.33,461.63,3137.0
213.33,461.64,3142.0
213.33,461.64,3146.0
213.34,461.65,3146.0
213.34,461.67,3149.0
213.34,461.68,3156.0
213.34,461.69,3169.0
213.34,461.69,3173.0
213.34,461.69,3173.0
213.34,461.69,3173.0
213.34,461.71,3174.0
213.34,461.71,3179.0
213.34,461.71,3185.0
213.34,461.72,3190.0
213.34,461.72,3194.0
213.34,461.73,3215.0
213.35,461.73,3215.0
213.35,461.74,3218.0
213.36,461.74,3218.0
213.36,461.74,3219.0
213.36,461.75,3225.0
213.36,461.75,3228.0
213.36,461.76,3232.0
213.36,461.76,3239.0
213.36,461.77,3240.0
213.36,461.78,3250.0
213.37,461.78,3251.0
213.37,461.78,3252.0
213.37,461.78,3255.0
213.37,461.78,3259.0
213.37,461.79,3259.0
213.37,461.79,3266.0
213.37,461.79,3266.0
213.38,461.8,3267.0
213.38,461.8,3267.0
213.38,461.8,3274.0
213.38,461.8,3275.0
213.38,461.8,3279.0
213.38,461.81,3281.0
213.38,461.82,3282.0
213.38,461.83,3285.0
213.38,461.83,3286.0
213.38,461.83,3292.0
213.39,461.83,3309.0
213.39,461.83,3309.0
213.39,461.84,3311.0
213.39,461.84,3314.0
213.39,461.85,3317.0
213.39,461.85,3318.0
213.39,461.86,3323.0
213.39,461.86,3324.0
213.4,461.87,3327.0
213.4,461.87,3328.0
213.4,461.87,3331.0
213.4,461.87,3333.0
213.4,461.88,3334.0
213.4,461.88,3334.0
213.4,461.88,3335.0
213.4,461.89,3338.0
213.4,461.89,3343.0
213.4,461.9,3351.0
213.4,461.9,3352.0
213.4,461.9,3352.0
213.41,461.9,3354.0
213.41,461.9,3369.0
213.41,461.92,3372.0
213.41,461.92,3373.0
213.41,461.92,3373.0
213.41,461.92,3374.0
213.41,461.92,3376.0
213.41,461.93,3379.0
213.41,461.93,3382.0
213.41,461.93,3392.0
213.42,461.94,3395.0
213.42,461.94,3397.0
213.42,461.94,3399.0
213.42,461.95,3400.0
213.42,461.95,3403.0
213.42,461.95,3405.0
213.42,461.95,3408.0
213.42,461.95,3409.0
213.43,461.95,3413.0
213.43,461.97,3414.0
213.43,461.97,3415.0
213.43,461.98,3415.0
213.43,461.98,3417.0
213.43,461.99,3418.0
213.43,461.99,3419.0
213.43,462.0,3422.0
213.44,462.0,3424.0
213.44,462.0,3425.0
213.44,462.0,3427.0
213.44,462.0,3436.0
213.45,462.0,3445.0
213.45,462.01,3456.0
213.45,462.02,3463.0
213.45,462.02,3464.0
213.45,462.03,3469.0
213.45,462.04,3471.0
213.45,462.05,3474.0
213.45,462.05,3476.0
213.46,462.05,3483.0
213.46,462.05,3484.0
213.46,462.06,3488.0
213.46,462.06,3490.0
213.46,462.08,3490.0
213.46,462.08,3491.0
213.47,462.08,3492.0
213.47,462.08,3492.0
213.47,462.09,3493.0
213.47,462.1,3495.0
213.47,462.1,3496.0
213.47,462.1,3498.0
213.47,462.1,3500.0
213.47,462.11,3506.0
213.48,462.11,3507.0
213.48,462.11,3512.0
213.48,462.12,3514.0
213.48,462.12,3514.0
213.49,462.13,3515.0
213.49,462.14,3517.0
213.49,462.14,3520.0
213.49,462.14,3520.0
213.5,462.15,3521.0
213.5,462.15,3550.0
213.5,462.15,3552.0
213.5,462.16,3556.0
213.5,462.16,3578.0
213.5,462.16,3579.0
213.5,462.16,3581.0
213.5,462.17,3582.0
213.51,462.18,3584.0
213.51,462.18,3592.0
213.51,462.18,3593.0
213.51,462.19,3604.0
213.51,462.19,3607.0
213.51,462.19,3617.0
213.51,462.19,3625.0
213.51,462.19,3628.0
213.51,462.2,3635.0
213.51,462.2,3639.0
213.51,462.2,3642.0
213.52,462.21,3643.0
213.52,462.21,3652.0
213.52,462.21,3657.0
213.52,462.22,3660.0
213.52,462.22,3661.0
213.52,462.22,3661.0
213.53,462.22,3662.0
213.53,462.23,3663.0
213.53,462.23,3664.0
213.53,462.24,3665.0
213.53,462.24,3666.0
213.53,462.24,3671.0
213.53,462.24,3671.0
213.53,462.24,3676.0
213.53,462.25,3678.0
213.54,462.26,3680.0
213.54,462.26,3698.0
213.54,462.26,3700.0
213.54,462.27,3700.0
213.54,462.27,3703.0
213.54,462.29,3710.0
213.54,462.3,3711.0
213.54,462.3,3717.0
213.54,462.3,3723.0
213.54,462.3,3726.0
213.54,462.3,3726.0
213.55,462.31,3727.0
213.55,462.32,3728.0
213.55,462.32,3733.0
213.55,462.32,3733.0
213.56,462.33,3734.0
213.56,462.35,3736.0
213.56,462.35,3736.0
213.56,462.35,3738.0
213.56,462.36,3738.0
213.56,462.37,3739.0
213.56,462.38,3742.0
213.57,462.38,3742.0
213.57,462.38,3744.0
213.57,462.38,3750.0
213.58,462.39,3751.0
213.58,462.39,3752.0
213.58,462.39,3759.0
213.58,462.4,3776.0
213.58,462.4,3776.0
213.58,462.4,3780.0
213.58,462.4,3784.0
213.58,462.4,3786.0
213.59,462.41,3794.0
213.59,462.41,3799.0
213.59,462.42,3807.0
213.59,462.42,3815.0
213.59,462.42,3827.0
213.59,462.42,3828.0
213.59,462.42,3828.0
213.59,462.43,3828.0
213.59,462.44,3828.0
213.59,462.44,3828.0
213.59,462.45,3830.0
213.59,462.46,3833.0
213.59,462.47,3840.0
213.6,462.47,3857.0
213.6,462.47,3861.0
213.6,462.49,3880.0
213.6,462.49,3890.0
213.6,462.49,3890.0
213.6,462.5,3892.0
213.6,462.5,3893.0
213.6,462.5,3895.0
213.6,462.51,3899.0
213.6,462.51,3902.0
213.6,462.51,3903.0
213.6,462.52,3903.0
213.6,462.52,3903.0
213.61,462.52,3905.0
213.61,462.53,3908.0
213.61,462.53,3912.0
213.61,462.53,3922.0
213.61,462.53,3923.0
213.61,462.54,3924.0
213.61,462.55,3927.0
213.61,462.55,3927.0
213.61,462.55,3928.0
213.61,462.56,3931.0
213.61,462.57,3932.0
213.61,462.57,3935.0
213.61,462.58,3935.0
213.61,462.58,3938.0
213.62,462.58,3940.0
213.62,462.58,3940.0
213.62,462.58,3946.0
213.62,462.59,3950.0
213.62,462.6,3952.0
213.62,462.6,3954.0
213.62,462.6,3958.0
213.63,462.6,3962.0
213.63,462.6,3967.0
213.63,462.6,3971.0
213.63,462.61,3973.0
213.63,462.61,3973.0
213.63,462.62,3976.0
213.64,462.63,3979.0
213.64,462.64,3981.0
213.64,462.64,3984.0
213.64,462.64,4001.0
213.64,462.65,4018.0
213.64,462.65,4020.0
213.64,462.65,4021.0
213.64,462.65,4022.0
213.64,462.66,4023.0
213.64,462.67,4027.0
213.64,462.67,4031.0
213.65,462.68,4035.0
213.65,462.68,4038.0
213.65,462.69,4046.0
213.65,462.69,4051.0
213.65,462.7,4052.0
213.65,462.7,4052.0
213.66,462.71,4059.0
213.66,462.71,4061.0
213.66,462.72,4062.0
213.66,462.72,4063.0
213.66,462.73,4064.0
213.66,462.73,4067.0
213.66,462.75,4067.0
213.66,462.75,4067.0
213.67,462.75,4072.0
213.67,462.76,4073.0
213.67,462.76,4087.0
213.67,462.76,4092.0
213.67,462.76,4092.0
213.67,462.77,4094.0
213.67,462.77,4097.0
213.67,462.78,4098.0
213.67,462.78,4098.0
213.67,462.78,4098.0
213.67,462.8,4101.0
213.67,462.8,4109.0
213.67,462.8,4110.0
213.67,462.8,4112.0
213.67,462.81,4115.0
213.68,462.81,4116.0
213.68,462.81,4119.0
213.68,462.82,4120.0
213.68,462.82,4121.0
213.68,462.82,4122.0
213.68,462.83,4123.0
213.68,462.83,4127.0
213.68,462.83,4127.0
213.68,462.84,4127.0
213.68,462.85,4128.0
213.68,462.85,4128.0
213.69,462.85,4129.0
213.69,462.86,4131.0
213.69,462.86,4136.0
213.69,462.86,4138.0
213.69,462.88,4142.0
213.69,462.88,4142.0
213.69,462.89,4145.0
213.69,462.9,4145.0
213.69,462.9,4152.0
213.69,462.91,4153.0
213.7,462.92,4153.0
213.7,462.92,4163.0
213.7,462.92,4163.0
213.7,462.92,4172.0
213.7,462.93,4184.0
213.7,462.93,4185.0
213.7,462.93,4185.0
213.7,462.93,4186.0
213.7,462.94,4186.0
213.7,462.94,4187.0
213.7,462.94,4196.0
213.7,462.94,4200.0
213.7,462.95,4201.0
213.7,462.95,4203.0
213.7,462.96,4219.0
213.7,462.96,4224.0
213.71,462.96,4225.0
213.71,462.97,4226.0
213.71,462.98,4226.0
213.71,462.98,4230.0
213.71,462.98,4233.0
213.71,462.99,4234.0
213.71,462.99,4241.0
213.71,462.99,4242.0
213.71,462.99,4244.0
213.71,462.99,4246.0
213.71,462.99,4247.0
213.71,463.0,4247.0
213.72,463.0,4249.0
213.72,463.0,4251.0
213.72,463.0,4252.0
213.72,463.0,4253.0
213.72,463.0,4264.0
213.72,463.0,4265.0
213.72,463.0,4266.0
213.73,463.0,4267.0
213.73,463.01,4273.0
213.73,463.01,4279.0
213.73,463.01,4281.0
213.73,463.01,4282.0
213.73,463.01,4292.0
213.73,463.02,4293.0
213.73,463.02,4312.0
213.73,463.03,4314.0
213.73,463.03,4318.0
213.73,463.04,4321.0
213.73,463.04,4321.0
213.74,463.04,4322.0
213.74,463.06,4328.0
213.74,463.07,4329.0
213.74,463.08,4340.0
213.74,463.08,4341.0
213.74,463.09,4345.0
213.74,463.09,4356.0
213.75,463.09,4357.0
213.75,463.1,4357.0
213.75,463.1,4364.0
213.75,463.1,4367.0
213.76,463.1,4368.0
213.76,463.1,4369.0
213.76,463.1,4373.0
213.76,463.11,4376.0
213.76,463.11,4377.0
213.77,463.11,4379.0
213.77,463.12,4384.0
213.77,463.12,4385.0
213.77,463.12,4402.0
213.78,463.13,4403.0
213.78,463.13,4404.0
213.78,463.13,4406.0
213.78,463.14,4407.0
213.78,463.14,4414.0
213.78,463.15,4414.0
213.78,463.15,4415.0
213.78,463.15,4418.0
213.78,463.16,4423.0
213.78,463.17,4433.0
213.78,463.17,4434.0
213.78,463.17,4437.0
213.78,463.18,4437.0
213.78,463.18,4438.0
213.79,463.19,4439.0
213.79,463.2,4441.0
213.79,463.2,4441.0
213.79,463.2,4442.0
213.79,463.2,4443.0
213.79,463.2,4443.0
213.79,463.2,4444.0
213.8,463.2,4452.0
213.8,463.21,4466.0
213.8,463.22,4467.0
213.8,463.22,4471.0
213.8,463.22,4471.0
213.8,463.23,4474.0
213.8,463.23,4476.0
213.8,463.24,4479.0
213.8,463.24,4484.0
213.8,463.24,4485.0
213.8,463.24,4493.0
213.8,463.24,4493.0
213.8,463.25,4500.0
213.81,463.26,4501.0
213.81,463.26,4501.0
213.81,463.26,4502.0
213.81,463.27,4506.0
213.81,463.28,4507.0
213.81,463.28,4508.0
213.81,463.28,4510.0
213.81,463.28,4517.0
213.81,463.28,4518.0
213.82,463.28,4519.0
213.82,463.29,4520.0
213.82,463.3,4530.0
213.82,463.3,4532.0
213.82,463.3,4541.0
213.82,463.3,4544.0
213.82,463.3,4544.0
213.82,463.31,4558.0
213.82,463.31,4577.0
213.83,463.31,4580.0
213.83,463.32,4580.0
213.83,463.32,4583.0
213.83,463.33,4584.0
213.83,463.33,4585.0
213.83,463.34,4585.0
213.83,463.35,4586.0
213.84,463.35,4588.0
213.84,463.36,4621.0
213.84,463.36,4621.0
213.84,463.36,4625.0
213.84,463.37,4627.0
213.84,463.37,4628.0
213.84,463.38,4630.0
213.84,463.38,4634.0
213.84,463.38,4637.0
213.85,463.39,4638.0
213.85,463.39,4661.0
213.85,463.4,4661.0
213.85,463.4,4667.0
213.85,463.4,4676.0
213.85,463.41,4683.0
213.85,463.41,4686.0
213.85,463.42,4689.0
213.85,463.42,4691.0
213.85,463.42,4692.0
213.86,463.42,4703.0
213.86,463.44,1572.0
213.86,463.44,1736.0
213.86,463.45,1847.0
213.86,463.45,1852.0
213.86,463.46,2616.0
213.86,463.46,3130.0
213.86,463.46,1178.0
213.87,463.47,1212.0
213.87,463.47,1239.0
213.87,463.48,1243.0
213.87,463.48,1262.0
213.87,463.48,1287.0
213.87,463.48,1302.0
213.87,463.49,1326.0
213.87,463.5,1341.0
213.87,463.5,1357.0
213.87,463.5,1388.0
213.87,463.5,1411.0
213.88,463.5,1426.0
213.88,463.51,1459.0
213.88,463.51,1495.0
213.88,463.51,1501.0
213.89,463.52,1521.0
213.89,463.53,1524.0
213.89,463.53,1529.0
213.89,463.53,1557.0
213.89,463.54,1560.0
213.89,463.54,1571.0
213.89,463.54,1572.0
213.89,463.56,1597.0
213.89,463.57,1612.0
213.89,463.57,1613.0
213.89,463.57,1624.0
213.89,463.57,1634.0
213.9,463.57,1636.0
213.9,463.57,1638.0
213.9,463.58,1652.0
213.9,463.59,1659.0
213.9,463.59,1661.0
213.9,463.59,1663.0
213.9,463.59,1673.0
213.9,463.6,1677.0
213.9,463.6,1681.0
213.9,463.6,1684.0
213.9,463.6,1699.0
213.9,463.61,1718.0
213.9,463.61,1725.0
213.9,463.62,1730.0
213.91,463.62,1736.0
213.91,463.62,1744.0
213.91,463.63,1750.0
213.91,463.63,1766.0
213.91,463.63,1766.0
213.91,463.63,1767.0
213.91,463.64,1772.0
213.91,463.65,1775.0
213.92,463.65,1776.0
213.92,463.65,1781.0
213.92,463.65,1785.0
213.92,463.66,1786.0
213.92,463.66,1789.0
213.92,463.66,1790.0
213.92,463.67,1795.0
213.92,463.67,1797.0
213.92,463.67,1798.0
213.92,463.67,1810.0
213.92,463.67,1810.0
213.93,463.68,1813.0
213.93,463.69,1817.0
213.93,463.7,1828.0
213.93,463.7,1830.0
213.93,463.7,1836.0
213.93,463.7,1846.0
213.93,463.7,1852.0
213.93,463.71,1852.0
213.93,463.73,1853.0
213.93,463.73,1853.0
213.93,463.73,1877.0
213.94,463.73,1878.0
213.94,463.73,1878.0
213.94,463.74,1880.0
213.94,463.74,1894.0
213.94,463.74,1898.0
213.94,463.75,1910.0
213.94,463.76,1920.0
213.94,463.76,1923.0
213.95,463.76,1923.0
213.95,463.76,1928.0
213.95,463.77,1932.0
213.95,463.77,1941.0
213.95,463.78,1949.0
213.95,463.79,1965.0
213.95,463.79,1974.0
213.95,463.79,1976.0
213.95,463.79,1983.0
213.95,463.8,1985.0
213.95,463.8,1995.0
213.96,463.81,2010.0
213.96,463.81,2012.0
213.96,463.81,2016.0
213.96,463.82,2026.0
213.96,463.82,2036.0
213.96,463.82,2065.0
213.96,463.82,2080.0
213.96,463.83,2084.0
213.96,463.84,2085.0
213.96,463.84,2086.0
213.96,463.84,2094.0
213.96,463.84,2096.0
213.96,463.85,2105.0
213.97,463.85,2112.0
213.97,463.85,2147.0
213.97,463.85,2157.0
213.97,463.86,2174.0
213.97,463.86,2184.0
213.97,463.87,2192.0
213.97,463.88,2207.0
213.97,463.88,2213.0
213.98,463.88,2215.0
213.98,463.89,2223.0
213.98,463.89,2225.0
213.98,463.89,2225.0
213.98,463.9,2228.0
213.98,463.9,2230.0
213.98,463.9,2231.0
213.98,463.9,2246.0
213.99,463.9,2248.0
213.99,463.91,2282.0
213.99,463.92,2286.0
213.99,463.92,2288.0
213.99,463.93,2300.0
213.99,463.93,2316.0
213.99,463.94,2316.0
213.99,463.94,2332.0
213.99,463.94,2334.0
213.99,463.94,2337.0
213.99,463.94,2352.0
213.99,463.94,2363.0
213.99,463.95,2363.0
213.99,463.95,2372.0
213.99,463.95,2376.0
213.99,463.95,2414.0
213.99,463.96,2415.0
213.99,463.96,2415.0
213.99,463.97,2417.0
213.99,463.97,2427.0
214.0,463.98,2483.0
214.0,463.98,2524.0
214.0,463.98,2536.0
214.0,463.98,2543.0
214.0,463.98,2544.0
214.0,463.99,2555.0
214.0,463.99,2556.0
214.0,463.99,2570.0
214.0,464.0,2575.0
214.0,464.0,2589.0
214.0,464.0,2589.0
214.0,464.01,2597.0
214.0,464.01,2614.0
214.0,464.01,2615.0
214.0,464.01,2615.0
214.0,464.02,2615.0
214.0,464.03,2615.0
214.01,464.04,2615.0
214.01,464.04,2615.0
214.01,464.04,2618.0
214.01,464.05,2624.0
214.01,464.05,2630.0
214.01,464.06,2657.0
214.01,464.06,2658.0
214.01,464.06,2663.0
214.01,464.06,2674.0
214.01,464.07,2708.0
214.02,464.07,2773.0
214.02,464.07,2793.0
214.02,464.07,2808.0
214.02,464.08,2808.0
214.02,464.08,2808.0
214.02,464.08,2813.0
214.02,464.08,2821.0
214.02,464.09,2904.0
214.03,464.1,2969.0
214.03,464.1,2984.0
214.03,464.1,2984.0
214.03,464.1,2989.0
214.03,464.11,2995.0
214.03,464.12,2995.0
214.03,464.12,3018.0
214.03,464.12,3049.0
214.03,464.12,3060.0
214.04,464.13,3061.0
214.04,464.13,3061.0
214.04,464.14,3084.0
214.04,464.14,3085.0
214.04,464.15,3085.0
214.04,464.15,3085.0
214.04,464.15,3145.0
214.04,464.15,3146.0
214.05,464.16,3147.0
214.05,464.16,3228.0
214.05,464.16,3451.0
214.05,464.17,3541.0
214.05,464.17,3542.0
214.05,464.18,967.0
214.05,464.19,1048.0
214.05,464.19,1053.0
214.05,464.2,1151.0
214.05,464.2,1245.0
214.05,464.2,1253.0
214.05,464.2,1299.0
214.05,464.2,1317.0
214.05,464.2,1390.0
214.05,464.2,1414.0
214.05,464.2,1419.0
214.06,464.2,1480.0
214.06,464.21,1482.0
214.06,464.21,1486.0
214.06,464.21,1488.0
214.06,464.21,1488.0
214.06,464.21,1521.0
214.06,464.23,1551.0
214.06,464.23,1551.0
214.06,464.23,1555.0
214.06,464.23,1570.0
214.06,464.24,1583.0
214.06,464.24,1593.0
214.07,464.24,1615.0
214.07,464.25,1620.0
214.07,464.25,1641.0
214.07,464.26,1657.0
214.08,464.26,1676.0
214.08,464.27,1692.0
214.08,464.27,1700.0
214.08,464.27,1712.0
214.08,464.27,1712.0
214.08,464.28,1722.0
214.08,464.29,1746.0
214.08,464.3,1760.0
214.08,464.3,1763.0
214.08,464.3,1764.0
214.08,464.3,1772.0
214.08,464.3,1782.0
214.08,464.3,1783.0
214.08,464.31,1785.0
214.08,464.32,1785.0
214.09,464.32,1789.0
214.09,464.32,1793.0
214.09,464.33,1809.0
214.09,464.33,1823.0
214.09,464.33,1829.0
214.09,464.33,1830.0
214.09,464.33,1839.0
214.09,464.34,1841.0
214.09,464.34,1851.0
214.09,464.34,1872.0
214.09,464.34,1873.0
214.09,464.36,1874.0
214.09,464.36,1874.0
214.1,464.36,1886.0
214.1,464.36,1891.0
214.1,464.36,1899.0
214.1,464.36,1914.0
214.1,464.36,1918.0
214.1,464.36,1937.0
214.1,464.37,1945.0
214.1,464.37,1947.0
214.1,464.37,1952.0
214.1,464.39,1954.0
214.1,464.39,1962.0
214.1,464.39,1965.0
214.1,464.39,1965.0
214.11,464.4,1973.0
214.11,464.4,1996.0
214.11,464.4,2000.0
214.11,464.4,2032.0
214.11,464.4,2032.0
214.11,464.4,2042.0
214.11,464.4,2051.0
214.11,464.41,2060.0
214.11,464.42,2061.0
214.11,464.42,2064.0
214.11,464.43,2068.0
214.11,464.43,2079.0
214.11,464.43,2093.0
214.12,464.43,2102.0
214.12,464.45,2118.0
214.12,464.45,2119.0
214.12,464.46,2143.0
214.12,464.46,2160.0
214.12,464.47,2162.0
214.12,464.48,2181.0
214.12,464.48,2182.0
214.12,464.49,2189.0
214.12,464.49,2204.0
214.12,464.49,2204.0
214.12,464.5,2210.0
214.13,464.5,2253.0
214.13,464.5,2280.0
214.13,464.51,2326.0
214.13,464.52,2327.0
214.13,464.53,2337.0
214.13,464.53,2344.0
214.13,464.53,2358.0
214.13,464.53,2363.0
214.13,464.53,2394.0
214.13,464.54,2394.0
214.13,464.54,2431.0
214.13,464.55,2445.0
214.13,464.55,2454.0
214.13,464.55,2456.0
214.13,464.55,2461.0
214.13,464.56,2467.0
214.13,464.56,2473.0
214.13,464.56,2477.0
214.13,464.56,2481.0
214.14,464.57,2481.0
214.14,464.57,2492.0
214.14,464.57,2496.0
214.14,464.57,2497.0
214.14,464.58,2498.0
214.14,464.58,2543.0
214.14,464.59,2602.0
214.14,464.59,2608.0
214.14,464.59,2620.0
214.14,464.6,2621.0
214.14,464.6,2652.0
214.15,464.6,2655.0
214.15,464.6,2672.0
214.15,464.6,2683.0
214.15,464.6,2685.0
214.16,464.61,2687.0
214.16,464.61,2713.0
214.16,464.61,2724.0
214.16,464.62,2740.0
214.16,464.62,2799.0
214.16,464.63,2804.0
214.16,464.63,2826.0
214.16,464.63,2862.0
214.16,464.64,2918.0
214.16,464.64,2969.0
214.16,464.65,2993.0
214.16,464.65,3003.0
214.16,464.65,3026.0
214.17,464.65,3028.0
214.17,464.65,3078.0
214.17,464.66,3100.0
214.17,464.66,3108.0
214.17,464.66,3318.0
214.17,464.67,3318.0
214.17,464.67,3396.0
214.17,464.67,3493.0
214.17,464.68,3495.0
214.17,464.68,3562.0
214.18,464.68,3575.0
214.18,464.69,3597.0
214.18,464.7,4176.0
214.18,464.7,1091.0
214.18,464.7,1108.0
214.18,464.7,1277.0
214.18,464.7,1424.0
214.18,464.7,1440.0
214.18,464.7,1508.0
214.18,464.7,1539.0
214.19,464.7,1559.0
214.19,464.71,1584.0
214.19,464.71,1598.0
214.19,464.72,1621.0
214.19,464.73,1622.0
214.19,464.73,1635.0
214.19,464.73,1668.0
214.19,464.73,1691.0
214.19,464.74,1699.0
214.19,464.75,1700.0
214.19,464.76,1730.0
214.19,464.77,1763.0
214.19,464.78,1806.0
214.19,464.78,1808.0
214.2,464.79,1808.0
214.2,464.79,1829.0
214.2,464.79,1829.0
214.2,464.79,1836.0
214.2,464.8,1854.0
214.2,464.8,1876.0
214.2,464.8,1878.0
214.2,464.8,1888.0
214.2,464.8,1907.0
214.2,464.8,1923.0
214.2,464.8,1925.0
214.2,464.8,1951.0
214.21,464.8,1951.0
214.21,464.81,1954.0
214.21,464.82,1955.0
214.21,464.82,1960.0
214.21,464.83,1961.0
214.21,464.83,1971.0
214.21,464.83,1971.0
214.21,464.83,1975.0
214.22,464.83,1979.0
214.22,464.85,1986.0
214.22,464.85,1993.0
214.22,464.85,2018.0
214.22,464.85,2042.0
214.22,464.86,2043.0
214.22,464.86,2056.0
214.22,464.87,2057.0
214.22,464.87,2065.0
214.22,464.87,2065.0
214.23,464.87,2076.0
214.23,464.88,2085.0
214.23,464.88,2099.0
214.23,464.88,2100.0
214.24,464.89,2106.0
214.24,464.89,2107.0
214.24,464.9,2111.0
214.24,464.9,2120.0
214.24,464.9,2121.0
214.24,464.9,2134.0
214.24,464.9,2134.0
214.24,464.9,2135.0
214.24,464.91,2136.0
214.24,464.91,2185.0
214.24,464.91,2212.0
214.24,464.92,2218.0
214.24,464.92,2220.0
214.25,464.92,2220.0
214.25,464.92,2223.0
214.25,464.92,2236.0
214.25,464.93,2267.0
214.25,464.93,2268.0
214.25,464.94,2299.0
214.25,464.94,2311.0
214.25,464.94,2320.0
214.25,464.96,2328.0
214.25,464.96,2338.0
214.26,464.96,2338.0
214.26,464.97,2345.0
214.26,464.97,2352.0
214.26,464.97,2367.0
214.26,464.97,2377.0
214.26,464.98,2379.0
214.26,464.98,2379.0
214.26,464.98,2383.0
214.26,464.99,2392.0
214.26,464.99,2394.0
214.26,464.99,2399.0
214.27,464.99,2415.0
214.27,465.0,2423.0
214.27,465.0,2449.0
214.27,465.0,2493.0
214.27,465.0,2570.0
214.27,465.0,2571.0
214.27,465.0,2615.0
214.27,465.0,2647.0
214.27,465.0,2686.0
214.27,465.01,2693.0
214.27,465.02,2705.0
214.28,465.02,2728.0
214.28,465.02,2731.0
214.28,465.03,2754.0
214.28,465.03,2905.0
214.28,465.03,2928.0
214.28,465.03,2972.0
214.28,465.03,2981.0
214.29,465.03,2989.0
214.29,465.04,3035.0
214.29,465.04,3124.0
214.29,465.04,3138.0
214.29,465.05,3138.0
214.29,465.05,3172.0
214.29,465.05,3238.0
214.29,465.06,3241.0
214.29,465.06,3324.0
214.29,465.06,3405.0
214.29,465.07,3694.0
214.3,465.07,3695.0
214.3,465.08,4601.0
214.3,465.08,1205.0
214.3,465.09,1328.0
214.3,465.09,1426.0
214.3,465.1,1457.0
214.3,465.1,1475.0
214.3,465.1,1531.0
214.3,465.1,1533.0
214.3,465.11,1552.0
214.3,465.11,1582.0
214.3,465.11,1610.0
214.3,465.11,1682.0
214.3,465.11,1687.0
214.3,465.12,1701.0
214.3,465.12,1707.0
214.3,465.12,1721.0
214.3,465.13,1728.0
214.31,465.13,1777.0
214.31,465.14,1780.0
214.31,465.15,1839.0
214.31,465.16,1842.0
214.31,465.16,1842.0
214.31,465.17,1845.0
214.31,465.17,1846.0
214.31,465.17,1860.0
214.31,465.19,1875.0
214.31,465.19,1875.0
214.32,465.2,1903.0
214.32,465.2,1934.0
214.32,465.2,1963.0
214.32,465.2,1981.0
214.32,465.2,1987.0
214.32,465.2,1990.0
214.32,465.2,1990.0
214.32,465.2,1998.0
214.32,465.21,2010.0
214.32,465.21,2019.0
214.32,465.22,2027.0
214.32,465.22,2045.0
214.32,465.22,2049.0
214.32,465.22,2056.0
214.32,465.22,2056.0
214.33,465.23,2084.0
214.33,465.23,2098.0
214.33,465.24,2113.0
214.33,465.24,2152.0
214.33,465.24,2181.0
214.33,465.24,2188.0
214.33,465.25,2203.0
214.33,465.25,2213.0
214.33,465.25,2219.0
214.33,465.26,2226.0
214.33,465.26,2282.0
214.33,465.27,2288.0
214.34,465.27,2295.0
214.34,465.28,2298.0
214.34,465.28,2631.0
214.34,465.28,2740.0
214.34,465.29,2769.0
214.34,465.29,2839.0
214.34,465.3,2839.0
214.34,465.3,2845.0
214.34,465.3,2849.0
214.34,465.3,2951.0
214.34,465.3,2951.0
214.34,465.3,3127.0
214.35,465.31,3268.0
214.35,465.31,3284.0
214.35,465.32,3584.0
214.35,465.32,3671.0
214.35,465.32,3728.0
214.35,465.33,3793.0
214.35,465.33,3920.0
214.35,465.33,3922.0
214.35,465.34,3924.0
214.35,465.34,1093.0
214.35,465.35,1099.0
214.35,465.35,1175.0
214.35,465.35,1195.0
214.35,465.35,1242.0
214.36,465.36,1246.0
214.36,465.36,1279.0
214.36,465.36,1330.0
214.36,465.36,1366.0
214.36,465.37,1392.0
214.36,465.37,1418.0
214.36,465.37,1451.0
214.36,465.38,1467.0
214.36,465.39,1485.0
214.36,465.39,1490.0
214.36,465.39,1505.0
214.36,465.4,1517.0
214.36,465.4,1522.0
214.37,465.4,1586.0
214.37,465.4,1615.0
214.37,465.4,1689.0
214.37,465.4,1691.0
214.37,465.4,1701.0
214.37,465.4,1719.0
214.37,465.4,1718.0
214.37,465.4,1792.0
214.37,465.4,1811.0
214.37,465.41,1811.0
214.37,465.41,1856.0
214.37,465.41,1880.0
214.37,465.41,1902.0
214.37,465.41,1909.0
214.37,465.42,1970.0
214.37,465.42,2009.0
214.38,465.43,2060.0
214.38,465.43,2069.0
214.38,465.44,2158.0
214.38,465.44,2209.0
214.38,465.44,2210.0
214.38,465.45,2267.0
214.38,465.45,2329.0
214.38,465.45,2331.0
214.38,465.45,2377.0
214.39,465.45,2484.0
214.39,465.46,2543.0
214.39,465.46,2731.0
214.39,465.46,3094.0
214.39,465.46,3679.0
214.39,465.47,4016.0
214.39,465.47,1317.0
214.39,465.47,1374.0
214.39,465.48,1384.0
214.39,465.49,1387.0
214.39,465.49,1479.0
214.39,465.5,1484.0
214.39,465.5,1510.0
214.4,465.5,1543.0
214.4,465.5,1549.0
214.4,465.5,1549.0
214.4,465.5,1568.0
214.4,465.5,1570.0
214.4,465.5,1581.0
214.4,465.5,1584.0
214.4,465.51,1595.0
214.4,465.51,1716.0
214.4,465.51,1903.0
214.4,465.52,1910.0
214.4,465.52,1976.0
214.4,465.52,2013.0
214.4,465.53,2027.0
214.4,465.53,2034.0
214.4,465.53,2038.0
214.4,465.53,2041.0
214.4,465.53,2046.0
214.41,465.55,2069.0
214.41,465.55,2071.0
214.41,465.55,2073.0
214.41,465.57,2115.0
214.41,465.57,2120.0
214.41,465.57,2121.0
214.41,465.58,2124.0
214.41,465.58,2181.0
214.41,465.58,2181.0
214.41,465.59,2235.0
214.41,465.59,2236.0
214.42,465.59,2272.0
214.42,465.59,2294.0
214.42,465.6,2382.0
214.42,465.6,2382.0
214.42,465.6,2383.0
214.42,465.6,2439.0
214.42,465.6,2442.0
214.43,465.6,2444.0
214.43,465.6,2466.0
214.43,465.61,2466.0
214.43,465.61,2484.0
214.43,465.61,2502.0
214.43,465.62,2546.0
214.43,465.63,2591.0
214.43,465.63,2667.0
214.43,465.63,2686.0
214.43,465.63,2716.0
214.43,465.64,2742.0
214.43,465.64,2742.0
214.43,465.64,2759.0
214.43,465.65,2761.0
214.43,465.65,2768.0
214.43,465.65,2768.0
214.44,465.66,2828.0
214.44,465.66,2846.0
214.44,465.67,2848.0
214.44,465.68,2849.0
214.44,465.68,2852.0
214.44,465.7,2896.0
214.44,465.7,2928.0
214.44,465.7,2968.0
214.44,465.7,3087.0
214.44,465.7,3105.0
214.44,465.7,3158.0
214.44,465.7,3302.0
214.44,465.71,3441.0
214.44,465.72,3443.0
214.45,465.73,3449.0
214.45,465.73,3450.0
214.45,465.74,3481.0
214.45,465.74,3482.0
214.45,465.75,3697.0
214.45,465.75,3697.0
214.45,465.75,4321.0
214.45,465.75,4481.0
214.45,465.76,4520.0
214.45,465.76,4522.0
214.45,465.76,3460.0
214.46,465.76,4082.0
214.46,465.76,4572.0
214.46,465.77,4692.0
214.46,465.77,4693.0
214.46,465.77,5167.0
214.46,465.77,5200.0
214.46,465.78,5900.0
214.46,465.78,5906.0
214.46,465.78,6218.0
214.46,465.78,6525.0
214.46,465.78,6613.0
214.46,465.79,6614.0
214.47,465.79,6652.0
214.47,465.8,6705.0
214.47,465.8,6737.0
214.47,465.8,6822.0
214.47,465.8,7434.0
214.47,465.8,7925.0
214.47,465.8,7592.0
214.47,465.8,8282.0
214.47,465.8,8296.0
214.47,465.81,8970.0
214.47,465.81,9427.0
214.47,465.81,9498.0
214.47,465.82,9592.0
214.47,465.82,10028.0
214.47,465.82,10036.0
214.48,465.82,10936.0
214.48,465.82,10941.0
214.48,465.83,10948.0
214.48,465.83,11589.0
214.48,465.84,11726.0
214.48,465.84,11814.0
214.48,465.85,11881.0
214.48,465.85,12016.0
214.48,465.85,12475.0
214.49,465.86,12623.0
214.49,465.86,12625.0
214.49,465.87,12630.0
214.49,465.87,13394.0
214.49,465.87,14162.0
214.49,465.88,14171.0
214.49,465.88,14171.0
214.49,465.88,14172.0
214.49,465.89,14309.0
214.49,465.89,14310.0
214.49,465.89,14311.0
214.49,465.89,14312.0
214.49,465.9,14568.0
214.5,465.9,17464.0
214.5,465.9,19585.0
214.5,465.9,23833.0
214.5,465.9,23835.0
214.5,465.9,1205.0
214.5,465.9,1208.0
214.5,465.9,1236.0
214.5,465.91,1335.0
214.5,465.91,1340.0
214.5,465.91,1406.0
214.5,465.91,1431.0
214.5,465.92,1449.0
214.5,465.92,1503.0
214.5,465.92,1508.0
214.5,465.92,1537.0
214.5,465.93,1585.0
214.5,465.93,1639.0
214.5,465.94,1643.0
214.5,465.94,1678.0
214.5,465.94,1709.0
214.5,465.94,1727.0
214.51,465.95,1735.0
214.51,465.95,1774.0
214.51,465.96,1787.0
214.51,465.96,1849.0
214.51,465.97,1852.0
214.51,465.97,1865.0
214.51,465.97,1869.0
214.51,465.97,1963.0
214.51,465.97,1968.0
214.51,465.97,1969.0
214.51,465.98,1969.0
214.52,465.98,2005.0
214.52,465.98,2010.0
214.52,465.98,2026.0
214.52,465.98,2033.0
214.52,465.99,2038.0
214.52,465.99,2039.0
214.52,466.0,2085.0
214.52,466.0,2085.0
214.52,466.0,2141.0
214.52,466.0,2147.0
214.52,466.0,2163.0
214.52,466.0,2171.0
214.52,466.0,2178.0
214.52,466.0,2200.0
214.52,466.01,2203.0
214.52,466.01,2239.0
214.52,466.01,2239.0
214.52,466.02,2243.0
214.52,466.02,2248.0
214.53,466.02,2257.0
214.53,466.03,2258.0
214.53,466.03,2284.0
214.53,466.03,2291.0
214.53,466.03,2323.0
214.53,466.04,2338.0
214.53,466.04,2351.0
214.53,466.04,2351.0
214.53,466.05,2368.0
214.53,466.05,2385.0
214.53,466.05,2414.0
214.53,466.05,2430.0
214.53,466.06,2446.0
214.53,466.06,2454.0
214.53,466.06,2476.0
214.53,466.06,2566.0
214.53,466.07,2595.0
214.54,466.07,2596.0
214.54,466.07,2644.0
214.54,466.07,2649.0
214.54,466.08,2679.0
214.54,466.08,2689.0
214.54,466.1,2706.0
214.54,466.1,2713.0
214.54,466.1,2714.0
214.54,466.1,2774.0
214.54,466.1,2777.0
214.54,466.1,2780.0
214.54,466.11,2811.0
214.54,466.12,2844.0
214.54,466.12,2958.0
214.55,466.13,3047.0
214.55,466.13,3102.0
214.55,466.14,3261.0
214.55,466.15,3261.0
214.55,466.15,3295.0
214.55,466.15,3296.0
214.55,466.15,1101.0
214.55,466.15,1168.0
214.55,466.16,1182.0
214.55,466.16,1199.0
214.55,466.17,1306.0
214.55,466.17,1318.0
214.55,466.17,1348.0
214.55,466.18,1374.0
214.55,466.18,1377.0
214.55,466.18,1429.0
214.55,466.18,1500.0
214.55,466.18,1517.0
214.55,466.18,1565.0
214.55,466.19,1577.0
214.55,466.2,1608.0
214.56,466.2,1611.0
214.56,466.2,1614.0
214.56,466.2,1628.0
214.56,466.2,1634.0
214.56,466.2,1638.0
214.56,466.2,1649.0
214.56,466.2,1661.0
214.56,466.2,1674.0
214.56,466.2,1692.0
214.56,466.21,1699.0
214.57,466.21,1753.0
214.57,466.21,1753.0
214.57,466.21,1758.0
214.57,466.22,1771.0
214.57,466.22,1776.0
214.57,466.22,1797.0
214.57,466.22,1808.0
214.57,466.22,1808.0
214.57,466.23,1827.0
214.57,466.23,1834.0
214.57,466.24,1843.0
214.57,466.24,1846.0
214.57,466.24,1846.0
214.58,466.24,1849.0
214.58,466.24,1855.0
214.58,466.24,1882.0
214.58,466.25,1889.0
214.58,466.26,1896.0
214.58,466.26,1900.0
214.58,466.26,1901.0
214.58,466.26,1908.0
214.58,466.27,1916.0
214.58,466.27,1925.0
214.58,466.27,1926.0
214.58,466.28,1930.0
214.58,466.28,1931.0
214.58,466.28,1932.0
214.59,466.28,1936.0
214.59,466.28,1936.0
214.59,466.28,1936.0
214.59,466.29,1946.0
214.59,466.29,1960.0
214.59,466.3,1980.0
214.59,466.3,1983.0
214.59,466.3,2000.0
214.59,466.3,2002.0
214.59,466.3,2012.0
214.59,466.3,2021.0
214.59,466.3,2021.0
214.59,466.31,2026.0
214.59,466.31,2027.0
214.59,466.32,2030.0
214.59,466.32,2042.0
214.59,466.32,2066.0
214.6,466.33,2110.0
214.6,466.33,2110.0
214.6,466.33,2113.0
214.6,466.33,2123.0
214.6,466.34,2128.0
214.6,466.34,2141.0
214.6,466.34,2142.0
214.6,466.34,2146.0
214.6,466.34,2162.0
214.6,466.34,2169.0
214.6,466.34,2174.0
214.6,466.35,2176.0
214.6,466.36,2179.0
214.6,466.36,2194.0
214.6,466.36,2203.0
214.6,466.37,2206.0
214.6,466.37,2231.0
214.6,466.37,2237.0
214.6,466.37,2241.0
214.6,466.37,2242.0
214.6,466.37,2246.0
214.6,466.38,2258.0
214.6,466.38,2260.0
214.61,466.38,2265.0
214.61,466.39,2274.0
214.61,466.39,2277.0
214.61,466.39,2283.0
214.61,466.39,2290.0
214.61,466.39,2308.0
214.61,466.4,2330.0
214.61,466.4,2334.0
214.61,466.4,2336.0
214.61,466.4,2338.0
214.61,466.4,2346.0
214.62,466.4,2346.0
214.62,466.41,2361.0
214.62,466.41,2368.0
214.62,466.42,2376.0
214.62,466.42,2388.0
214.62,466.42,2411.0
214.62,466.42,2415.0
214.63,466.42,2416.0
214.63,466.43,2418.0
214.63,466.45,2421.0
214.63,466.45,2424.0
214.63,466.46,2426.0
214.63,466.46,2432.0
214.63,466.47,2465.0
214.63,466.47,2473.0
214.63,466.47,2555.0
214.63,466.48,2633.0
214.63,466.48,2636.0
214.63,466.49,2639.0
214.63,466.49,2648.0
214.63,466.49,2648.0
214.63,466.49,2663.0
214.63,466.5,2669.0
214.64,466.5,2677.0
214.64,466.5,2687.0
214.64,466.5,2726.0
214.64,466.5,2727.0
214.64,466.51,2728.0
214.64,466.51,2759.0
214.64,466.51,2808.0
214.64,466.51,2810.0
214.64,466.52,2814.0
214.64,466.53,2815.0
214.64,466.53,2826.0
214.64,466.53,2864.0
214.65,466.54,2930.0
214.65,466.54,2932.0
214.65,466.54,2932.0
214.65,466.55,2938.0
214.65,466.55,2941.0
214.65,466.56,2942.0
214.65,466.56,2945.0
214.65,466.57,2946.0
214.65,466.57,2971.0
214.66,466.57,2996.0
214.66,466.57,3034.0
214.66,466.57,3037.0
214.66,466.58,3067.0
214.66,466.58,3069.0
214.66,466.59,3070.0
214.66,466.59,3081.0
214.66,466.59,3177.0
214.66,466.59,3180.0
214.66,466.59,3183.0
214.66,466.59,3249.0
214.67,466.6,3281.0
214.67,466.6,3282.0
214.67,466.6,3290.0
214.67,466.6,3290.0
214.67,466.6,3291.0
214.67,466.6,3295.0
214.67,466.6,3298.0
214.67,466.6,3313.0
214.67,466.6,3315.0
214.67,466.6,3340.0
214.67,466.6,3346.0
214.67,466.61,3350.0
214.67,466.61,3388.0
214.67,466.62,3391.0
214.67,466.62,3469.0
214.67,466.62,3481.0
214.67,466.62,3546.0
214.68,466.62,3550.0
214.68,466.63,3554.0
214.68,466.63,3567.0
214.68,466.63,3662.0
214.68,466.63,3665.0
214.68,466.64,3666.0
214.68,466.65,3784.0
214.68,466.65,4071.0
214.68,466.66,4079.0
214.68,466.66,4394.0
214.68,466.66,4396.0
214.68,466.66,4461.0
214.68,466.67,7801.0
214.69,466.67,8020.0
214.69,466.67,8631.0
214.69,466.67,9244.0
214.69,466.67,9309.0
214.69,466.68,9467.0
214.69,466.69,10293.0
214.69,466.69,10420.0
214.69,466.69,10475.0
214.69,466.69,11371.0
214.69,466.69,11421.0
214.69,466.69,11456.0
214.7,466.7,11560.0
214.7,466.7,11858.0
214.7,466.7,11918.0
214.7,466.7,12162.0
214.7,466.7,12873.0
214.7,466.7,13363.0
214.7,466.7,13376.0
214.7,466.71,16494.0
214.7,466.71,16494.0
214.7,466.71,16501.0
214.7,466.71,16501.0
214.7,466.72,16503.0
214.7,466.72,16937.0
214.7,466.72,15286.0
214.7,466.72,18559.0
214.7,466.72,24105.0
214.7,466.73,1020.0
214.7,466.73,1130.0
214.7,466.74,1163.0
214.7,466.74,1268.0
214.7,466.74,1303.0
214.7,466.75,1304.0
214.7,466.75,1326.0
214.7,466.76,1392.0
214.7,466.76,1417.0
214.71,466.76,1437.0
214.71,466.76,1441.0
214.71,466.77,1450.0
214.71,466.77,1473.0
214.71,466.77,1492.0
214.71,466.79,1493.0
214.71,466.79,1509.0
214.71,466.79,1528.0
214.71,466.79,1530.0
214.71,466.79,1530.0
214.72,466.8,1531.0
214.72,466.8,1586.0
214.72,466.8,1633.0
214.72,466.8,1637.0
214.72,466.8,1646.0
214.72,466.8,1654.0
214.72,466.8,1668.0
214.72,466.8,1671.0
214.72,466.8,1678.0
214.72,466.8,1685.0
214.72,466.81,1700.0
214.72,466.82,1705.0
214.72,466.82,1712.0
214.72,466.82,1760.0
214.73,466.82,1767.0
214.73,466.82,1771.0
214.73,466.83,1771.0
214.73,466.83,1787.0
214.73,466.83,1820.0
214.73,466.83,1822.0
214.73,466.84,1841.0
214.74,466.84,1842.0
214.74,466.84,1889.0
214.74,466.85,1898.0
214.74,466.85,1904.0
214.74,466.86,1911.0
214.74,466.86,1915.0
214.74,466.86,1917.0
214.74,466.86,1925.0
214.74,466.86,1928.0
214.74,466.86,1940.0
214.74,466.87,1940.0
214.74,466.87,1948.0
214.75,466.87,1964.0
214.75,466.87,1999.0
214.75,466.87,2042.0
214.75,466.88,2053.0
214.75,466.88,2058.0
214.75,466.88,2067.0
214.75,466.89,2095.0
214.75,466.89,2112.0
214.75,466.89,2128.0
214.75,466.9,2142.0
214.75,466.9,2145.0
214.75,466.9,2149.0
214.76,466.9,2156.0
214.76,466.9,2162.0
214.76,466.9,2166.0
214.76,466.91,2169.0
214.76,466.91,2179.0
214.76,466.91,2193.0
214.76,466.92,2202.0
214.76,466.92,2213.0
214.76,466.93,2214.0
214.76,466.93,2220.0
214.76,466.93,2237.0
214.76,466.93,2247.0
214.76,466.93,2266.0
214.76,466.94,2294.0
214.76,466.95,2295.0
214.76,466.95,2299.0
214.77,466.95,2301.0
214.77,466.95,2302.0
214.77,466.95,2304.0
214.77,466.95,2341.0
214.77,466.95,2371.0
214.77,466.96,2386.0
214.77,466.96,2392.0
214.77,466.96,2422.0
214.77,466.96,2422.0
214.77,466.96,2540.0
214.77,466.97,2610.0
214.77,466.98,2630.0
214.77,466.99,2653.0
214.77,466.99,2679.0
214.77,466.99,2792.0
214.77,466.99,2796.0
214.77,467.0,2797.0
214.77,467.0,2868.0
214.77,467.0,2873.0
214.78,467.0,2964.0
214.78,467.0,2997.0
214.78,467.0,2997.0
214.78,467.0,3005.0
214.78,467.0,3006.0
214.78,467.01,3020.0
214.78,467.01,3022.0
214.78,467.02,3023.0
214.78,467.02,3026.0
214.78,467.02,3039.0
214.79,467.02,3049.0
214.79,467.02,3113.0
214.79,467.02,3115.0
214.79,467.03,3178.0
214.79,467.03,3317.0
214.79,467.03,3318.0
214.79,467.03,3394.0
214.8,467.03,3395.0
214.8,467.04,3396.0
214.8,467.04,3398.0
214.8,467.04,3423.0
214.8,467.04,3424.0
214.8,467.05,3678.0
214.8,467.05,3684.0
214.8,467.05,4472.0
214.8,467.06,4472.0
214.8,467.06,4486.0
214.8,467.06,1193.0
214.8,467.07,1380.0
214.8,467.07,1390.0
214.8,467.08,1571.0
214.8,467.08,1705.0
214.8,467.08,1770.0
214.8,467.09,1777.0
214.8,467.09,1788.0
214.8,467.09,1798.0
214.8,467.09,1800.0
214.8,467.1,1802.0
214.8,467.1,1809.0
214.8,467.1,1823.0
214.8,467.1,1881.0
214.8,467.11,1961.0
214.8,467.11,2000.0
214.81,467.11,2018.0
214.81,467.12,2129.0
214.81,467.12,2225.0
214.81,467.12,2294.0
214.81,467.12,2331.0
214.81,467.13,2348.0
214.81,467.13,2350.0
214.81,467.13,2353.0
214.81,467.14,2428.0
214.81,467.14,2452.0
214.81,467.14,2477.0
214.81,467.15,2488.0
214.81,467.15,2508.0
214.82,467.16,2520.0
214.82,467.16,2535.0
214.82,467.16,2560.0
214.82,467.16,2577.0
214.82,467.16,2579.0
214.82,467.16,2582.0
214.82,467.16,2584.0
214.82,467.16,2680.0
214.82,467.16,2700.0
214.82,467.17,2725.0
214.82,467.17,2760.0
214.82,467.17,2775.0
214.82,467.17,2793.0
214.82,467.17,2870.0
214.82,467.18,2940.0
214.83,467.18,3024.0
214.83,467.18,3186.0
214.83,467.18,3191.0
214.83,467.19,3204.0
214.83,467.19,3205.0
214.83,467.2,3213.0
214.83,467.2,3213.0
214.83,467.2,3220.0
214.83,467.2,3232.0
214.83,467.2,3482.0
214.83,467.2,3529.0
214.84,467.2,3534.0
214.84,467.21,3683.0
214.84,467.21,3780.0
214.84,467.21,3900.0
214.84,467.22,3967.0
214.84,467.22,3979.0
214.84,467.22,3987.0
214.84,467.22,4225.0
214.84,467.22,4917.0
214.84,467.22,5876.0
214.84,467.23,6480.0
214.84,467.23,7002.0
214.84,467.23,92460.0
214.84,467.23,108240.0
214.85,467.24,122760.0
214.85,467.24,191223.0
214.85,467.24,193920.0
214.85,467.25,203640.0
214.85,467.26,219525.0
214.85,467.26,219525.0
214.85,467.26,3288.0
214.85,467.26,4384.0
214.85,467.26,4523.0
214.85,467.27,4558.0
214.85,467.27,4593.0
214.85,467.27,4752.0
214.85,467.28,6472.0
214.85,467.28,3595.0
214.85,467.28,1621.0
214.85,467.29,1650.0
214.86,467.29,1808.0
214.86,467.29,1818.0
214.86,467.29,1823.0
214.86,467.29,1844.0
214.86,467.3,1862.0
214.86,467.3,1963.0
214.86,467.3,1965.0
214.86,467.3,1973.0
214.86,467.3,1999.0
214.87,467.3,2127.0
214.87,467.31,2250.0
214.87,467.31,2324.0
214.87,467.31,2382.0
214.87,467.31,2469.0
214.87,467.32,2595.0
214.87,467.32,2760.0
214.87,467.33,2887.0
214.87,467.33,2940.0
214.87,467.33,2940.0
214.87,467.34,3139.0
214.88,467.34,3180.0
214.88,467.35,3278.0
214.88,467.35,3337.0
214.88,467.35,3366.0
214.88,467.35,3805.0
214.88,467.36,4716.0
214.88,467.36,5400.0
214.88,467.36,87000.0
214.88,467.36,100260.0
214.88,467.36,167280.0
214.88,467.36,179430.0
214.88,467.36,1036.0
214.88,467.37,1054.0
214.88,467.37,1060.0
214.89,467.37,1060.0
214.89,467.38,1066.0
214.89,467.38,1067.0
214.89,467.39,1076.0
214.89,467.39,1087.0
214.89,467.39,1092.0
214.89,467.4,1100.0
214.89,467.4,1105.0
214.89,467.4,1110.0
214.89,467.4,1111.0
214.89,467.4,1116.0
214.89,467.4,1118.0
214.89,467.4,1121.0
214.89,467.4,1127.0
214.89,467.41,1134.0
214.89,467.42,1141.0
214.89,467.42,1144.0
214.89,467.42,1150.0
214.9,467.42,1165.0
214.9,467.43,1166.0
214.9,467.43,1173.0
214.9,467.43,1175.0
214.9,467.43,1175.0
214.9,467.43,1175.0
214.9,467.44,1176.0
214.9,467.46,1177.0
214.9,467.46,1182.0
214.9,467.46,1182.0
214.9,467.46,1190.0
214.91,467.47,1191.0
214.91,467.47,1191.0
214.91,467.47,1195.0
214.91,467.47,1196.0
214.91,467.47,1199.0
214.91,467.48,1200.0
214.91,467.48,1201.0
214.91,467.48,1212.0
214.91,467.49,1216.0
214.91,467.49,1218.0
214.91,467.49,1224.0
214.91,467.49,1226.0
214.92,467.49,1231.0
214.92,467.49,1232.0
214.92,467.5,1237.0
214.92,467.5,1244.0
214.92,467.5,1247.0
214.92,467.5,1248.0
214.92,467.5,1253.0
214.92,467.5,1261.0
214.92,467.51,1261.0
214.92,467.51,1265.0
214.93,467.51,1275.0
214.93,467.52,1279.0
214.93,467.52,1280.0
214.93,467.52,1281.0
214.93,467.52,1286.0
214.93,467.52,1288.0
214.93,467.53,1288.0
214.93,467.53,1290.0
214.93,467.53,1296.0
214.93,467.53,1300.0
214.94,467.54,1301.0
214.94,467.54,1308.0
214.94,467.54,1312.0
214.94,467.55,1320.0
214.94,467.55,1320.0
214.94,467.56,1327.0
214.94,467.56,1331.0
214.94,467.57,1333.0
214.95,467.58,1340.0
214.95,467.58,1342.0
214.95,467.58,1342.0
214.95,467.58,1343.0
214.95,467.59,1344.0
214.95,467.6,1345.0
214.95,467.6,1347.0
214.95,467.6,1347.0
214.95,467.6,1348.0
214.95,467.6,1350.0
214.95,467.6,1351.0
214.95,467.6,1354.0
214.95,467.61,1354.0
214.95,467.61,1370.0
214.95,467.61,1371.0
214.95,467.61,1373.0
214.96,467.62,1373.0
214.96,467.62,1378.0
214.96,467.63,1378.0
214.96,467.63,1379.0
214.96,467.63,1380.0
214.96,467.64,1381.0
214.96,467.64,1382.0
214.96,467.65,1385.0
214.96,467.65,1388.0
214.96,467.65,1389.0
214.96,467.65,1390.0
214.96,467.65,1390.0
214.96,467.65,1391.0
214.96,467.66,1392.0
214.96,467.66,1393.0
214.96,467.66,1393.0
214.97,467.66,1394.0
214.97,467.67,1394.0
214.97,467.67,1396.0
214.97,467.68,1398.0
214.97,467.68,1400.0
214.97,467.68,1404.0
214.97,467.68,1408.0
214.97,467.68,1408.0
214.97,467.68,1409.0
214.97,467.68,1409.0
214.97,467.69,1410.0
214.97,467.69,1410.0
214.97,467.69,1411.0
214.98,467.69,1415.0
214.98,467.69,1418.0
214.98,467.7,1418.0
214.98,467.7,1419.0
214.98,467.7,1419.0
214.98,467.7,1420.0
214.98,467.7,1422.0
214.98,467.7,1423.0
214.98,467.7,1428.0
214.98,467.7,1429.0
214.99,467.71,1430.0
214.99,467.71,1431.0
214.99,467.71,1432.0
214.99,467.71,1435.0
214.99,467.71,1436.0
214.99,467.72,1436.0
214.99,467.72,1438.0
214.99,467.73,1438.0
214.99,467.73,1438.0
214.99,467.73,1439.0
215.0,467.73,1442.0
215.0,467.73,1443.0
215.0,467.74,1444.0
215.0,467.76,1445.0
215.0,467.76,1446.0
215.0,467.77,1449.0
215.0,467.77,1453.0
215.0,467.77,1458.0
215.0,467.77,1458.0
215.0,467.78,1462.0
215.0,467.78,1463.0
215.0,467.78,1466.0
215.0,467.78,1470.0
215.0,467.78,1471.0
215.0,467.79,1472.0
215.0,467.79,1474.0
215.0,467.79,1474.0
215.0,467.8,1477.0
215.0,467.8,1479.0
215.0,467.8,1482.0
215.0,467.8,1485.0
215.01,467.8,1488.0
215.01,467.8,1490.0
215.01,467.8,1491.0
215.01,467.8,1494.0
215.01,467.8,1494.0
215.01,467.8,1495.0
215.01,467.8,1496.0
215.01,467.8,1498.0
215.02,467.8,1499.0
215.02,467.81,1501.0
215.02,467.81,1501.0
215.02,467.81,1503.0
215.02,467.82,1503.0
215.02,467.82,1504.0
215.02,467.82,1504.0
215.02,467.83,1512.0
215.02,467.83,1512.0
215.02,467.83,1513.0
215.02,467.83,1518.0
215.02,467.84,1526.0
215.02,467.84,1533.0
215.02,467.84,1535.0
215.02,467.85,1535.0
215.02,467.85,1535.0
215.02,467.85,1537.0
215.02,467.85,1539.0
215.03,467.85,1542.0
215.03,467.86,1543.0
215.03,467.86,1546.0
215.03,467.87,1547.0
215.03,467.87,1554.0
215.03,467.87,1557.0
215.03,467.88,1560.0
215.03,467.88,1562.0
215.03,467.88,1562.0
215.04,467.88,1571.0
215.04,467.88,1572.0
215.04,467.88,1575.0
215.04,467.88,1577.0
215.04,467.88,1578.0
215.04,467.88,1579.0
215.04,467.89,1581.0
215.04,467.89,1581.0
215.04,467.9,1585.0
215.04,467.9,1588.0
215.04,467.9,1588.0
215.04,467.9,1590.0
215.04,467.9,1591.0
215.04,467.9,1599.0
215.04,467.91,1604.0
215.04,467.92,1606.0
215.04,467.92,1610.0
215.05,467.92,1610.0
215.05,467.92,1611.0
215.05,467.93,1613.0
215.05,467.93,1613.0
215.05,467.94,1614.0
215.05,467.94,1615.0
215.05,467.95,1616.0
215.05,467.95,1620.0
215.05,467.95,1620.0
215.05,467.95,1621.0
215.05,467.95,1622.0
215.06,467.95,1629.0
215.06,467.95,1629.0
215.06,467.95,1631.0
215.06,467.96,1633.0
215.06,467.96,1634.0
215.06,467.97,1635.0
215.06,467.97,1635.0
215.06,467.97,1637.0
215.06,467.97,1638.0
215.07,467.98,1639.0
215.07,467.98,1642.0
215.07,467.98,1644.0
215.07,467.99,1645.0
215.07,467.99,1646.0
215.07,467.99,1647.0
215.07,467.99,1651.0
215.07,468.0,1653.0
215.07,468.0,1653.0
215.07,468.0,1654.0
215.07,468.0,1654.0
215.07,468.0,1654.0
215.07,468.0,1655.0
215.07,468.0,1661.0
215.07,468.0,1663.0
215.07,468.0,1666.0
215.08,468.0,1666.0
215.08,468.01,1668.0
215.08,468.01,1670.0
215.08,468.01,1671.0
215.08,468.02,1672.0
215.08,468.02,1680.0
215.08,468.02,1681.0
215.08,468.02,1681.0
215.08,468.03,1681.0
215.08,468.03,1684.0
215.08,468.03,1685.0
215.08,468.03,1685.0
215.08,468.03,1687.0
215.09,468.03,1687.0
215.09,468.04,1687.0
215.09,468.04,1688.0
215.09,468.04,1689.0
215.09,468.04,1695.0
215.09,468.04,1698.0
215.09,468.05,1698.0
215.09,468.05,1699.0
215.09,468.06,1701.0
215.09,468.06,1701.0
215.09,468.06,1703.0
215.09,468.07,1705.0
215.09,468.07,1707.0
215.09,468.07,1708.0
215.1,468.07,1708.0
215.1,468.07,1711.0
215.1,468.07,1711.0
215.1,468.08,1712.0
215.1,468.08,1712.0
215.1,468.08,1712.0
215.1,468.08,1712.0
215.1,468.09,1718.0
215.1,468.09,1720.0
215.1,468.09,1721.0
215.1,468.09,1723.0
215.1,468.09,1723.0
215.1,468.1,1724.0
215.1,468.1,1725.0
215.1,468.1,1725.0
215.1,468.1,1727.0
215.1,468.1,1728.0
215.1,468.11,1729.0
215.1,468.12,1732.0
215.11,468.12,1734.0
215.11,468.12,1735.0
215.11,468.12,1735.0
215.11,468.12,1739.0
215.11,468.13,1744.0
215.12,468.13,1747.0
215.12,468.13,1747.0
215.12,468.14,1747.0
215.12,468.14,1748.0
215.12,468.14,1748.0
215.12,468.14,1750.0
215.12,468.14,1752.0
215.12,468.15,1752.0
215.12,468.15,1752.0
215.12,468.15,1752.0
215.12,468.15,1753.0
215.12,468.16,1754.0
215.12,468.16,1758.0
215.12,468.16,1759.0
215.12,468.17,1764.0
215.12,468.17,1764.0
215.12,468.17,1766.0
215.12,468.17,1769.0
215.13,468.17,1769.0
215.13,468.17,1769.0
215.13,468.18,1769.0
215.13,468.18,1770.0
215.13,468.18,1770.0
215.13,468.18,1772.0
215.13,468.18,1774.0
215.13,468.18,1775.0
215.13,468.19,1777.0
215.14,468.19,1778.0
215.14,468.19,1778.0
215.14,468.2,1784.0
215.14,468.2,1785.0
215.14,468.2,1785.0
215.14,468.2,1788.0
215.14,468.2,1790.0
215.14,468.2,1790.0
215.14,468.2,1790.0
215.14,468.2,1791.0
215.14,468.2,1796.0
215.14,468.2,1796.0
215.15,468.2,1797.0
215.15,468.2,1797.0
215.15,468.2,1799.0
215.15,468.2,1800.0
215.15,468.2,1803.0
215.15,468.21,1805.0
215.15,468.21,1806.0
215.15,468.22,1809.0
215.15,468.22,1810.0
215.15,468.22,1810.0
215.15,468.23,1810.0
215.15,468.24,1812.0
215.15,468.24,1813.0
215.15,468.25,1816.0
215.15,468.25,1819.0
215.15,468.26,1819.0
215.15,468.26,1820.0
215.15,468.26,1821.0
215.15,468.27,1823.0
215.16,468.27,1826.0
215.16,468.27,1826.0
215.16,468.27,1829.0
215.16,468.28,1830.0
215.16,468.28,1832.0
215.16,468.28,1836.0
215.16,468.28,1840.0
215.16,468.29,1841.0
215.16,468.29,1844.0
215.16,468.29,1849.0
215.16,468.3,1849.0
215.16,468.3,1850.0
215.16,468.3,1851.0
215.16,468.3,1853.0
215.16,468.3,1854.0
215.16,468.3,1860.0
215.17,468.31,1861.0
215.17,468.31,1865.0
215.17,468.31,1866.0
215.17,468.31,1866.0
215.17,468.32,1867.0
215.17,468.32,1868.0
215.17,468.33,1869.0
215.17,468.33,1872.0
215.17,468.33,1873.0
215.17,468.34,1874.0
215.17,468.35,1879.0
215.17,468.35,1887.0
215.17,468.35,1888.0
215.17,468.35,1892.0
215.17,468.35,1893.0
215.18,468.35,1894.0
215.18,468.36,1895.0
215.18,468.36,1895.0
215.18,468.36,1902.0
215.18,468.37,1908.0
215.18,468.37,1908.0
215.18,468.38,1909.0
215.18,468.38,1911.0
215.18,468.38,1911.0
215.18,468.38,1911.0
215.19,468.38,1912.0
215.19,468.38,1912.0
215.19,468.38,1912.0
215.19,468.39,1913.0
215.19,468.39,1918.0
215.19,468.39,1921.0
215.19,468.4,1922.0
215.19,468.4,1922.0
215.19,468.4,1925.0
215.19,468.4,1927.0
215.19,468.4,1929.0
215.19,468.4,1929.0
215.2,468.4,1931.0
215.2,468.4,1931.0
215.2,468.4,1931.0
215.2,468.4,1932.0
215.2,468.4,1932.0
215.2,468.4,1934.0
215.2,468.4,1936.0
215.2,468.4,1938.0
215.2,468.41,1938.0
215.2,468.41,1939.0
215.2,468.41,1940.0
215.2,468.42,1940.0
215.2,468.42,1944.0
215.2,468.43,1945.0
215.2,468.43,1945.0
215.2,468.43,1945.0
215.2,468.44,1945.0
215.2,468.45,1946.0
215.2,468.45,1950.0
215.2,468.45,1955.0
215.2,468.45,1956.0
215.2,468.45,1960.0
215.2,468.45,1962.0
215.2,468.46,1962.0
215.2,468.46,1962.0
215.2,468.46,1968.0
215.2,468.46,1968.0
215.21,468.46,1969.0
215.21,468.47,1971.0
215.21,468.47,1971.0
215.21,468.47,1979.0
215.21,468.47,1981.0
215.21,468.47,1983.0
215.21,468.47,1986.0
215.21,468.48,1986.0
215.21,468.48,1991.0
215.21,468.48,1992.0
215.21,468.48,1992.0
215.21,468.49,1993.0
215.21,468.49,1993.0
215.21,468.5,1996.0
215.21,468.5,1997.0
215.21,468.5,1998.0
215.21,468.5,2001.0
215.21,468.5,2004.0
215.22,468.5,2004.0
215.22,468.5,2006.0
215.22,468.5,2010.0
215.22,468.5,2010.0
215.22,468.5,2010.0
215.22,468.5,2014.0
215.22,468.5,2014.0
215.22,468.5,2014.0
215.22,468.5,2015.0
215.22,468.5,2017.0
215.22,468.5,2017.0
215.22,468.5,2018.0
215.22,468.5,2021.0
215.22,468.51,2023.0
215.22,468.51,2023.0
215.22,468.51,2024.0
215.23,468.52,2026.0
215.23,468.52,2026.0
215.23,468.53,2026.0
215.23,468.53,2027.0
215.23,468.53,2035.0
215.23,468.53,2037.0
215.23,468.54,2042.0
215.23,468.55,2043.0
215.23,468.55,2047.0
215.23,468.55,2051.0
215.23,468.55,2053.0
215.23,468.56,2055.0
215.23,468.56,2056.0
215.24,468.57,2059.0
215.24,468.57,2059.0
215.24,468.57,2060.0
215.24,468.57,2060.0
215.24,468.58,2070.0
215.24,468.58,2072.0
215.24,468.59,2073.0
215.24,468.59,2074.0
215.24,468.59,2078.0
215.24,468.59,2078.0
215.24,468.59,2079.0
215.24,468.59,2086.0
215.24,468.59,2091.0
215.24,468.59,2103.0
215.24,468.6,2107.0
215.24,468.6,2116.0
215.24,468.6,2119.0
215.24,468.6,2122.0
215.24,468.6,2123.0
215.24,468.6,2127.0
215.24,468.6,2127.0
215.24,468.6,2130.0
215.24,468.6,2133.0
215.25,468.6,2135.0
215.25,468.6,2149.0
215.25,468.6,2150.0
215.25,468.6,2151.0
215.25,468.6,2153.0
215.25,468.61,2155.0
215.25,468.61,2157.0
215.25,468.61,2157.0
215.25,468.62,2158.0
215.25,468.62,2173.0
215.25,468.62,2176.0
215.25,468.62,2176.0
215.25,468.63,2177.0
215.25,468.64,2181.0
215.26,468.64,2181.0
215.26,468.65,2181.0
215.26,468.66,2181.0
215.26,468.66,2183.0
215.26,468.66,2183.0
215.26,468.66,2183.0
215.26,468.67,2184.0
215.26,468.67,2188.0
215.26,468.67,2201.0
215.26,468.69,2207.0
215.26,468.69,2208.0
215.26,468.7,2213.0
215.26,468.7,2216.0
215.26,468.7,2220.0
215.26,468.7,2221.0
215.26,468.7,2222.0
215.26,468.7,2223.0
215.26,468.7,2224.0
215.26,468.7,2227.0
215.26,468.71,2231.0
215.26,468.71,2243.0
215.26,468.71,2244.0
215.27,468.72,2256.0
215.27,468.72,2256.0
215.27,468.72,2258.0
215.27,468.73,2264.0
215.27,468.73,2272.0
215.27,468.73,2273.0
215.27,468.73,2274.0
215.27,468.73,2288.0
215.27,468.73,2289.0
215.27,468.74,2293.0
215.27,468.74,2294.0
215.27,468.74,2294.0
215.27,468.74,2296.0
215.27,468.74,2321.0
215.27,468.75,2322.0
215.27,468.75,2327.0
215.27,468.75,2328.0
215.27,468.76,2329.0
215.27,468.76,2329.0
215.28,468.76,2337.0
215.28,468.76,2340.0
215.28,468.77,2350.0
215.28,468.77,2350.0
215.28,468.78,2352.0
215.28,468.78,2355.0
215.28,468.78,2358.0
215.28,468.78,2358.0
215.28,468.78,2358.0
215.28,468.78,2359.0
215.28,468.79,2363.0
215.28,468.79,2363.0
215.28,468.79,2365.0
215.28,468.79,2380.0
215.28,468.79,2382.0
215.28,468.8,2387.0
215.28,468.8,2390.0
215.28,468.8,2399.0
215.28,468.8,2414.0
215.29,468.8,2416.0
215.29,468.8,2425.0
215.29,468.8,2435.0
215.29,468.8,2436.0
215.29,468.8,2436.0
215.29,468.8,2447.0
215.29,468.8,2448.0
215.29,468.8,2454.0
215.29,468.8,2459.0
215.29,468.8,2462.0
215.29,468.81,2468.0
215.29,468.81,2468.0
215.29,468.81,2475.0
215.29,468.81,2475.0
215.29,468.82,2487.0
215.29,468.82,2494.0
215.29,468.82,2494.0
215.29,468.82,2495.0
215.29,468.83,2502.0
215.29,468.83,2513.0
215.29,468.83,2520.0
215.29,468.84,2527.0
215.3,468.84,2541.0
215.3,468.85,2549.0
215.3,468.85,2557.0
215.3,468.85,2558.0
215.3,468.85,2565.0
215.3,468.86,2568.0
215.3,468.87,2570.0
215.3,468.87,2571.0
215.3,468.88,2572.0
215.3,468.88,2575.0
215.3,468.88,2580.0
215.3,468.88,2586.0
215.3,468.88,2596.0
215.3,468.88,2597.0
215.3,468.9,2598.0
215.3,468.9,2611.0
215.31,468.9,2614.0
215.31,468.9,2620.0
215.31,468.9,2620.0
215.31,468.9,2644.0
215.31,468.9,2647.0
215.31,468.91,2676.0
215.31,468.91,2678.0
215.31,468.91,2679.0
215.31,468.91,2680.0
215.31,468.92,2699.0
215.31,468.92,2717.0
215.31,468.92,2719.0
215.31,468.92,2720.0
215.31,468.92,2722.0
215.31,468.93,2734.0
215.31,468.93,2734.0
215.31,468.94,2750.0
215.31,468.94,2754.0
215.32,468.94,2757.0
215.32,468.94,2764.0
215.32,468.94,2764.0
215.32,468.95,2765.0
215.32,468.95,2767.0
215.32,468.95,2770.0
215.32,468.96,2796.0
215.32,468.96,2798.0
215.32,468.96,2799.0
215.32,468.97,2801.0
215.32,468.97,2853.0
215.32,468.97,2892.0
215.32,468.97,2973.0
215.32,468.97,2973.0
215.32,468.97,2976.0
215.32,468.98,3015.0
215.32,468.98,3015.0
215.32,468.98,3024.0
215.32,468.98,3056.0
215.32,468.98,3092.0
215.33,468.99,3128.0
215.33,468.99,3174.0
215.33,468.99,3174.0
215.33,469.0,3183.0
215.33,469.0,3211.0
215.33,469.0,3231.0
215.34,469.0,3265.0
215.34,469.0,3294.0
215.34,469.0,3294.0
215.34,469.0,3296.0
215.34,469.0,3315.0
215.34,469.0,3317.0
215.34,469.0,3318.0
215.34,469.01,3331.0
215.34,469.01,3399.0
215.34,469.02,3428.0
215.34,469.02,3537.0
215.34,469.02,3573.0
215.35,469.03,3580.0
215.35,469.03,3588.0
215.35,469.03,3615.0
215.35,469.04,3620.0
215.35,469.04,3624.0
215.35,469.04,3634.0
215.35,469.04,3645.0
215.35,469.04,3688.0
215.35,469.05,3688.0
215.35,469.05,3691.0
215.35,469.05,3692.0
215.35,469.05,3791.0
215.35,469.05,5400.0
215.35,469.05,5400.0
215.35,469.06,1303.0
215.35,469.06,1334.0
215.35,469.06,1388.0
215.35,469.07,1426.0
215.35,469.08,1453.0
215.36,469.08,1530.0
215.36,469.09,1583.0
215.36,469.09,1591.0
215.36,469.09,1638.0
215.36,469.09,1638.0
215.36,469.1,1652.0
215.36,469.1,1665.0
215.36,469.1,1681.0
215.36,469.1,1753.0
215.36,469.1,1760.0
215.36,469.1,1763.0
215.36,469.1,1769.0
215.36,469.1,1772.0
215.36,469.1,1778.0
215.36,469.11,1795.0
215.37,469.11,1809.0
215.37,469.11,1821.0
215.37,469.11,1885.0
215.37,469.11,1901.0
215.37,469.12,1912.0
215.37,469.12,1913.0
215.37,469.12,1919.0
215.37,469.13,1931.0
215.37,469.13,1970.0
215.37,469.13,1991.0
215.37,469.13,2009.0
215.37,469.13,2040.0
215.37,469.13,2130.0
215.37,469.13,2151.0
215.37,469.14,2184.0
215.37,469.14,2202.0
215.37,469.14,2202.0
215.37,469.16,2213.0
215.38,469.17,2225.0
215.38,469.17,2227.0
215.38,469.17,2251.0
215.38,469.17,2280.0
215.38,469.17,2321.0
215.38,469.18,2323.0
215.38,469.19,2341.0
215.38,469.19,2353.0
215.38,469.19,2388.0
215.38,469.19,2416.0
215.38,469.19,2431.0
215.38,469.19,2466.0
215.38,469.2,2508.0
215.38,469.2,2511.0
215.39,469.2,2511.0
215.39,469.2,2547.0
215.39,469.2,2577.0
215.39,469.2,2582.0
215.39,469.2,2605.0
215.39,469.2,2607.0
215.39,469.2,2608.0
215.39,469.2,2609.0
215.39,469.2,2674.0
215.39,469.2,2700.0
215.39,469.21,2715.0
215.39,469.21,2728.0
215.39,469.21,2737.0
215.39,469.22,2747.0
215.4,469.23,2747.0
215.4,469.23,2798.0
215.4,469.23,2878.0
215.4,469.24,2892.0
215.4,469.25,2901.0
215.4,469.25,2912.0
215.4,469.25,2913.0
215.4,469.25,2932.0
215.4,469.25,2932.0
215.4,469.26,3065.0
215.4,469.26,3082.0
215.4,469.26,3087.0
215.4,469.26,3144.0
215.4,469.26,3186.0
215.4,469.26,3197.0
215.4,469.26,3198.0
215.4,469.27,3198.0
215.4,469.27,3198.0
215.4,469.27,3394.0
215.4,469.28,3394.0
215.4,469.28,3412.0
215.4,469.28,3412.0
215.4,469.28,3444.0
215.4,469.28,3524.0
215.4,469.29,3571.0
215.4,469.29,3574.0
215.4,469.3,3577.0
215.4,469.3,3586.0
215.4,469.3,3643.0
215.4,469.3,3644.0
215.41,469.3,3644.0
215.41,469.3,4143.0
215.41,469.3,1445.0
215.41,469.3,2101.0
215.41,469.3,3475.0
215.41,469.3,3620.0
215.41,469.31,1073.0
215.41,469.31,1161.0
215.41,469.32,1165.0
215.41,469.32,1170.0
215.41,469.32,1245.0
215.41,469.32,1251.0
215.42,469.33,1269.0
215.42,469.33,1282.0
215.42,469.33,1290.0
215.42,469.33,1372.0
215.42,469.34,1432.0
215.42,469.34,1450.0
215.42,469.34,1469.0
215.42,469.34,1477.0
215.42,469.35,1477.0
215.42,469.35,1536.0
215.42,469.35,1538.0
215.42,469.35,1572.0
215.42,469.36,1574.0
215.42,469.36,1602.0
215.42,469.36,1613.0
215.42,469.36,1629.0
215.42,469.36,1637.0
215.42,469.36,1641.0
215.42,469.36,1642.0
215.43,469.37,1650.0
215.43,469.37,1651.0
215.43,469.37,1654.0
215.43,469.37,1660.0
215.43,469.38,1684.0
215.43,469.38,1688.0
215.43,469.38,1697.0
215.43,469.38,1705.0
215.43,469.39,1721.0
215.43,469.4,1739.0
215.43,469.4,1746.0
215.43,469.4,1780.0
215.43,469.4,1792.0
215.44,469.4,1805.0
215.44,469.4,1810.0
215.44,469.4,1811.0
215.44,469.4,1813.0
215.44,469.4,1817.0
215.44,469.4,1835.0
215.44,469.4,1848.0
215.44,469.4,1854.0
215.44,469.41,1881.0
215.44,469.41,1898.0
215.44,469.41,1915.0
215.44,469.41,1918.0
215.44,469.41,1921.0
215.44,469.41,1921.0
215.44,469.42,1924.0
215.44,469.42,1957.0
215.45,469.42,1957.0
215.45,469.43,1958.0
215.45,469.43,1970.0
215.45,469.43,1971.0
215.45,469.44,1979.0
215.45,469.44,1985.0
215.45,469.44,1986.0
215.45,469.45,2002.0
215.45,469.45,2010.0
215.45,469.45,2020.0
215.45,469.45,2092.0
215.45,469.45,2093.0
215.45,469.45,2098.0
215.46,469.45,2103.0
215.46,469.46,2141.0
215.46,469.46,2160.0
215.46,469.46,2194.0
215.46,469.46,2223.0
215.46,469.46,2260.0
215.46,469.46,2281.0
215.46,469.47,2292.0
215.46,469.47,2308.0
215.46,469.47,2336.0
215.46,469.47,2337.0
215.46,469.47,2338.0
215.46,469.48,2348.0
215.47,469.48,2361.0
215.47,469.48,2362.0
215.47,469.48,2369.0
215.47,469.48,2378.0
215.47,469.48,2386.0
215.47,469.49,2386.0
215.47,469.49,2400.0
215.47,469.5,2467.0
215.47,469.5,2478.0
215.47,469.5,2487.0
215.47,469.5,2493.0
215.47,469.5,2509.0
215.48,469.5,2521.0
215.48,469.5,2530.0
215.48,469.5,2530.0
215.48,469.5,2549.0
215.48,469.5,2566.0
215.48,469.51,2625.0
215.48,469.51,2658.0
215.48,469.51,2668.0
215.48,469.52,2672.0
215.48,469.52,2672.0
215.48,469.53,2708.0
215.48,469.53,2719.0
215.49,469.53,2742.0
215.49,469.53,2743.0
215.49,469.53,2743.0
215.49,469.53,2774.0
215.49,469.54,2778.0
215.49,469.54,2779.0
215.49,469.55,2830.0
215.49,469.55,2831.0
215.49,469.55,2835.0
215.49,469.55,2837.0
215.49,469.55,2842.0
215.49,469.56,2879.0
215.49,469.56,2883.0
215.49,469.56,2896.0
215.49,469.56,2896.0
215.49,469.56,2901.0
215.49,469.57,2941.0
215.49,469.57,2943.0
215.49,469.57,3029.0
215.5,469.57,3029.0
215.5,469.57,3052.0
215.5,469.57,3168.0
215.5,469.57,3222.0
215.5,469.57,3260.0
215.5,469.57,3263.0
215.5,469.58,3263.0
215.5,469.58,3328.0
215.5,469.58,3400.0
215.5,469.58,3439.0
215.5,469.58,3458.0
215.5,469.58,3470.0
215.5,469.59,3472.0
215.5,469.59,3533.0
215.5,469.59,3534.0
215.5,469.59,3609.0
215.5,469.59,3654.0
215.5,469.59,3655.0
215.5,469.6,3883.0
215.5,469.6,953.0
215.5,469.6,987.0
215.5,469.6,1042.0
215.5,469.6,1091.0
215.5,469.6,1115.0
215.5,469.6,1136.0
215.5,469.6,1148.0
215.5,469.6,1184.0
215.5,469.6,1191.0
215.5,469.6,1201.0
215.5,469.6,1221.0
215.5,469.6,1262.0
215.51,469.61,1263.0
215.51,469.61,1264.0
215.51,469.61,1268.0
215.51,469.61,1264.0
215.51,469.61,1285.0
215.51,469.62,1288.0
215.51,469.62,1297.0
215.51,469.63,1283.0
215.51,469.63,1249.0
215.51,469.63,1304.0
215.51,469.63,1313.0
215.51,469.64,1311.0
215.51,469.64,1326.0
215.51,469.64,1329.0
215.51,469.64,1341.0
215.51,469.64,1343.0
215.51,469.64,1345.0
215.51,469.65,1354.0
215.51,469.65,1360.0
215.52,469.65,1361.0
215.52,469.65,1373.0
215.52,469.66,1366.0
215.52,469.67,1376.0
215.52,469.67,1373.0
215.52,469.67,1380.0
215.52,469.67,1382.0
215.52,469.68,1395.0
215.52,469.68,1402.0
215.52,469.68,1394.0
215.52,469.68,1379.0
215.52,469.68,1404.0
215.52,469.69,1412.0
215.52,469.69,1417.0
215.52,469.7,1431.0
215.52,469.7,1420.0
215.52,469.7,1427.0
215.52,469.7,1431.0
215.52,469.7,1429.0
215.52,469.7,1431.0
215.52,469.7,1433.0
215.52,469.7,1425.0
215.52,469.7,1416.0
215.53,469.7,1458.0
215.53,469.7,1459.0
215.53,469.7,1471.0
215.53,469.7,1465.0
215.53,469.71,1468.0
215.53,469.71,1468.0
215.53,469.71,1467.0
215.53,469.71,1458.0
215.53,469.71,1467.0
215.53,469.71,1474.0
215.53,469.72,1475.0
215.53,469.72,1446.0
215.53,469.72,1480.0
215.53,469.73,1468.0
215.54,469.73,1486.0
215.54,469.74,1477.0
215.54,469.74,1478.0
215.54,469.75,1492.0
215.54,469.75,1495.0
215.54,469.75,1495.0
215.54,469.75,1503.0
215.54,469.75,1493.0
215.54,469.75,1507.0
215.54,469.75,1497.0
215.54,469.76,1506.0
215.54,469.77,1501.0
215.55,469.77,1502.0
215.55,469.77,1510.0
215.55,469.77,1468.0
215.55,469.77,1520.0
215.55,469.77,1452.0
215.55,469.77,1506.0
215.55,469.77,1522.0
215.55,469.78,1535.0
215.55,469.79,1525.0
215.55,469.79,1459.0
215.56,469.79,1502.0
215.56,469.79,1543.0
215.56,469.79,1502.0
215.56,469.79,1543.0
215.56,469.8,1550.0
215.56,469.8,1505.0
215.56,469.8,1545.0
215.56,469.8,1548.0
215.56,469.8,1543.0
215.56,469.8,1567.0
215.56,469.8,1558.0
215.56,469.8,1562.0
215.56,469.8,1543.0
215.56,469.8,1562.0
215.56,469.8,1593.0
215.56,469.8,1586.0
215.56,469.8,1588.0
215.56,469.81,1549.0
215.56,469.82,1599.0
215.57,469.82,1584.0
215.57,469.82,1611.0
215.57,469.82,1612.0
215.57,469.82,1600.0
215.57,469.83,1616.0
215.57,469.83,1624.0
215.57,469.83,1631.0
215.57,469.83,1631.0
215.57,469.84,1632.0
215.57,469.84,1614.0
215.57,469.84,1630.0
215.57,469.84,1638.0
215.57,469.84,1644.0
215.57,469.84,1628.0
215.57,469.84,1615.0
215.57,469.85,1596.0
215.57,469.85,1622.0
215.58,469.85,1656.0
215.58,469.85,1661.0
215.58,469.85,1657.0
215.58,469.86,1642.0
215.58,469.86,1677.0
215.58,469.86,1624.0
215.58,469.86,1647.0
215.58,469.86,1650.0
215.58,469.86,1669.0
215.58,469.86,1671.0
215.58,469.87,1634.0
215.58,469.87,1611.0
215.58,469.87,1670.0
215.58,469.87,1637.0
215.59,469.87,1659.0
215.59,469.88,1658.0
215.59,469.88,1646.0
215.59,469.88,1645.0
215.59,469.89,1644.0
215.59,469.89,1695.0
215.59,469.89,1700.0
215.59,469.89,1687.0
215.59,469.89,1688.0
215.59,469.89,1699.0
215.59,469.9,1707.0
215.59,469.9,1707.0
215.59,469.9,1702.0
215.59,469.9,1707.0
215.59,469.9,1688.0
215.59,469.9,1689.0
215.59,469.9,1694.0
215.59,469.9,1724.0
215.6,469.9,1726.0
215.6,469.9,1711.0
215.6,469.9,1736.0
215.6,469.9,1735.0
215.6,469.91,1729.0
215.6,469.91,1728.0
215.6,469.91,1740.0
215.6,469.91,1744.0
215.6,469.92,1744.0
215.6,469.92,1764.0
215.6,469.92,1735.0
215.6,469.92,1768.0
215.6,469.92,1780.0
215.6,469.92,1677.0
215.6,469.93,1782.0
215.6,469.94,1784.0
215.6,469.94,1776.0
215.6,469.94,1795.0
215.6,469.94,1773.0
215.6,469.95,1791.0
215.6,469.95,1641.0
215.6,469.95,1742.0
215.6,469.95,1808.0
215.61,469.96,1808.0
215.61,469.96,1805.0
215.61,469.96,1784.0
215.61,469.97,1803.0
215.61,469.97,1783.0
215.61,469.98,1797.0
215.61,469.98,1830.0
215.61,469.98,1793.0
215.61,469.98,1771.0
215.61,469.98,1765.0
215.61,469.98,1838.0
215.61,469.99,1826.0
215.61,469.99,1789.0
215.62,469.99,1834.0
215.62,469.99,1836.0
215.62,469.99,1814.0
215.62,469.99,1817.0
215.62,486.11,1818.0
215.62,492.18,1795.0
215.62,492.19,1858.0
215.62,492.27,1839.0
215.62,496.5,1890.0
215.62,498.49,1844.0
215.62,499.08,1867.0
215.62,499.52,1890.0
215.62,499.78,1835.0
215.62,500.07,1834.0
215.62,500.27,1891.0
215.62,500.68,1889.0
215.62,501.14,1890.0
215.62,501.26,1901.0
215.63,501.29,1888.0
215.63,501.42,1913.0
215.63,501.5,1864.0
215.63,501.53,1857.0
215.63,501.64,1902.0
215.63,501.84,1885.0
215.63,502.06,1887.0
215.63,502.2,1933.0
215.63,502.22,1893.0
215.63,502.34,1908.0
215.63,502.44,1912.0
215.63,502.54,1903.0
215.63,502.62,1927.0
215.63,502.92,1936.0
215.63,502.92,1892.0
215.63,503.11,1940.0
215.63,503.14,1928.0
215.63,503.23,1967.0
215.63,503.26,1977.0
215.64,503.48,1979.0
215.64,503.55,1915.0
215.64,503.75,1978.0
215.64,503.96,1961.0
215.64,504.05,1986.0
215.64,504.19,1992.0
215.64,504.2,2012.0
215.64,504.27,1977.0
215.64,504.27,1996.0
215.64,504.29,2004.0
215.64,504.31,1972.0
215.64,504.4,1993.0
215.65,504.41,2016.0
215.65,504.51,1998.0
215.65,504.58,2008.0
215.65,504.66,2015.0
215.65,504.76,2002.0
215.65,505.01,2004.0
215.65,505.03,2004.0
215.65,505.1,1999.0
215.65,505.13,2020.0
215.65,505.23,1965.0
215.65,505.4,1880.0
215.65,505.56,2003.0
215.65,505.59,2004.0
215.65,505.6,2003.0
215.65,505.62,2076.0
215.65,505.82,2071.0
215.65,505.82,2068.0
215.65,505.83,2083.0
215.65,505.9,2090.0
215.66,505.92,2103.0
215.66,506.03,2080.0
215.66,506.07,2050.0
215.66,506.14,2115.0
215.66,506.14,2129.0
215.66,506.15,2061.0
215.66,506.2,2061.0
215.66,506.21,2129.0
215.66,506.3,2074.0
215.66,506.31,2147.0
215.66,506.35,2099.0
215.66,506.36,2099.0
215.66,506.44,2151.0
215.66,506.48,2173.0
215.66,506.5,2138.0
215.66,506.53,2142.0
215.66,506.54,2135.0
215.66,506.61,2159.0
215.67,506.64,2125.0
215.67,506.7,2191.0
215.67,506.7,2199.0
215.67,506.78,2142.0
215.67,506.79,2177.0
215.67,506.8,2176.0
215.67,506.81,2182.0
215.67,506.97,2221.0
215.67,507.01,2161.0
215.67,507.02,2238.0
215.67,507.02,2208.0
215.67,507.12,2220.0
215.67,507.14,2201.0
215.67,507.15,2244.0
215.67,507.17,2237.0
215.67,507.18,2268.0
215.67,507.21,2263.0
215.67,507.21,2245.0
215.68,507.24,2255.0
215.68,507.25,2298.0
215.68,507.26,2318.0
215.68,507.26,2305.0
215.68,507.4,2163.0
215.68,507.49,2305.0
215.68,507.5,2331.0
215.68,507.51,2335.0
215.68,507.57,2336.0
215.68,507.58,2280.0
215.68,507.62,2292.0
215.68,507.68,2292.0
215.68,507.78,2377.0
215.68,507.79,2342.0
215.68,507.8,2365.0
215.68,507.83,2318.0
215.68,508.05,2378.0
215.69,508.07,2326.0
215.69,508.26,2368.0
215.69,508.27,2378.0
215.69,508.28,2429.0
215.69,508.33,2378.0
215.69,508.36,2403.0
215.69,508.4,2412.0
215.69,508.41,2454.0
215.69,508.42,2366.0
215.69,508.49,2456.0
215.69,508.51,2377.0
215.69,508.66,2377.0
215.69,508.66,2375.0
215.69,508.66,2365.0
215.69,508.71,2439.0
215.69,508.72,2474.0
215.69,508.74,2432.0
215.69,508.75,2456.0
215.69,508.8,2449.0
215.69,508.82,2485.0
215.69,508.83,2396.0
215.69,508.85,2458.0
215.7,508.87,2437.0
215.7,508.9,2476.0
215.7,508.95,2522.0
215.7,508.96,2534.0
215.7,509.02,2528.0
215.7,509.02,2549.0
215.7,509.05,2523.0
215.7,509.05,2545.0
215.7,509.06,2535.0
215.7,509.09,2505.0
215.7,509.14,2544.0
215.7,509.2,2574.0
215.7,509.24,2548.0
215.7,509.25,2600.0
215.7,509.3,2513.0
215.7,509.32,2568.0
215.7,509.36,2591.0
215.7,509.38,2573.0
215.7,509.41,2547.0
215.7,509.43,2549.0
215.7,509.43,2611.0
215.7,509.45,2557.0
215.7,509.48,2610.0
215.7,509.52,2581.0
215.7,509.55,2583.0
215.7,509.58,2634.0
215.7,509.59,2635.0
215.7,509.6,2635.0
215.7,509.69,2614.0
215.7,509.71,2592.0
215.7,509.72,2679.0
215.7,509.83,2645.0
215.71,509.83,2693.0
215.71,509.88,2660.0
215.71,509.89,2661.0
215.71,509.91,2640.0
215.71,509.93,2704.0
215.71,509.95,2729.0
215.71,510.0,2696.0
215.71,510.01,2741.0
215.71,510.03,2664.0
215.71,510.09,2688.0
215.71,510.11,2699.0
215.71,510.12,2703.0
215.71,510.14,2701.0
215.71,510.15,2726.0
215.71,510.18,2674.0
215.71,510.21,2759.0
215.71,510.22,2687.0
215.71,510.25,2686.0
215.72,510.28,2759.0
215.72,510.29,2770.0
215.72,510.3,2769.0
215.72,510.3,2704.0
215.72,510.32,2778.0
215.72,510.39,2754.0
215.72,510.39,2772.0
215.72,510.43,2802.0
215.72,510.43,2785.0
215.72,510.45,2786.0
215.72,510.51,2833.0
215.72,510.53,2819.0
215.72,510.54,2878.0
215.72,510.54,2877.0
215.72,510.56,2892.0
215.72,510.59,2879.0
215.72,510.61,2868.0
215.72,510.64,2837.0
215.72,510.65,2889.0
215.72,510.65,2889.0
215.72,510.66,2870.0
215.73,510.7,2933.0
215.73,510.76,2926.0
215.73,510.8,2870.0
215.73,510.83,2872.0
215.73,510.86,2841.0
215.73,510.93,2915.0
215.73,510.95,2842.0
215.73,510.96,2875.0
215.73,510.99,2935.0
215.73,511.0,2936.0
215.73,511.0,2896.0
215.73,511.23,2953.0
215.73,511.27,2953.0
215.73,511.27,2884.0
215.73,511.32,2918.0
215.73,511.36,2919.0
215.73,511.38,2942.0
215.74,511.39,3021.0
215.74,511.4,2982.0
215.74,511.42,3026.0
215.74,511.45,3026.0
215.74,511.45,3038.0
215.74,511.45,3024.0
215.74,511.61,3002.0
215.74,511.67,3028.0
215.74,511.67,3013.0
215.74,511.69,3013.0
215.74,511.75,3025.0
215.74,511.76,3037.0
215.74,511.81,3036.0
215.74,511.84,3031.0
215.74,511.84,3072.0
215.74,511.85,3077.0
215.74,511.86,3098.0
215.74,511.88,3196.0
215.74,511.89,3151.0
215.74,511.9,3164.0
215.74,511.9,3171.0
215.74,511.9,3227.0
215.74,511.91,3228.0
215.74,511.94,2706.0
215.75,511.95,3171.0
215.75,511.98,3170.0
215.75,512.0,3171.0
215.75,512.0,3197.0
215.75,512.02,3198.0
215.75,512.07,3197.0
215.75,512.08,3254.0
215.75,512.1,3258.0
215.75,512.1,3241.0
215.75,512.1,3268.0
215.75,512.13,3272.0
215.75,512.17,3041.0
215.75,512.18,3042.0
215.75,512.21,3258.0
215.75,512.23,3259.0
215.75,512.23,3259.0
215.76,512.31,3268.0
215.76,512.33,3268.0
215.76,512.33,3059.0
215.76,512.43,3328.0
215.76,512.45,3324.0
215.76,512.49,3324.0
215.76,512.5,3331.0
215.76,512.53,3331.0
215.76,512.53,3312.0
215.76,512.62,3313.0
215.76,512.62,3326.0
215.76,512.66,3350.0
215.76,512.7,3387.0
215.76,512.73,3271.0
215.76,512.76,3270.0
215.77,512.8,3417.0
215.77,512.81,3354.0
215.77,512.89,3393.0
215.77,512.89,3360.0
215.77,512.91,3394.0
215.77,512.96,3389.0
215.77,513.0,3367.0
215.77,513.01,3368.0
215.77,513.02,3396.0
215.77,513.07,3379.0
215.77,513.12,3380.0
215.77,513.13,3385.0
215.77,513.16,3386.0
215.77,513.17,3466.0
215.77,513.29,3466.0
215.77,513.33,3360.0
215.77,513.33,3377.0
215.77,513.35,3439.0
215.77,513.36,3438.0
215.77,513.37,3380.0
215.78,513.38,3420.0
215.78,513.38,3422.0
215.78,513.4,3413.0
215.78,513.4,3413.0
215.78,513.4,3412.0
215.78,513.42,3376.0
215.78,513.43,3393.0
215.78,513.43,3421.0
215.78,513.47,3422.0
215.78,513.53,3507.0
215.78,513.53,3430.0
215.78,513.53,3430.0
215.78,513.57,3418.0
215.78,513.57,3422.0
215.78,513.59,3424.0
215.78,513.6,3441.0
215.78,513.61,3423.0
215.78,513.62,3450.0
215.78,513.63,3423.0
215.78,513.65,3424.0
215.78,513.66,3450.0
215.78,513.72,3441.0
215.78,513.78,3442.0
215.78,513.78,3413.0
215.78,513.78,3453.0
215.79,513.79,3447.0
215.79,513.79,3414.0
215.79,513.83,3448.0
215.79,513.84,3411.0
215.79,513.85,3414.0
215.79,513.87,3481.0
215.79,513.9,3481.0
215.79,513.94,3446.0
215.79,513.95,3445.0
215.79,513.96,3445.0
215.79,513.97,3447.0
215.79,513.97,3437.0
215.8,513.98,3437.0
215.8,513.99,3445.0
215.8,514.0,3548.0
215.8,514.02,3490.0
215.8,514.03,3489.0
215.8,514.05,3569.0
215.8,514.06,3574.0
215.8,514.09,3509.0
215.8,514.09,3539.0
215.8,514.1,3557.0
215.8,514.1,3504.0
215.8,514.18,3504.0
215.8,514.19,3515.0
215.8,514.2,3578.0
215.8,514.22,3578.0
215.8,514.25,3606.0
215.8,514.3,3605.0
215.8,514.31,3579.0
215.8,514.31,3571.0
215.8,514.32,3615.0
215.8,514.33,3611.0
215.8,514.35,3608.0
215.8,514.4,3686.0
215.8,514.41,3688.0
215.8,514.43,3670.0
215.8,514.43,3670.0
215.8,514.43,3422.0
215.8,514.47,3425.0
215.8,514.49,3442.0
215.8,514.5,3785.0
215.8,514.51,3814.0
215.8,514.53,3787.0
215.8,514.53,3788.0
215.8,514.58,3782.0
215.81,514.6,3782.0
215.81,514.62,3783.0
215.81,514.62,3936.0
215.81,514.65,3874.0
215.81,514.65,3876.0
215.81,514.65,3876.0
215.81,514.65,3718.0
215.81,514.66,4021.0
215.81,514.67,4060.0
215.81,514.69,4054.0
215.81,514.7,4061.0
215.81,514.73,4060.0
215.81,514.73,4061.0
215.81,514.74,3972.0
215.81,514.79,4011.0
215.81,514.8,4012.0
215.81,514.81,4034.0
215.81,514.85,4148.0
215.81,514.85,4034.0
215.81,514.85,4111.0
215.81,514.9,5073.0
215.81,514.9,3256.0
215.81,514.91,158760.0
215.81,514.96,1365.0
215.82,514.99,1449.0
215.82,514.99,2061.0
215.82,515.02,2162.0
215.82,515.03,2212.0
215.82,515.05,2377.0
215.82,515.05,2530.0
215.82,515.06,1137.0
215.82,515.1,1226.0
215.82,515.11,1264.0
215.82,515.11,1266.0
215.82,515.13,1267.0
215.82,515.18,1317.0
215.82,515.2,1371.0
215.82,515.23,1399.0
215.82,515.26,1411.0
215.82,515.26,1516.0
215.82,515.28,1525.0
215.82,515.3,1527.0
215.82,515.31,1534.0
215.82,515.31,1597.0
215.82,515.32,1612.0
215.82,515.32,1620.0
215.82,515.34,1632.0
215.82,515.37,1643.0
215.82,515.41,1661.0
215.83,515.42,1687.0
215.83,515.45,1709.0
215.83,515.45,1748.0
215.83,515.48,1754.0
215.83,515.48,1758.0
215.83,515.5,1789.0
215.83,515.5,1808.0
215.83,515.5,1809.0
215.83,515.5,1823.0
215.83,515.55,1825.0
215.83,515.55,1932.0
215.83,515.57,1937.0
215.83,515.65,1941.0
215.83,515.7,2002.0
215.83,515.72,2006.0
215.83,515.74,2012.0
215.83,515.74,2128.0
215.83,515.74,2143.0
215.83,515.76,2148.0
215.83,515.76,2148.0
215.83,515.77,2211.0
215.83,515.78,2236.0
215.83,515.82,2305.0
215.83,515.82,2322.0
215.84,515.82,2325.0
215.84,515.83,2332.0
215.84,515.83,2342.0
215.84,515.86,2399.0
215.84,515.88,2402.0
215.84,515.89,2403.0
215.84,515.89,2422.0
215.84,515.9,2430.0
215.84,515.92,2450.0
215.84,515.92,2524.0
215.84,515.93,2536.0
215.84,515.94,2575.0
215.84,515.96,2585.0
215.84,515.97,2596.0
215.84,515.99,2673.0
215.84,516.0,2793.0
215.84,516.0,2869.0
215.84,516.0,2875.0
215.84,516.03,2916.0
215.84,516.05,2917.0
215.84,516.06,2947.0
215.84,516.07,2948.0
215.85,516.08,2976.0
215.85,516.09,3033.0
215.85,516.1,3034.0
215.85,516.11,3083.0
215.85,516.11,3108.0
215.85,516.12,3110.0
215.85,516.13,3123.0
215.85,516.17,3151.0
215.85,516.2,3208.0
215.85,516.2,3209.0
215.85,516.2,3281.0
215.85,516.2,3497.0
215.85,516.22,3507.0
215.85,516.24,3514.0
215.85,516.24,3531.0
215.85,516.25,3533.0
215.85,516.25,3552.0
215.85,516.26,3558.0
215.86,516.26,4170.0
215.86,516.29,1731.0
215.86,516.32,2000.0
215.86,516.32,2127.0
215.86,516.33,2211.0
215.86,516.35,2226.0
215.86,516.37,2289.0
215.86,516.38,3102.0
215.86,516.39,3103.0
215.86,516.4,3103.0
215.86,516.4,1525.0
215.86,516.43,1597.0
215.86,516.45,1620.0
215.86,516.46,1789.0
215.86,516.48,1932.0
215.86,516.51,2322.0
215.86,516.51,2399.0
215.87,516.53,3110.0
215.87,516.53,1754.0
215.87,516.54,2006.0
215.87,516.56,2430.0
215.87,516.58,2536.0
215.87,516.6,3108.0
215.87,516.63,3151.0
215.87,516.7,2012.0
215.87,516.7,2342.0
215.87,516.71,2793.0
215.87,516.76,4170.0
215.87,516.77,
215.87,516.8,
215.87,516.81,
215.87,516.82,
215.87,516.86,
215.87,516.87,
215.87,516.9,
215.87,516.9,
215.87,516.91,
215.87,516.92,
215.87,516.96,
215.87,517.0,
215.87,517.0,
215.87,517.03,
215.88,517.04,
215.88,517.04,
215.88,517.04,
215.88,517.06,
215.88,517.07,
215.88,517.07,
215.88,517.07,
215.88,517.09,
215.88,517.1,
215.88,517.11,
215.88,517.12,
215.88,517.14,
215.88,517.15,
215.88,517.16,
215.88,517.17,
215.88,517.18,
215.88,517.2,
215.88,517.21,
215.88,517.22,
215.88,517.25,
215.88,517.3,
215.88,517.3,
215.88,517.3,
215.89,517.3,
215.89,517.31,
215.89,517.32,
215.89,517.38,
215.89,517.4,
215.89,517.4,
215.89,517.4,
215.89,517.46,
215.89,517.47,
215.89,517.48,
215.89,517.5,
215.89,517.5,
215.89,517.54,
215.89,517.55,
215.89,517.55,
215.9,517.58,
215.9,517.58,
215.9,517.58,
215.9,517.6,
215.9,517.62,
215.9,517.63,
215.9,517.63,
215.9,517.65,
215.9,517.65,
215.9,517.66,
215.9,517.68,
215.9,517.68,
215.9,517.69,
215.9,517.69,
215.9,517.7,
215.9,517.7,
215.9,517.76,
215.9,517.76,
215.9,517.78,
215.9,517.8,
215.9,517.81,
215.91,517.84,
215.91,517.84,
215.91,517.85,
215.91,517.85,
215.91,517.89,
215.91,517.92,
215.91,517.92,
215.91,517.92,
215.91,517.96,
215.91,517.97,
215.91,517.97,
215.91,517.98,
215.91,518.0,
215.91,518.0,
215.91,518.01,
215.91,518.02,
215.91,518.03,
215.92,518.04,
215.92,518.05,
215.92,518.05,
215.92,518.06,
215.92,518.06,
215.92,518.1,
215.92,518.1,
215.92,518.12,
215.92,518.13,
215.92,518.13,
215.92,518.15,
215.92,518.19,
215.92,518.2,
215.92,518.22,
215.92,518.23,
215.93,518.24,
215.93,518.27,
215.93,518.3,
215.93,518.3,
215.93,518.31,
215.93,518.32,
215.93,518.34,
215.93,518.36,
215.93,518.38,
215.93,518.4,
215.93,518.42,
215.93,518.42,
215.93,518.42,
215.93,518.42,
215.93,518.43,
215.93,518.45,
215.93,518.45,
215.94,518.46,
215.94,518.47,
215.94,518.48,
215.94,518.48,
215.94,518.49,
215.94,518.5,
215.94,518.51,
215.94,518.51,
215.94,518.51,
215.94,518.55,
215.94,518.6,
215.94,518.6,
215.94,518.6,
215.94,518.61,
215.94,518.65,
215.94,518.67,
215.94,518.69,
215.94,518.71,
215.94,518.72,
215.95,518.73,
215.95,518.73,
215.95,518.75,
215.95,518.76,
215.95,518.76,
215.95,518.77,
215.95,518.79,
215.95,518.8,
215.95,518.83,
215.95,518.83,
215.95,518.84,
215.95,518.84,
215.95,518.86,
215.95,518.86,
215.95,518.9,
215.95,518.91,
215.95,518.91,
215.95,518.96,
215.95,518.97,
215.95,518.97,
215.95,518.98,
215.95,518.98,
215.95,518.99,
215.96,519.0,
215.96,519.02,
215.96,519.03,
215.96,519.06,
215.96,519.06,
215.96,519.07,
215.96,519.07,
215.96,519.08,
215.96,519.1,
215.96,519.1,
215.96,519.11,
215.96,519.13,
215.96,519.14,
215.96,519.14,
215.96,519.14,
215.96,519.16,
215.97,519.18,
215.97,519.18,
215.97,519.19,
215.97,519.2,
215.97,519.21,
215.97,519.22,
215.97,519.25,
215.97,519.26,
215.97,519.27,
215.97,519.27,
215.97,519.28,
215.97,519.28,
215.97,519.28,
215.97,519.29,
215.97,519.29,
215.97,519.33,
215.97,519.34,
215.97,519.36,
215.98,519.41,
215.98,519.41,
215.98,519.45,
215.98,519.46,
215.98,519.46,
215.98,519.47,
215.98,519.47,
215.98,519.47,
215.98,519.51,
215.98,519.51,
215.98,519.52,
215.98,519.53,
215.98,519.56,
215.98,519.56,
215.98,519.65,
215.98,519.65,
215.98,519.67,
215.98,519.69,
215.98,519.69,
215.98,519.7,
215.98,519.7,
215.98,519.71,
215.99,519.74,
215.99,519.75,
215.99,519.75,
215.99,519.76,
215.99,519.78,
215.99,519.78,
215.99,519.78,
215.99,519.81,
215.99,519.82,
215.99,519.83,
215.99,519.84,
215.99,519.84,
215.99,519.85,
215.99,519.85,
215.99,519.86,
215.99,519.87,
215.99,519.88,
215.99,519.88,
215.99,519.88,
215.99,519.88,
216.0,519.89,
216.0,519.9,
216.0,519.91,
216.0,519.91,
216.0,519.92,
216.0,519.94,
216.0,519.94,
216.0,519.95,
216.0,519.95,
216.0,519.99,
216.0,519.99,
216.0,520.0,
216.0,520.01,
216.0,520.02,
216.0,520.03,
216.0,520.08,
216.0,520.08,
216.0,520.08,
216.0,520.08,
216.0,520.09,
216.0,520.1,
216.0,520.1,
216.0,520.11,
216.0,520.12,
216.0,520.14,
216.0,520.14,
216.0,520.15,
216.0,520.16,
216.0,520.2,
216.0,520.22,
216.0,520.22,
216.0,520.22,
216.0,520.23,
216.0,520.23,
216.0,520.23,
216.0,520.25,
216.01,520.27,
216.01,520.28,
216.01,520.29,
216.01,520.3,
216.01,520.3,
216.01,520.3,
216.01,520.31,
216.01,520.32,
216.01,520.32,
216.01,520.33,
216.01,520.33,
216.01,520.34,
216.01,520.34,
216.01,520.35,
216.01,520.38,
216.01,520.38,
216.01,520.4,
216.01,520.4,
216.01,520.42,
216.01,520.42,
216.01,520.44,
216.01,520.45,
216.01,520.46,
216.01,520.46,
216.01,520.47,
216.01,520.48,
216.02,520.5,
216.02,520.51,
216.02,520.53,
216.02,520.53,
216.02,520.53,
216.02,520.55,
216.02,520.55,
216.02,520.58,
216.02,520.59,
216.02,520.59,
216.02,520.6,
216.02,520.65,
216.02,520.71,
216.02,520.71,
216.03,520.72,
216.03,520.72,
216.03,520.72,
216.03,520.73,
216.03,520.74,
216.03,520.74,
216.03,520.74,
216.03,520.76,
216.03,520.76,
216.03,520.76,
216.03,520.78,
216.03,520.79,
216.03,520.8,
216.03,520.81,
216.03,520.81,
216.03,520.81,
216.03,520.82,
216.03,520.82,
216.03,520.84,
216.03,520.85,
216.03,520.88,
216.04,520.89,
216.04,520.9,
216.04,520.94,
216.04,520.95,
216.04,520.95,
216.04,520.96,
216.04,520.96,
216.04,520.96,
216.04,520.97,
216.04,520.97,
216.04,520.97,
216.04,520.98,
216.04,520.98,
216.04,520.99,
216.04,520.99,
216.04,521.01,
216.04,521.05,
216.04,521.05,
216.04,521.06,
216.05,521.07,
216.05,521.07,
216.05,521.07,
216.05,521.07,
216.05,521.08,
216.05,521.09,
216.05,521.11,
216.05,521.14,
216.05,521.15,
216.05,521.15,
216.05,521.17,
216.05,521.19,
216.05,521.21,
216.05,521.22,
216.05,521.22,
216.05,521.23,
216.05,521.23,
216.05,521.27,
216.05,521.28,
216.05,521.29,
216.05,521.29,
216.05,521.3,
216.05,521.3,
216.06,521.33,
216.06,521.33,
216.06,521.34,
216.06,521.35,
216.06,521.36,
216.06,521.37,
216.06,521.37,
216.06,521.38,
216.06,521.38,
216.06,521.38,
216.06,521.4,
216.06,521.41,
216.07,521.42,
216.07,521.42,
216.07,521.42,
216.07,521.42,
216.07,521.42,
216.07,521.42,
216.07,521.42,
216.07,521.43,
216.07,521.43,
216.07,521.45,
216.07,521.46,
216.07,521.47,
216.07,521.49,
216.07,521.5,
216.07,521.51,
216.07,521.51,
216.07,521.52,
216.07,521.53,
216.07,521.54,
216.07,521.54,
216.07,521.54,
216.07,521.54,
216.07,521.56,
216.07,521.57,
216.08,521.58,
216.08,521.6,
216.08,521.6,
216.08,521.61,
216.08,521.64,
216.08,521.67,
216.08,521.67,
216.08,521.68,
216.08,521.68,
216.08,521.69,
216.08,521.71,
216.08,521.72,
216.08,521.74,
216.08,521.76,
216.08,521.77,
216.08,521.78,
216.08,521.78,
216.08,521.79,
216.08,521.8,
216.08,521.81,
216.08,521.83,
216.08,521.83,
216.08,521.84,
216.08,521.85,
216.08,521.85,
216.08,521.86,
216.09,521.86,
216.09,521.86,
216.09,521.88,
216.09,521.89,
216.09,521.91,
216.09,521.93,
216.09,521.93,
216.09,521.96,
216.09,521.96,
216.09,521.96,
216.09,521.97,
216.09,521.97,
216.09,521.98,
216.09,521.99,
216.09,521.99,
216.09,522.01,
216.09,522.01,
216.09,522.02,
216.09,522.03,
216.09,522.04,
216.09,522.04,
216.09,522.04,
216.09,522.05,
216.09,522.07,
216.09,522.09,
216.1,522.09,
216.1,522.09,
216.1,522.1,
216.1,522.11,
216.1,522.11,
216.1,522.12,
216.1,522.13,
216.1,522.14,
216.1,522.15,
216.1,522.15,
216.1,522.15,
216.1,522.15,
216.1,522.16,
216.1,522.17,
216.1,522.19,
216.1,522.19,
216.1,522.19,
216.1,522.19,
216.1,522.2,
216.1,522.24,
216.1,522.25,
216.1,522.26,
216.1,522.26,
216.1,522.28,
216.1,522.28,
216.1,522.3,
216.1,522.3,
216.1,522.31,
216.1,522.32,
216.1,522.32,
216.1,522.32,
216.11,522.33,
216.11,522.33,
216.11,522.34,
216.11,522.34,
216.11,522.35,
216.11,522.38,
216.11,522.38,
216.11,522.38,
216.11,522.39,
216.11,522.39,
216.11,522.39,
216.11,522.4,
216.11,522.4,
216.11,522.42,
216.11,522.44,
216.11,522.44,
216.11,522.45,
216.11,522.46,
216.11,522.47,
216.11,522.47,
216.11,522.48,
216.11,522.48,
216.11,522.49,
216.11,522.5,
216.12,522.51,
216.12,522.52,
216.12,522.52,
216.12,522.53,
216.12,522.53,
216.12,522.54,
216.12,522.54,
216.12,522.54,
216.12,522.54,
216.12,522.55,
216.12,522.55,
216.12,522.56,
216.12,522.57,
216.12,522.57,
216.12,522.57,
216.13,522.57,
216.13,522.58,
216.13,522.58,
216.13,522.58,
216.13,522.59,
216.13,522.6,
216.13,522.6,
216.13,522.61,
216.13,522.62,
216.13,522.63,
216.13,522.63,
216.13,522.64,
216.13,522.64,
216.13,522.64,
216.13,522.68,
216.13,522.69,
216.13,522.7,
216.13,522.74,
216.13,522.75,
216.13,522.78,
216.13,522.8,
216.13,522.8,
216.13,522.81,
216.13,522.81,
216.14,522.82,
216.14,522.84,
216.14,522.84,
216.14,522.84,
216.14,522.84,
216.14,522.85,
216.14,522.86,
216.14,522.88,
216.14,522.92,
216.14,522.93,
216.14,522.95,
216.14,522.95,
216.14,522.95,
216.14,522.96,
216.14,522.96,
216.14,522.96,
216.14,522.98,
216.14,522.99,
216.14,522.99,
216.14,522.99,
216.14,523.0,
216.14,523.0,
216.14,523.0,
216.14,523.0,
216.14,523.02,
216.14,523.03,
216.14,523.04,
216.14,523.05,
216.14,523.05,
216.15,523.06,
216.15,523.07,
216.15,523.08,
216.15,523.08,
216.15,523.08,
216.15,523.09,
216.15,523.09,
216.15,523.09,
216.15,523.1,
216.15,523.11,
216.15,523.12,
216.15,523.12,
216.15,523.13,
216.15,523.13,
216.15,523.14,
216.15,523.14,
216.15,523.16,
216.15,523.17,
216.15,523.18,
216.15,523.19,
216.15,523.19,
216.15,523.2,
216.15,523.2,
216.15,523.2,
216.15,523.23,
216.15,523.24,
216.15,523.26,
216.16,523.27,
216.16,523.3,
216.16,523.3,
216.16,523.32,
216.16,523.32,
216.16,523.33,
216.16,523.33,
216.16,523.33,
216.16,523.34,
216.16,523.35,
216.16,523.36,
216.16,523.39,
216.16,523.39,
216.16,523.39,
216.16,523.4,
216.17,523.4,
216.17,523.41,
216.17,523.43,
216.17,523.44,
216.17,523.45,
216.17,523.45,
216.17,523.46,
216.17,523.46,
216.17,523.48,
216.17,523.5,
216.17,523.5,
216.17,523.5,
216.17,523.51,
216.17,523.52,
216.17,523.52,
216.17,523.53,
216.17,523.54,
216.17,523.54,
216.17,523.55,
216.18,523.59,
216.18,523.59,
216.18,523.59,
216.18,523.59,
216.18,523.6,
216.18,523.6,
216.18,523.6,
216.18,523.62,
216.18,523.64,
216.18,523.65,
216.18,523.65,
216.18,523.65,
216.18,523.66,
216.18,523.67,
216.18,523.67,
216.18,523.67,
216.18,523.67,
216.18,523.68,
216.18,523.68,
216.18,523.68,
216.18,523.69,
216.18,523.7,
216.18,523.7,
216.18,523.71,
216.18,523.71,
216.18,523.71,
216.18,523.72,
216.18,523.72,
216.18,523.73,
216.19,523.73,
216.19,523.73,
216.19,523.74,
216.19,523.74,
216.19,523.75,
216.19,523.76,
216.19,523.76,
216.19,523.76,
216.19,523.77,
216.19,523.77,
216.19,523.79,
216.19,523.8,
216.19,523.8,
216.19,523.81,
216.19,523.81,
216.19,523.81,
216.19,523.81,
216.19,523.82,
216.19,523.82,
216.19,523.82,
216.19,523.82,
216.19,523.82,
216.19,523.83,
216.19,523.85,
216.19,523.87,
216.19,523.88,
216.19,523.89,
216.19,523.89,
216.19,523.9,
216.2,523.9,
216.2,523.9,
216.2,523.92,
216.2,523.92,
216.2,523.92,
216.2,523.92,
216.2,523.92,
216.2,523.93,
216.2,523.93,
216.2,523.93,
216.2,523.94,
216.2,523.95,
216.2,523.95,
216.2,523.95,
216.2,523.95,
216.2,523.96,
216.2,523.97,
216.2,523.97,
216.2,523.98,
216.2,523.99,
216.2,524.0,
216.2,524.0,
216.2,524.02,
216.2,524.02,
216.2,524.02,
216.2,524.02,
216.2,524.03,
216.2,524.03,
216.2,524.04,
216.2,524.05,
216.2,524.05,
216.2,524.05,
216.2,524.07,
216.2,524.07,
216.21,524.07,
216.21,524.08,
216.21,524.08,
216.21,524.09,
216.21,524.1,
216.21,524.1,
216.21,524.1,
216.21,524.1,
216.21,524.1,
216.21,524.1,
216.21,524.1,
216.21,524.1,
216.21,524.1,
216.21,524.1,
216.21,524.11,
216.21,524.11,
216.21,524.12,
216.21,524.13,
216.21,524.13,
216.21,524.13,
216.21,524.14,
216.21,524.14,
216.21,524.15,
216.21,524.15,
216.21,524.15,
216.21,524.15,
216.22,524.16,
216.22,524.17,
216.22,524.17,
216.22,524.18,
216.22,524.18,
216.22,524.18,
216.22,524.19,
216.22,524.2,
216.22,524.2,
216.22,524.2,
216.22,524.2,
216.22,524.21,
216.22,524.21,
216.22,524.21,
216.22,524.21,
216.22,524.21,
216.22,524.22,
216.22,524.22,
216.22,524.24,
216.22,524.24,
216.22,524.26,
216.22,524.26,
216.23,524.27,
216.23,524.28,
216.23,524.28,
216.23,524.29,
216.23,524.29,
216.23,524.29,
216.23,524.3,
216.23,524.3,
216.23,524.3,
216.23,524.3,
216.23,524.3,
216.23,524.3,
216.23,524.32,
216.23,524.32,
216.23,524.32,
216.23,524.33,
216.23,524.33,
216.23,524.33,
216.23,524.34,
216.23,524.34,
216.23,524.35,
216.23,524.36,
216.23,524.38,
216.23,524.38,
216.23,524.4,
216.23,524.4,
216.23,524.41,
216.23,524.41,
216.23,524.42,
216.23,524.43,
216.23,524.44,
216.23,524.45,
216.23,524.45,
216.23,524.45,
216.23,524.45,
216.23,524.46,
216.23,524.46,
216.23,524.46,
216.23,524.47,
216.24,524.47,
216.24,524.47,
216.24,524.48,
216.24,524.49,
216.24,524.49,
216.24,524.49,
216.24,524.5,
216.24,524.5,
216.24,524.5,
216.24,524.5,
216.24,524.5,
216.24,524.52,
216.24,524.52,
216.24,524.53,
216.24,524.53,
216.24,524.53,
216.24,524.53,
216.24,524.54,
216.24,524.54,
216.24,524.54,
216.24,524.55,
216.24,524.56,
216.24,524.57,
216.24,524.58,
216.24,524.58,
216.24,524.59,
216.24,524.6,
216.25,524.6,
216.25,524.6,
216.25,524.62,
216.25,524.62,
216.25,524.63,
216.25,524.64,
216.25,524.64,
216.25,524.64,
216.25,524.64,
216.25,524.65,
216.25,524.66,
216.25,524.67,
216.25,524.67,
216.26,524.68,
216.26,524.68,
216.26,524.68,
216.26,524.69,
216.26,524.7,
216.26,524.7,
216.26,524.7,
216.26,524.72,
216.26,524.72,
216.26,524.72,
216.26,524.73,
216.26,524.73,
216.26,524.76,
216.26,524.77,
216.26,524.78,
216.26,524.78,
216.26,524.78,
216.26,524.78,
216.26,524.79,
216.26,524.79,
216.26,524.79,
216.26,524.8,
216.27,524.8,
216.27,524.81,
216.27,524.81,
216.27,524.82,
216.27,524.82,
216.27,524.82,
216.27,524.85,
216.27,524.86,
216.27,524.88,
216.27,524.89,
216.28,524.9,
216.28,524.9,
216.28,524.9,
216.28,524.9,
216.28,524.91,
216.28,524.91,
216.28,524.92,
216.28,524.92,
216.28,524.93,
216.28,524.93,
216.28,524.97,
216.28,524.98,
216.28,524.99,
216.28,,
216.28,,
216.28,,
216.28,,
216.28,,
216.28,,
216.28,,
216.29,,
216.29,,
216.29,,
216.29,,
216.29,,
216.29,,
216.29,,
216.29,,
216.29,,
216.29,,
216.29,,
216.29,,
216.29,,
216.29,,
216.29,,
216.29,,
216.29,,
216.29,,
216.29,,
216.29,,
216.29,,
216.29,,
216.3,,
216.3,,
216.3,,
216.3,,
216.3,,
216.3,,
216.3,,
216.3,,
216.3,,
216.3,,
216.3,,
216.3,,
216.3,,
216.3,,
216.3,,
216.3,,
216.3,,
216.3,,
216.3,,
216.3,,
216.3,,
216.3,,
216.3,,
216.3,,
216.3,,
216.3,,
216.3,,
216.3,,
216.3,,
216.3,,
216.3,,
216.3,,
216.3,,
216.3,,
216.3,,
216.3,,
216.3,,
216.3,,
216.3,,
216.3,,
216.31,,
216.31,,
216.31,,
216.31,,
216.31,,
216.31,,
216.31,,
216.31,,
216.31,,
216.31,,
216.31,,
216.31,,
216.31,,
216.31,,
216.31,,
216.31,,
216.31,,
216.31,,
216.31,,
216.31,,
216.31,,
216.31,,
216.31,,
216.31,,
216.31,,
216.31,,
216.31,,
216.31,,
216.32,,
216.32,,
216.32,,
216.32,,
216.32,,
216.32,,
216.32,,
216.32,,
216.32,,
216.32,,
216.32,,
216.32,,
216.32,,
216.32,,
216.32,,
216.32,,
216.32,,
216.32,,
216.32,,
216.32,,
216.32,,
216.32,,
216.33,,
216.33,,
216.33,,
216.33,,
216.33,,
216.33,,
216.33,,
216.33,,
216.33,,
216.33,,
216.33,,
216.33,,
216.33,,
216.33,,
216.33,,
216.33,,
216.33,,
216.33,,
216.33,,
216.33,,
216.33,,
216.33,,
216.33,,
216.33,,
216.33,,
216.33,,
216.33,,
216.34,,
216.34,,
216.34,,
216.34,,
216.34,,
216.34,,
216.34,,
216.34,,
216.34,,
216.34,,
216.34,,
216.34,,
216.34,,
216.34,,
216.34,,
216.34,,
216.34,,
216.34,,
216.34,,
216.34,,
216.34,,
216.34,,
216.34,,
216.35,,
216.35,,
216.35,,
216.35,,
216.35,,
216.35,,
216.35,,
216.35,,
216.35,,
216.35,,
216.35,,
216.35,,
216.35,,
216.35,,
216.35,,
216.35,,
216.35,,
216.35,,
216.35,,
216.35,,
216.35,,
216.35,,
216.35,,
216.35,,
216.36,,
216.36,,
216.36,,
216.36,,
216.36,,
216.36,,
216.36,,
216.36,,
216.36,,
216.36,,
216.36,,
216.36,,
216.36,,
216.36,,
216.36,,
216.36,,
216.36,,
216.36,,
216.36,,
216.37,,
216.37,,
216.37,,
216.37,,
216.37,,
216.37,,
216.37,,
216.37,,
216.37,,
216.37,,
216.37,,
216.37,,
216.37,,
216.37,,
216.37,,
216.37,,
216.37,,
216.37,,
216.37,,
216.37,,
216.37,,
216.37,,
216.37,,
216.37,,
216.38,,
216.38,,
216.38,,
216.38,,
216.38,,
216.38,,
216.38,,
216.38,,
216.38,,
216.38,,
216.38,,
216.38,,
216.38,,
216.38,,
216.38,,
216.38,,
216.38,,
216.38,,
216.38,,
216.38,,
216.38,,
216.39,,
216.39,,
216.39,,
216.39,,
216.39,,
216.39,,
216.39,,
216.39,,
216.39,,
216.39,,
216.39,,
216.39,,
216.39,,
216.39,,
216.39,,
216.39,,
216.39,,
216.39,,
216.39,,
216.39,,
216.39,,
216.39,,
216.4,,
216.4,,
216.4,,
216.4,,
216.4,,
216.4,,
216.4,,
216.4,,
216.4,,
216.4,,
216.4,,
216.4,,
216.4,,
216.4,,
216.4,,
216.4,,
216.4,,
216.4,,
216.4,,
216.4,,
216.4,,
216.4,,
216.4,,
216.4,,
216.4,,
216.4,,
216.4,,
216.4,,
216.4,,
216.4,,
216.4,,
216.4,,
216.4,,
216.4,,
216.4,,
216.4,,
216.4,,
216.4,,
216.4,,
216.4,,
216.41,,
216.41,,
216.41,,
216.41,,
216.41,,
216.41,,
216.41,,
216.41,,
216.41,,
216.41,,
216.41,,
216.41,,
216.41,,
216.41,,
216.41,,
216.41,,
216.41,,
216.41,,
216.41,,
216.41,,
216.41,,
216.41,,
216.41,,
216.41,,
216.41,,
216.41,,
216.41,,
216.42,,
216.42,,
216.42,,
216.42,,
216.42,,
216.42,,
216.42,,
216.42,,
216.42,,
216.42,,
216.42,,
216.42,,
216.42,,
216.42,,
216.42,,
216.42,,
216.42,,
216.42,,
216.42,,
216.43,,
216.43,,
216.43,,
216.43,,
216.43,,
216.43,,
216.43,,
216.43,,
216.43,,
216.43,,
216.43,,
216.43,,
216.43,,
216.43,,
216.43,,
216.43,,
216.43,,
216.43,,
216.43,,
216.43,,
216.43,,
216.43,,
216.43,,
216.43,,
216.43,,
216.43,,
216.43,,
216.44,,
216.44,,
216.44,,
216.44,,
216.44,,
216.44,,
216.44,,
216.44,,
216.44,,
216.44,,
216.44,,
216.44,,
216.44,,
216.44,,
216.44,,
216.44,,
216.44,,
216.44,,
216.44,,
216.44,,
216.44,,
216.44,,
216.44,,
216.44,,
216.44,,
216.44,,
216.44,,
216.45,,
216.45,,
216.45,,
216.45,,
216.45,,
216.45,,
216.45,,
216.45,,
216.45,,
216.45,,
216.45,,
216.45,,
216.45,,
216.45,,
216.45,,
216.45,,
216.45,,
216.45,,
216.45,,
216.46,,
216.46,,
216.46,,
216.46,,
216.46,,
216.46,,
216.46,,
216.46,,
216.46,,
216.46,,
216.46,,
216.46,,
216.46,,
216.46,,
216.46,,
216.46,,
216.46,,
216.46,,
216.46,,
216.46,,
216.46,,
216.46,,
216.47,,
216.47,,
216.47,,
216.47,,
216.47,,
216.47,,
216.47,,
216.47,,
216.47,,
216.47,,
216.47,,
216.47,,
216.47,,
216.47,,
216.47,,
216.47,,
216.47,,
216.47,,
216.47,,
216.47,,
216.47,,
216.47,,
216.47,,
216.47,,
216.47,,
216.47,,
216.47,,
216.47,,
216.47,,
216.47,,
216.48,,
216.48,,
216.48,,
216.48,,
216.48,,
216.48,,
216.48,,
216.48,,
216.48,,
216.48,,
216.48,,
216.48,,
216.48,,
216.48,,
216.48,,
216.48,,
216.48,,
216.48,,
216.48,,
216.48,,
216.48,,
216.48,,
216.48,,
216.48,,
216.48,,
216.48,,
216.49,,
216.49,,
216.49,,
216.49,,
216.49,,
216.49,,
216.49,,
216.49,,
216.49,,
216.49,,
216.49,,
216.49,,
216.49,,
216.49,,
216.49,,
216.49,,
216.49,,
216.49,,
216.49,,
216.49,,
216.49,,
216.49,,
216.49,,
216.5,,
216.5,,
216.5,,
216.5,,
216.5,,
216.5,,
216.5,,
216.5,,
216.5,,
216.5,,
216.5,,
216.5,,
216.5,,
216.5,,
216.5,,
216.5,,
216.5,,
216.5,,
216.5,,
216.5,,
216.5,,
216.5,,
216.5,,
216.5,,
216.5,,
216.5,,
216.5,,
216.5,,
216.5,,
216.5,,
216.5,,
216.51,,
216.51,,
216.51,,
216.51,,
216.51,,
216.51,,
216.51,,
216.51,,
216.51,,
216.51,,
216.51,,
216.51,,
216.51,,
216.51,,
216.51,,
216.51,,
216.51,,
216.51,,
216.51,,
216.51,,
216.51,,
216.51,,
216.51,,
216.51,,
216.51,,
216.51,,
216.52,,
216.52,,
216.52,,
216.52,,
216.52,,
216.52,,
216.52,,
216.52,,
216.52,,
216.52,,
216.52,,
216.52,,
216.52,,
216.52,,
216.52,,
216.52,,
216.52,,
216.52,,
216.52,,
216.52,,
216.52,,
216.52,,
216.52,,
216.53,,
216.53,,
216.53,,
216.53,,
216.53,,
216.53,,
216.53,,
216.53,,
216.53,,
216.53,,
216.53,,
216.53,,
216.53,,
216.53,,
216.53,,
216.53,,
216.53,,
216.53,,
216.53,,
216.53,,
216.53,,
216.53,,
216.53,,
216.53,,
216.53,,
216.53,,
216.53,,
216.54,,
216.54,,
216.54,,
216.54,,
216.54,,
216.54,,
216.54,,
216.54,,
216.54,,
216.54,,
216.54,,
216.54,,
216.54,,
216.54,,
216.54,,
216.54,,
216.54,,
216.54,,
216.54,,
216.54,,
216.54,,
216.54,,
216.54,,
216.54,,
216.54,,
216.54,,
216.54,,
216.54,,
216.55,,
216.55,,
216.55,,
216.55,,
216.55,,
216.55,,
216.55,,
216.55,,
216.55,,
216.55,,
216.55,,
216.55,,
216.55,,
216.55,,
216.55,,
216.55,,
216.55,,
216.55,,
216.55,,
216.55,,
216.55,,
216.55,,
216.55,,
216.55,,
216.55,,
216.55,,
216.55,,
216.55,,
216.55,,
216.56,,
216.56,,
216.56,,
216.56,,
216.56,,
216.56,,
216.56,,
216.56,,
216.56,,
216.56,,
216.56,,
216.56,,
216.56,,
216.56,,
216.56,,
216.56,,
216.56,,
216.56,,
216.56,,
216.56,,
216.56,,
216.56,,
216.56,,
216.56,,
216.56,,
216.56,,
216.56,,
216.56,,
216.56,,
216.56,,
216.56,,
216.56,,
216.56,,
216.57,,
216.57,,
216.57,,
216.57,,
216.57,,
216.57,,
216.57,,
216.57,,
216.57,,
216.57,,
216.57,,
216.57,,
216.57,,
216.57,,
216.57,,
216.57,,
216.57,,
216.57,,
216.58,,
216.58,,
216.58,,
216.58,,
216.58,,
216.58,,
216.58,,
216.58,,
216.58,,
216.58,,
216.58,,
216.58,,
216.58,,
216.58,,
216.58,,
216.58,,
216.58,,
216.58,,
216.58,,
216.58,,
216.58,,
216.58,,
216.58,,
216.58,,
216.59,,
216.59,,
216.59,,
216.59,,
216.59,,
216.59,,
216.59,,
216.59,,
216.59,,
216.59,,
216.59,,
216.59,,
216.59,,
216.59,,
216.59,,
216.59,,
216.59,,
216.59,,
216.59,,
216.59,,
216.6,,
216.6,,
216.6,,
216.6,,
216.6,,
216.6,,
216.6,,
216.6,,
216.6,,
216.6,,
216.6,,
216.6,,
216.6,,
216.6,,
216.6,,
216.6,,
216.6,,
216.6,,
216.6,,
216.6,,
216.6,,
216.6,,
216.6,,
216.6,,
216.6,,
216.6,,
216.6,,
216.6,,
216.6,,
216.6,,
216.6,,
216.6,,
216.6,,
216.6,,
216.6,,
216.6,,
216.6,,
216.6,,
216.6,,
216.6,,
216.6,,
216.6,,
216.6,,
216.61,,
216.61,,
216.61,,
216.61,,
216.61,,
216.61,,
216.61,,
216.61,,
216.61,,
216.61,,
216.61,,
216.61,,
216.61,,
216.61,,
216.61,,
216.61,,
216.61,,
216.61,,
216.61,,
216.61,,
216.61,,
216.61,,
216.62,,
216.62,,
216.62,,
216.62,,
216.62,,
216.62,,
216.62,,
216.62,,
216.62,,
216.62,,
216.62,,
216.62,,
216.62,,
216.62,,
216.62,,
216.62,,
216.62,,
216.62,,
216.62,,
216.62,,
216.62,,
216.62,,
216.62,,
216.62,,
216.62,,
216.62,,
216.62,,
216.62,,
216.62,,
216.62,,
216.62,,
216.62,,
216.62,,
216.63,,
216.63,,
216.63,,
216.63,,
216.63,,
216.63,,
216.63,,
216.63,,
216.63,,
216.63,,
216.63,,
216.63,,
216.63,,
216.63,,
216.63,,
216.63,,
216.63,,
216.63,,
216.63,,
216.63,,
216.63,,
216.63,,
216.63,,
216.63,,
216.63,,
216.63,,
216.64,,
216.64,,
216.64,,
216.64,,
216.64,,
216.64,,
216.64,,
216.64,,
216.64,,
216.64,,
216.64,,
216.64,,
216.64,,
216.64,,
216.64,,
216.64,,
216.64,,
216.64,,
216.64,,
216.64,,
216.64,,
216.64,,
216.64,,
216.64,,
216.64,,
216.64,,
216.64,,
216.64,,
216.65,,
216.65,,
216.65,,
216.65,,
216.65,,
216.65,,
216.65,,
216.65,,
216.65,,
216.65,,
216.65,,
216.65,,
216.65,,
216.65,,
216.65,,
216.65,,
216.65,,
216.65,,
216.65,,
216.65,,
216.65,,
216.66,,
216.66,,
216.66,,
216.66,,
216.66,,
216.66,,
216.66,,
216.66,,
216.66,,
216.66,,
216.66,,
216.66,,
216.66,,
216.66,,
216.66,,
216.66,,
216.66,,
216.66,,
216.66,,
216.66,,
216.66,,
216.66,,
216.66,,
216.66,,
216.66,,
216.67,,
216.67,,
216.67,,
216.67,,
216.67,,
216.67,,
216.67,,
216.67,,
216.67,,
216.67,,
216.67,,
216.67,,
216.67,,
216.67,,
216.67,,
216.67,,
216.67,,
216.67,,
216.68,,
216.68,,
216.68,,
216.68,,
216.68,,
216.68,,
216.68,,
216.68,,
216.68,,
216.68,,
216.68,,
216.68,,
216.68,,
216.68,,
216.68,,
216.68,,
216.68,,
216.68,,
216.68,,
216.68,,
216.68,,
216.68,,
216.68,,
216.68,,
216.69,,
216.69,,
216.69,,
216.69,,
216.69,,
216.69,,
216.69,,
216.69,,
216.69,,
216.69,,
216.69,,
216.69,,
216.69,,
216.69,,
216.69,,
216.69,,
216.69,,
216.69,,
216.69,,
216.69,,
216.69,,
216.69,,
216.69,,
216.69,,
216.69,,
216.69,,
216.69,,
216.69,,
216.7,,
216.7,,
216.7,,
216.7,,
216.7,,
216.7,,
216.7,,
216.7,,
216.7,,
216.7,,
216.7,,
216.7,,
216.7,,
216.7,,
216.7,,
216.7,,
216.7,,
216.7,,
216.7,,
216.7,,
216.7,,
216.7,,
216.7,,
216.7,,
216.7,,
216.7,,
216.7,,
216.7,,
216.7,,
216.7,,
216.7,,
216.7,,
216.7,,
216.7,,
216.7,,
216.7,,
216.7,,
216.7,,
216.7,,
216.7,,
216.7,,
216.7,,
216.7,,
216.71,,
216.71,,
216.71,,
216.71,,
216.71,,
216.71,,
216.71,,
216.71,,
216.71,,
216.71,,
216.71,,
216.71,,
216.71,,
216.71,,
216.71,,
216.71,,
216.71,,
216.71,,
216.71,,
216.71,,
216.71,,
216.71,,
216.71,,
216.71,,
216.71,,
216.71,,
216.71,,
216.71,,
216.71,,
216.71,,
216.71,,
216.71,,
216.71,,
216.71,,
216.72,,
216.72,,
216.72,,
216.72,,
216.72,,
216.72,,
216.72,,
216.72,,
216.72,,
216.72,,
216.72,,
216.72,,
216.72,,
216.72,,
216.72,,
216.72,,
216.72,,
216.72,,
216.72,,
216.72,,
216.72,,
216.72,,
216.72,,
216.72,,
216.72,,
216.73,,
216.73,,
216.73,,
216.73,,
216.73,,
216.73,,
216.73,,
216.73,,
216.73,,
216.73,,
216.73,,
216.73,,
216.73,,
216.73,,
216.73,,
216.73,,
216.73,,
216.73,,
216.73,,
216.73,,
216.73,,
216.73,,
216.73,,
216.73,,
216.73,,
216.73,,
216.74,,
216.74,,
216.74,,
216.74,,
216.74,,
216.74,,
216.74,,
216.74,,
216.74,,
216.74,,
216.74,,
216.74,,
216.74,,
216.74,,
216.74,,
216.74,,
216.74,,
216.74,,
216.74,,
216.74,,
216.74,,
216.74,,
216.74,,
216.74,,
216.74,,
216.74,,
216.74,,
216.75,,
216.75,,
216.75,,
216.75,,
216.75,,
216.75,,
216.75,,
216.75,,
216.75,,
216.75,,
216.75,,
216.75,,
216.75,,
216.75,,
216.75,,
216.75,,
216.76,,
216.76,,
216.76,,
216.76,,
216.76,,
216.76,,
216.76,,
216.76,,
216.76,,
216.76,,
216.76,,
216.76,,
216.76,,
216.76,,
216.76,,
216.76,,
216.76,,
216.76,,
216.77,,
216.77,,
216.77,,
216.77,,
216.77,,
216.77,,
216.77,,
216.77,,
216.77,,
216.77,,
216.77,,
216.77,,
216.77,,
216.77,,
216.77,,
216.77,,
216.77,,
216.77,,
216.77,,
216.77,,
216.77,,
216.77,,
216.77,,
216.78,,
216.78,,
216.78,,
216.78,,
216.78,,
216.78,,
216.78,,
216.78,,
216.78,,
216.78,,
216.78,,
216.78,,
216.78,,
216.78,,
216.78,,
216.78,,
216.78,,
216.78,,
216.78,,
216.78,,
216.78,,
216.78,,
216.78,,
216.78,,
216.78,,
216.79,,
216.79,,
216.79,,
216.79,,
216.79,,
216.79,,
216.79,,
216.79,,
216.79,,
216.79,,
216.79,,
216.79,,
216.79,,
216.79,,
216.79,,
216.79,,
216.8,,
216.8,,
216.8,,
216.8,,
216.8,,
216.8,,
216.8,,
216.8,,
216.8,,
216.8,,
216.8,,
216.8,,
216.8,,
216.8,,
216.8,,
216.8,,
216.8,,
216.8,,
216.8,,
216.8,,
216.8,,
216.8,,
216.8,,
216.8,,
216.8,,
216.8,,
216.8,,
216.8,,
216.8,,
216.8,,
216.8,,
216.8,,
216.8,,
216.8,,
216.8,,
216.8,,
216.8,,
216.8,,
216.8,,
216.8,,
216.8,,
216.8,,
216.8,,
216.8,,
216.8,,
216.8,,
216.8,,
216.8,,
216.8,,
216.8,,
216.8,,
216.8,,
216.8,,
216.8,,
216.8,,
216.8,,
216.81,,
216.81,,
216.81,,
216.81,,
216.81,,
216.81,,
216.81,,
216.81,,
216.81,,
216.81,,
216.81,,
216.81,,
216.81,,
216.81,,
216.81,,
216.81,,
216.81,,
216.81,,
216.81,,
216.81,,
216.81,,
216.81,,
216.81,,
216.81,,
216.81,,
216.81,,
216.81,,
216.81,,
216.82,,
216.82,,
216.82,,
216.82,,
216.82,,
216.82,,
216.82,,
216.82,,
216.82,,
216.82,,
216.82,,
216.82,,
216.82,,
216.82,,
216.82,,
216.82,,
216.82,,
216.82,,
216.82,,
216.82,,
216.82,,
216.82,,
216.82,,
216.82,,
216.82,,
216.82,,
216.83,,
216.83,,
216.83,,
216.83,,
216.83,,
216.83,,
216.83,,
216.83,,
216.83,,
216.83,,
216.83,,
216.83,,
216.83,,
216.83,,
216.83,,
216.83,,
216.83,,
216.83,,
216.83,,
216.83,,
216.83,,
216.83,,
216.83,,
216.83,,
216.83,,
216.83,,
216.83,,
216.83,,
216.83,,
216.83,,
216.83,,
216.84,,
216.84,,
216.84,,
216.84,,
216.84,,
216.84,,
216.84,,
216.84,,
216.84,,
216.84,,
216.84,,
216.84,,
216.84,,
216.84,,
216.84,,
216.84,,
216.84,,
216.84,,
216.84,,
216.84,,
216.84,,
216.84,,
216.84,,
216.84,,
216.84,,
216.84,,
216.84,,
216.84,,
216.84,,
216.84,,
216.85,,
216.85,,
216.85,,
216.85,,
216.85,,
216.85,,
216.85,,
216.85,,
216.85,,
216.85,,
216.85,,
216.85,,
216.85,,
216.85,,
216.85,,
216.85,,
216.85,,
216.85,,
216.85,,
216.85,,
216.85,,
216.85,,
216.85,,
216.85,,
216.85,,
216.85,,
216.86,,
216.86,,
216.86,,
216.86,,
216.86,,
216.86,,
216.86,,
216.86,,
216.86,,
216.86,,
216.86,,
216.86,,
216.86,,
216.86,,
216.86,,
216.86,,
216.86,,
216.86,,
216.86,,
216.86,,
216.86,,
216.86,,
216.86,,
216.86,,
216.87,,
216.87,,
216.87,,
216.87,,
216.87,,
216.87,,
216.87,,
216.87,,
216.87,,
216.87,,
216.87,,
216.87,,
216.87,,
216.87,,
216.87,,
216.87,,
216.87,,
216.87,,
216.87,,
216.87,,
216.87,,
216.87,,
216.87,,
216.87,,
216.87,,
216.87,,
216.87,,
216.87,,
216.87,,
216.87,,
216.87,,
216.87,,
216.87,,
216.88,,
216.88,,
216.88,,
216.88,,
216.88,,
216.88,,
216.88,,
216.88,,
216.88,,
216.88,,
216.88,,
216.88,,
216.88,,
216.88,,
216.88,,
216.88,,
216.88,,
216.88,,
216.88,,
216.88,,
216.88,,
216.88,,
216.88,,
216.88,,
216.88,,
216.88,,
216.88,,
216.88,,
216.88,,
216.88,,
216.88,,
216.88,,
216.89,,
216.89,,
216.89,,
216.89,,
216.89,,
216.89,,
216.89,,
216.89,,
216.89,,
216.89,,
216.89,,
216.89,,
216.89,,
216.89,,
216.9,,
216.9,,
216.9,,
216.9,,
216.9,,
216.9,,
216.9,,
216.9,,
216.9,,
216.9,,
216.9,,
216.9,,
216.9,,
216.9,,
216.9,,
216.9,,
216.9,,
216.9,,
216.9,,
216.9,,
216.9,,
216.9,,
216.9,,
216.9,,
216.9,,
216.9,,
216.9,,
216.9,,
216.9,,
216.9,,
216.9,,
216.9,,
216.9,,
216.9,,
216.9,,
216.9,,
216.9,,
216.9,,
216.91,,
216.91,,
216.91,,
216.91,,
216.91,,
216.91,,
216.91,,
216.91,,
216.91,,
216.91,,
216.91,,
216.91,,
216.91,,
216.91,,
216.91,,
216.91,,
216.91,,
216.91,,
216.91,,
216.92,,
216.92,,
216.92,,
216.92,,
216.92,,
216.92,,
216.92,,
216.92,,
216.92,,
216.92,,
216.92,,
216.92,,
216.92,,
216.92,,
216.92,,
216.92,,
216.92,,
216.92,,
216.92,,
216.92,,
216.92,,
216.92,,
216.92,,
216.92,,
216.92,,
216.92,,
216.92,,
216.93,,
216.93,,
216.93,,
216.93,,
216.93,,
216.93,,
216.93,,
216.93,,
216.93,,
216.93,,
216.93,,
216.93,,
216.93,,
216.93,,
216.93,,
216.93,,
216.93,,
216.93,,
216.93,,
216.93,,
216.93,,
216.93,,
216.93,,
216.93,,
216.93,,
216.93,,
216.94,,
216.94,,
216.94,,
216.94,,
216.94,,
216.94,,
216.94,,
216.94,,
216.94,,
216.94,,
216.94,,
216.94,,
216.94,,
216.94,,
216.94,,
216.94,,
216.94,,
216.94,,
216.94,,
216.94,,
216.94,,
216.94,,
216.95,,
216.95,,
216.95,,
216.95,,
216.95,,
216.95,,
216.95,,
216.95,,
216.95,,
216.95,,
216.95,,
216.95,,
216.95,,
216.95,,
216.95,,
216.95,,
216.95,,
216.95,,
216.95,,
216.95,,
216.95,,
216.95,,
216.95,,
216.95,,
216.95,,
216.96,,
216.96,,
216.96,,
216.96,,
216.96,,
216.96,,
216.96,,
216.96,,
216.96,,
216.96,,
216.96,,
216.96,,
216.96,,
216.96,,
216.96,,
216.96,,
216.96,,
216.96,,
216.96,,
216.96,,
216.96,,
216.96,,
216.96,,
216.96,,
216.96,,
216.96,,
216.97,,
216.97,,
216.97,,
216.97,,
216.97,,
216.97,,
216.97,,
216.97,,
216.97,,
216.97,,
216.97,,
216.97,,
216.97,,
216.97,,
216.97,,
216.97,,
216.97,,
216.97,,
216.97,,
216.97,,
216.97,,
216.97,,
216.97,,
216.97,,
216.97,,
216.97,,
216.97,,
216.97,,
216.97,,
216.97,,
216.97,,
216.97,,
216.97,,
216.97,,
216.98,,
216.98,,
216.98,,
216.98,,
216.98,,
216.98,,
216.98,,
216.98,,
216.98,,
216.98,,
216.98,,
216.98,,
216.98,,
216.98,,
216.98,,
216.98,,
216.98,,
216.98,,
216.98,,
216.98,,
216.98,,
216.98,,
216.98,,
216.98,,
216.99,,
216.99,,
216.99,,
216.99,,
216.99,,
216.99,,
216.99,,
216.99,,
216.99,,
216.99,,
216.99,,
216.99,,
216.99,,
216.99,,
216.99,,
216.99,,
216.99,,
216.99,,
216.99,,
216.99,,
216.99,,
216.99,,
216.99,,
216.99,,
216.99,,
216.99,,
216.99,,
216.99,,
216.99,,
216.99,,
216.99,,
216.99,,
216.99,,
216.99,,
216.99,,
217.0,,
217.0,,
217.0,,
217.0,,
217.0,,
217.0,,
217.0,,
217.0,,
217.0,,
217.0,,
217.0,,
217.0,,
217.0,,
217.0,,
217.0,,
217.0,,
217.0,,
217.0,,
217.0,,
217.0,,
217.0,,
217.0,,
217.0,,
217.0,,
217.0,,
217.0,,
217.0,,
217.0,,
217.0,,
217.0,,
217.0,,
217.0,,
217.0,,
217.0,,
217.0,,
217.0,,
217.0,,
217.0,,
217.0,,
217.0,,
217.0,,
217.0,,
217.0,,
217.0,,
217.0,,
217.0,,
217.0,,
217.0,,
217.01,,
217.01,,
217.01,,
217.01,,
217.01,,
217.01,,
217.01,,
217.01,,
217.01,,
217.01,,
217.01,,
217.01,,
217.01,,
217.01,,
217.01,,
217.01,,
217.01,,
217.01,,
217.01,,
217.01,,
217.01,,
217.01,,
217.01,,
217.01,,
217.01,,
217.01,,
217.01,,
217.01,,
217.01,,
217.01,,
217.01,,
217.01,,
217.02,,
217.02,,
217.02,,
217.02,,
217.02,,
217.02,,
217.02,,
217.02,,
217.02,,
217.02,,
217.02,,
217.02,,
217.02,,
217.02,,
217.02,,
217.02,,
217.02,,
217.02,,
217.02,,
217.02,,
217.02,,
217.02,,
217.02,,
217.03,,
217.03,,
217.03,,
217.03,,
217.03,,
217.03,,
217.03,,
217.03,,
217.03,,
217.03,,
217.03,,
217.03,,
217.03,,
217.03,,
217.03,,
217.03,,
217.03,,
217.03,,
217.03,,
217.03,,
217.03,,
217.03,,
217.03,,
217.03,,
217.03,,
217.03,,
217.03,,
217.03,,
217.03,,
217.03,,
217.04,,
217.04,,
217.04,,
217.04,,
217.04,,
217.04,,
217.04,,
217.04,,
217.04,,
217.04,,
217.04,,
217.04,,
217.04,,
217.04,,
217.04,,
217.04,,
217.04,,
217.04,,
217.04,,
217.04,,
217.04,,
217.04,,
217.04,,
217.04,,
217.04,,
217.04,,
217.04,,
217.04,,
217.04,,
217.04,,
217.04,,
217.04,,
217.04,,
217.04,,
217.04,,
217.05,,
217.05,,
217.05,,
217.05,,
217.05,,
217.05,,
217.05,,
217.05,,
217.05,,
217.05,,
217.05,,
217.05,,
217.05,,
217.05,,
217.05,,
217.05,,
217.05,,
217.05,,
217.05,,
217.05,,
217.05,,
217.05,,
217.05,,
217.05,,
217.05,,
217.05,,
217.05,,
217.05,,
217.05,,
217.06,,
217.06,,
217.06,,
217.06,,
217.06,,
217.06,,
217.06,,
217.06,,
217.06,,
217.06,,
217.06,,
217.06,,
217.06,,
217.06,,
217.06,,
217.06,,
217.06,,
217.07,,
217.07,,
217.07,,
217.07,,
217.07,,
217.07,,
217.07,,
217.07,,
217.07,,
217.07,,
217.07,,
217.07,,
217.07,,
217.07,,
217.07,,
217.07,,
217.07,,
217.07,,
217.07,,
217.07,,
217.07,,
217.07,,
217.07,,
217.07,,
217.07,,
217.07,,
217.07,,
217.07,,
217.07,,
217.08,,
217.08,,
217.08,,
217.08,,
217.08,,
217.08,,
217.08,,
217.08,,
217.08,,
217.08,,
217.08,,
217.08,,
217.08,,
217.08,,
217.08,,
217.08,,
217.08,,
217.08,,
217.08,,
217.08,,
217.08,,
217.08,,
217.08,,
217.08,,
217.08,,
217.08,,
217.08,,
217.08,,
217.08,,
217.08,,
217.08,,
217.08,,
217.08,,
217.09,,
217.09,,
217.09,,
217.09,,
217.09,,
217.09,,
217.09,,
217.09,,
217.09,,
217.09,,
217.09,,
217.1,,
217.1,,
217.1,,
217.1,,
217.1,,
217.1,,
217.1,,
217.1,,
217.1,,
217.1,,
217.1,,
217.1,,
217.1,,
217.1,,
217.1,,
217.1,,
217.1,,
217.1,,
217.1,,
217.1,,
217.1,,
217.1,,
217.1,,
217.1,,
217.1,,
217.1,,
217.1,,
217.1,,
217.1,,
217.1,,
217.1,,
217.1,,
217.1,,
217.1,,
217.1,,
217.1,,
217.1,,
217.1,,
217.1,,
217.1,,
217.1,,
217.1,,
217.1,,
217.1,,
217.1,,
217.11,,
217.11,,
217.11,,
217.11,,
217.11,,
217.11,,
217.11,,
217.11,,
217.11,,
217.11,,
217.11,,
217.11,,
217.11,,
217.11,,
217.11,,
217.11,,
217.11,,
217.11,,
217.11,,
217.11,,
217.11,,
217.11,,
217.11,,
217.11,,
217.11,,
217.11,,
217.12,,
217.12,,
217.12,,
217.12,,
217.12,,
217.12,,
217.12,,
217.12,,
217.12,,
217.12,,
217.12,,
217.12,,
217.12,,
217.12,,
217.12,,
217.12,,
217.12,,
217.12,,
217.12,,
217.12,,
217.13,,
217.13,,
217.13,,
217.13,,
217.13,,
217.13,,
217.13,,
217.13,,
217.13,,
217.13,,
217.13,,
217.13,,
217.13,,
217.13,,
217.13,,
217.13,,
217.13,,
217.13,,
217.13,,
217.13,,
217.13,,
217.13,,
217.13,,
217.13,,
217.13,,
217.13,,
217.13,,
217.14,,
217.14,,
217.14,,
217.14,,
217.14,,
217.14,,
217.14,,
217.14,,
217.14,,
217.14,,
217.14,,
217.14,,
217.14,,
217.14,,
217.14,,
217.14,,
217.14,,
217.14,,
217.15,,
217.15,,
217.15,,
217.15,,
217.15,,
217.15,,
217.15,,
217.15,,
217.15,,
217.15,,
217.15,,
217.15,,
217.15,,
217.15,,
217.15,,
217.15,,
217.15,,
217.15,,
217.15,,
217.15,,
217.15,,
217.15,,
217.15,,
217.15,,
217.16,,
217.16,,
217.16,,
217.16,,
217.16,,
217.16,,
217.16,,
217.16,,
217.16,,
217.16,,
217.16,,
217.16,,
217.16,,
217.16,,
217.16,,
217.16,,
217.16,,
217.16,,
217.16,,
217.17,,
217.17,,
217.17,,
217.17,,
217.17,,
217.17,,
217.17,,
217.17,,
217.17,,
217.17,,
217.17,,
217.17,,
217.17,,
217.17,,
217.17,,
217.17,,
217.17,,
217.17,,
217.17,,
217.17,,
217.17,,
217.17,,
217.17,,
217.17,,
217.17,,
217.17,,
217.17,,
217.18,,
217.18,,
217.18,,
217.18,,
217.18,,
217.18,,
217.18,,
217.18,,
217.18,,
217.18,,
217.18,,
217.18,,
217.18,,
217.18,,
217.18,,
217.18,,
217.18,,
217.18,,
217.18,,
217.18,,
217.18,,
217.18,,
217.18,,
217.18,,
217.18,,
217.18,,
217.18,,
217.18,,
217.18,,
217.19,,
217.19,,
217.19,,
217.19,,
217.19,,
217.19,,
217.19,,
217.19,,
217.19,,
217.19,,
217.19,,
217.19,,
217.19,,
217.19,,
217.19,,
217.19,,
217.19,,
217.19,,
217.19,,
217.19,,
217.19,,
217.19,,
217.19,,
217.19,,
217.19,,
217.19,,
217.19,,
217.19,,
217.19,,
217.19,,
217.19,,
217.19,,
217.2,,
217.2,,
217.2,,
217.2,,
217.2,,
217.2,,
217.2,,
217.2,,
217.2,,
217.2,,
217.2,,
217.2,,
217.2,,
217.2,,
217.2,,
217.2,,
217.2,,
217.2,,
217.2,,
217.2,,
217.2,,
217.2,,
217.2,,
217.2,,
217.2,,
217.2,,
217.2,,
217.2,,
217.2,,
217.2,,
217.2,,
217.2,,
217.2,,
217.2,,
217.2,,
217.2,,
217.2,,
217.2,,
217.2,,
217.2,,
217.2,,
217.2,,
217.2,,
217.2,,
217.2,,
217.2,,
217.2,,
217.2,,
217.2,,
217.2,,
217.21,,
217.21,,
217.21,,
217.21,,
217.21,,
217.21,,
217.21,,
217.21,,
217.21,,
217.21,,
217.21,,
217.21,,
217.21,,
217.21,,
217.21,,
217.21,,
217.21,,
217.21,,
217.21,,
217.21,,
217.21,,
217.22,,
217.22,,
217.22,,
217.22,,
217.22,,
217.22,,
217.22,,
217.22,,
217.22,,
217.22,,
217.22,,
217.22,,
217.22,,
217.22,,
217.22,,
217.22,,
217.22,,
217.22,,
217.22,,
217.22,,
217.22,,
217.22,,
217.22,,
217.22,,
217.22,,
217.22,,
217.22,,
217.23,,
217.23,,
217.23,,
217.23,,
217.23,,
217.23,,
217.23,,
217.23,,
217.23,,
217.23,,
217.23,,
217.23,,
217.23,,
217.23,,
217.23,,
217.23,,
217.23,,
217.23,,
217.23,,
217.23,,
217.23,,
217.23,,
217.23,,
217.24,,
217.24,,
217.24,,
217.24,,
217.24,,
217.24,,
217.24,,
217.24,,
217.24,,
217.24,,
217.24,,
217.24,,
217.24,,
217.24,,
217.24,,
217.24,,
217.24,,
217.24,,
217.24,,
217.24,,
217.24,,
217.24,,
217.24,,
217.24,,
217.24,,
217.24,,
217.24,,
217.24,,
217.24,,
217.24,,
217.25,,
217.25,,
217.25,,
217.25,,
217.25,,
217.25,,
217.25,,
217.25,,
217.25,,
217.25,,
217.25,,
217.25,,
217.25,,
217.25,,
217.25,,
217.25,,
217.25,,
217.25,,
217.25,,
217.25,,
217.25,,
217.25,,
217.25,,
217.25,,
217.25,,
217.25,,
217.25,,
217.25,,
217.25,,
217.26,,
217.26,,
217.26,,
217.26,,
217.26,,
217.26,,
217.26,,
217.26,,
217.26,,
217.26,,
217.26,,
217.26,,
217.26,,
217.26,,
217.26,,
217.26,,
217.26,,
217.26,,
217.26,,
217.26,,
217.26,,
217.26,,
217.26,,
217.26,,
217.26,,
217.26,,
217.26,,
217.26,,
217.26,,
217.26,,
217.26,,
217.26,,
217.26,,
217.26,,
217.27,,
217.27,,
217.27,,
217.27,,
217.27,,
217.27,,
217.27,,
217.27,,
217.27,,
217.27,,
217.27,,
217.27,,
217.27,,
217.27,,
217.27,,
217.27,,
217.27,,
217.27,,
217.27,,
217.27,,
217.27,,
217.27,,
217.27,,
217.27,,
217.27,,
217.27,,
217.27,,
217.27,,
217.27,,
217.27,,
217.27,,
217.27,,
217.28,,
217.28,,
217.28,,
217.28,,
217.28,,
217.28,,
217.28,,
217.28,,
217.28,,
217.28,,
217.28,,
217.28,,
217.28,,
217.28,,
217.28,,
217.28,,
217.28,,
217.28,,
217.28,,
217.28,,
217.28,,
217.28,,
217.28,,
217.28,,
217.28,,
217.28,,
217.28,,
217.28,,
217.28,,
217.28,,
217.29,,
217.29,,
217.29,,
217.29,,
217.29,,
217.29,,
217.29,,
217.29,,
217.29,,
217.29,,
217.29,,
217.29,,
217.29,,
217.29,,
217.29,,
217.29,,
217.29,,
217.29,,
217.29,,
217.29,,
217.29,,
217.29,,
217.3,,
217.3,,
217.3,,
217.3,,
217.3,,
217.3,,
217.3,,
217.3,,
217.3,,
217.3,,
217.3,,
217.3,,
217.3,,
217.3,,
217.3,,
217.3,,
217.3,,
217.3,,
217.3,,
217.3,,
217.3,,
217.3,,
217.3,,
217.3,,
217.3,,
217.3,,
217.3,,
217.3,,
217.3,,
217.3,,
217.3,,
217.3,,
217.3,,
217.3,,
217.3,,
217.3,,
217.3,,
217.3,,
217.3,,
217.3,,
217.3,,
217.3,,
217.3,,
217.3,,
217.3,,
217.3,,
217.3,,
217.3,,
217.3,,
217.3,,
217.3,,
217.3,,
217.3,,
217.3,,
217.3,,
217.3,,
217.3,,
217.3,,
217.3,,
217.3,,
217.3,,
217.31,,
217.31,,
217.31,,
217.31,,
217.31,,
217.31,,
217.31,,
217.31,,
217.31,,
217.31,,
217.31,,
217.31,,
217.31,,
217.31,,
217.31,,
217.31,,
217.31,,
217.31,,
217.31,,
217.31,,
217.31,,
217.31,,
217.31,,
217.31,,
217.31,,
217.31,,
217.31,,
217.32,,
217.32,,
217.32,,
217.32,,
217.32,,
217.32,,
217.32,,
217.32,,
217.32,,
217.32,,
217.32,,
217.32,,
217.32,,
217.32,,
217.32,,
217.32,,
217.32,,
217.32,,
217.32,,
217.32,,
217.32,,
217.32,,
217.32,,
217.32,,
217.32,,
217.33,,
217.33,,
217.33,,
217.33,,
217.33,,
217.33,,
217.33,,
217.33,,
217.33,,
217.33,,
217.33,,
217.33,,
217.33,,
217.33,,
217.33,,
217.33,,
217.33,,
217.33,,
217.33,,
217.33,,
217.33,,
217.33,,
217.33,,
217.33,,
217.33,,
217.33,,
217.33,,
217.33,,
217.34,,
217.34,,
217.34,,
217.34,,
217.34,,
217.34,,
217.34,,
217.34,,
217.34,,
217.34,,
217.34,,
217.34,,
217.34,,
217.34,,
217.34,,
217.34,,
217.34,,
217.34,,
217.34,,
217.34,,
217.34,,
217.34,,
217.34,,
217.34,,
217.34,,
217.34,,
217.34,,
217.34,,
217.34,,
217.34,,
217.35,,
217.35,,
217.35,,
217.35,,
217.35,,
217.35,,
217.35,,
217.35,,
217.35,,
217.35,,
217.35,,
217.35,,
217.35,,
217.35,,
217.35,,
217.35,,
217.35,,
217.35,,
217.35,,
217.35,,
217.35,,
217.35,,
217.35,,
217.35,,
217.35,,
217.35,,
217.35,,
217.35,,
217.35,,
217.35,,
217.35,,
217.36,,
217.36,,
217.36,,
217.36,,
217.36,,
217.36,,
217.36,,
217.36,,
217.36,,
217.36,,
217.36,,
217.36,,
217.36,,
217.36,,
217.36,,
217.36,,
217.36,,
217.36,,
217.36,,
217.36,,
217.36,,
217.36,,
217.36,,
217.36,,
217.36,,
217.36,,
217.36,,
217.36,,
217.36,,
217.36,,
217.36,,
217.36,,
217.36,,
217.37,,
217.37,,
217.37,,
217.37,,
217.37,,
217.37,,
217.37,,
217.37,,
217.37,,
217.37,,
217.37,,
217.37,,
217.37,,
217.37,,
217.37,,
217.37,,
217.37,,
217.37,,
217.37,,
217.37,,
217.37,,
217.37,,
217.37,,
217.37,,
217.37,,
217.37,,
217.37,,
217.37,,
217.38,,
217.38,,
217.38,,
217.38,,
217.38,,
217.38,,
217.38,,
217.38,,
217.38,,
217.38,,
217.38,,
217.38,,
217.38,,
217.38,,
217.38,,
217.38,,
217.38,,
217.38,,
217.38,,
217.38,,
217.38,,
217.38,,
217.38,,
217.39,,
217.39,,
217.39,,
217.39,,
217.39,,
217.39,,
217.39,,
217.39,,
217.39,,
217.39,,
217.39,,
217.39,,
217.39,,
217.39,,
217.39,,
217.39,,
217.39,,
217.39,,
217.39,,
217.39,,
217.39,,
217.39,,
217.39,,
217.39,,
217.4,,
217.4,,
217.4,,
217.4,,
217.4,,
217.4,,
217.4,,
217.4,,
217.4,,
217.4,,
217.4,,
217.4,,
217.4,,
217.4,,
217.4,,
217.4,,
217.4,,
217.4,,
217.4,,
217.4,,
217.4,,
217.4,,
217.4,,
217.4,,
217.4,,
217.4,,
217.4,,
217.4,,
217.4,,
217.4,,
217.4,,
217.4,,
217.4,,
217.4,,
217.4,,
217.4,,
217.4,,
217.4,,
217.4,,
217.4,,
217.4,,
217.4,,
217.4,,
217.4,,
217.4,,
217.4,,
217.4,,
217.4,,
217.4,,
217.4,,
217.4,,
217.4,,
217.4,,
217.4,,
217.4,,
217.4,,
217.4,,
217.4,,
217.4,,
217.4,,
217.41,,
217.41,,
217.41,,
217.41,,
217.41,,
217.41,,
217.41,,
217.41,,
217.41,,
217.41,,
217.41,,
217.41,,
217.41,,
217.41,,
217.41,,
217.41,,
217.41,,
217.41,,
217.41,,
217.41,,
217.41,,
217.41,,
217.41,,
217.41,,
217.41,,
217.41,,
217.41,,
217.41,,
217.42,,
217.42,,
217.42,,
217.42,,
217.42,,
217.42,,
217.42,,
217.42,,
217.42,,
217.42,,
217.42,,
217.42,,
217.42,,
217.42,,
217.42,,
217.42,,
217.42,,
217.42,,
217.42,,
217.42,,
217.42,,
217.42,,
217.42,,
217.42,,
217.42,,
217.42,,
217.42,,
217.42,,
217.42,,
217.42,,
217.42,,
217.42,,
217.42,,
217.43,,
217.43,,
217.43,,
217.43,,
217.43,,
217.43,,
217.43,,
217.43,,
217.43,,
217.43,,
217.43,,
217.43,,
217.43,,
217.43,,
217.43,,
217.43,,
217.43,,
217.43,,
217.43,,
217.43,,
217.43,,
217.43,,
217.43,,
217.43,,
217.43,,
217.43,,
217.43,,
217.43,,
217.43,,
217.43,,
217.43,,
217.43,,
217.43,,
217.43,,
217.43,,
217.43,,
217.43,,
217.43,,
217.43,,
217.43,,
217.43,,
217.43,,
217.43,,
217.44,,
217.44,,
217.44,,
217.44,,
217.44,,
217.44,,
217.44,,
217.44,,
217.44,,
217.44,,
217.44,,
217.44,,
217.44,,
217.44,,
217.44,,
217.44,,
217.44,,
217.44,,
217.44,,
217.44,,
217.44,,
217.44,,
217.44,,
217.44,,
217.45,,
217.45,,
217.45,,
217.45,,
217.45,,
217.45,,
217.45,,
217.45,,
217.45,,
217.45,,
217.45,,
217.45,,
217.45,,
217.45,,
217.45,,
217.45,,
217.45,,
217.45,,
217.45,,
217.45,,
217.45,,
217.45,,
217.45,,
217.45,,
217.45,,
217.45,,
217.45,,
217.46,,
217.46,,
217.46,,
217.46,,
217.46,,
217.46,,
217.46,,
217.46,,
217.46,,
217.46,,
217.46,,
217.46,,
217.46,,
217.46,,
217.46,,
217.46,,
217.46,,
217.46,,
217.46,,
217.46,,
217.46,,
217.46,,
217.46,,
217.46,,
217.46,,
217.46,,
217.46,,
217.46,,
217.46,,
217.47,,
217.47,,
217.47,,
217.47,,
217.47,,
217.47,,
217.47,,
217.47,,
217.47,,
217.47,,
217.47,,
217.47,,
217.47,,
217.47,,
217.47,,
217.47,,
217.47,,
217.47,,
217.47,,
217.47,,
217.47,,
217.47,,
217.47,,
217.47,,
217.47,,
217.47,,
217.47,,
217.47,,
217.47,,
217.47,,
217.47,,
217.47,,
217.47,,
217.47,,
217.48,,
217.48,,
217.48,,
217.48,,
217.48,,
217.48,,
217.48,,
217.48,,
217.48,,
217.48,,
217.48,,
217.48,,
217.48,,
217.48,,
217.48,,
217.48,,
217.48,,
217.48,,
217.48,,
217.48,,
217.48,,
217.48,,
217.48,,
217.49,,
217.49,,
217.49,,
217.49,,
217.49,,
217.49,,
217.49,,
217.49,,
217.49,,
217.49,,
217.49,,
217.49,,
217.49,,
217.49,,
217.49,,
217.49,,
217.49,,
217.49,,
217.49,,
217.49,,
217.49,,
217.49,,
217.49,,
217.49,,
217.49,,
217.49,,
217.49,,
217.49,,
217.5,,
217.5,,
217.5,,
217.5,,
217.5,,
217.5,,
217.5,,
217.5,,
217.5,,
217.5,,
217.5,,
217.5,,
217.5,,
217.5,,
217.5,,
217.5,,
217.5,,
217.5,,
217.5,,
217.5,,
217.5,,
217.5,,
217.5,,
217.5,,
217.5,,
217.5,,
217.5,,
217.5,,
217.5,,
217.5,,
217.5,,
217.5,,
217.5,,
217.5,,
217.5,,
217.5,,
217.5,,
217.5,,
217.5,,
217.5,,
217.5,,
217.5,,
217.5,,
217.5,,
217.5,,
217.5,,
217.5,,
217.5,,
217.5,,
217.5,,
217.5,,
217.5,,
217.5,,
217.5,,
217.5,,
217.5,,
217.5,,
217.5,,
217.5,,
217.5,,
217.5,,
217.5,,
217.51,,
217.51,,
217.51,,
217.51,,
217.51,,
217.51,,
217.51,,
217.51,,
217.51,,
217.51,,
217.51,,
217.51,,
217.51,,
217.51,,
217.51,,
217.51,,
217.51,,
217.51,,
217.51,,
217.51,,
217.51,,
217.51,,
217.51,,
217.51,,
217.51,,
217.51,,
217.51,,
217.51,,
217.51,,
217.52,,
217.52,,
217.52,,
217.52,,
217.52,,
217.52,,
217.52,,
217.52,,
217.52,,
217.52,,
217.52,,
217.52,,
217.52,,
217.52,,
217.52,,
217.52,,
217.52,,
217.52,,
217.52,,
217.52,,
217.52,,
217.52,,
217.53,,
217.53,,
217.53,,
217.53,,
217.53,,
217.53,,
217.53,,
217.53,,
217.53,,
217.53,,
217.53,,
217.53,,
217.53,,
217.53,,
217.53,,
217.53,,
217.53,,
217.53,,
217.53,,
217.53,,
217.53,,
217.53,,
217.53,,
217.53,,
217.53,,
217.53,,
217.53,,
217.53,,
217.53,,
217.53,,
217.54,,
217.54,,
217.54,,
217.54,,
217.54,,
217.54,,
217.54,,
217.54,,
217.54,,
217.54,,
217.54,,
217.54,,
217.54,,
217.54,,
217.54,,
217.54,,
217.54,,
217.54,,
217.54,,
217.54,,
217.54,,
217.54,,
217.54,,
217.54,,
217.54,,
217.54,,
217.54,,
217.54,,
217.54,,
217.54,,
217.54,,
217.54,,
217.54,,
217.54,,
217.54,,
217.54,,
217.55,,
217.55,,
217.55,,
217.55,,
217.55,,
217.55,,
217.55,,
217.55,,
217.55,,
217.55,,
217.55,,
217.55,,
217.55,,
217.55,,
217.55,,
217.55,,
217.55,,
217.55,,
217.55,,
217.55,,
217.55,,
217.55,,
217.55,,
217.55,,
217.55,,
217.55,,
217.55,,
217.55,,
217.55,,
217.55,,
217.55,,
217.55,,
217.56,,
217.56,,
217.56,,
217.56,,
217.56,,
217.56,,
217.56,,
217.56,,
217.56,,
217.56,,
217.56,,
217.56,,
217.56,,
217.56,,
217.56,,
217.56,,
217.56,,
217.56,,
217.56,,
217.56,,
217.56,,
217.56,,
217.56,,
217.56,,
217.57,,
217.57,,
217.57,,
217.57,,
217.57,,
217.57,,
217.57,,
217.57,,
217.57,,
217.57,,
217.57,,
217.57,,
217.57,,
217.57,,
217.57,,
217.57,,
217.57,,
217.57,,
217.57,,
217.57,,
217.57,,
217.57,,
217.57,,
217.57,,
217.57,,
217.57,,
217.57,,
217.57,,
217.57,,
217.57,,
217.57,,
217.57,,
217.57,,
217.57,,
217.57,,
217.57,,
217.57,,
217.57,,
217.58,,
217.58,,
217.58,,
217.58,,
217.58,,
217.58,,
217.58,,
217.58,,
217.58,,
217.58,,
217.58,,
217.58,,
217.58,,
217.58,,
217.58,,
217.58,,
217.58,,
217.58,,
217.58,,
217.58,,
217.58,,
217.58,,
217.58,,
217.58,,
217.58,,
217.58,,
217.58,,
217.58,,
217.58,,
217.58,,
217.59,,
217.59,,
217.59,,
217.59,,
217.59,,
217.59,,
217.59,,
217.59,,
217.59,,
217.59,,
217.59,,
217.59,,
217.59,,
217.59,,
217.59,,
217.59,,
217.59,,
217.59,,
217.59,,
217.59,,
217.59,,
217.59,,
217.59,,
217.59,,
217.59,,
217.59,,
217.59,,
217.59,,
217.59,,
217.59,,
217.6,,
217.6,,
217.6,,
217.6,,
217.6,,
217.6,,
217.6,,
217.6,,
217.6,,
217.6,,
217.6,,
217.6,,
217.6,,
217.6,,
217.6,,
217.6,,
217.6,,
217.6,,
217.6,,
217.6,,
217.6,,
217.6,,
217.6,,
217.6,,
217.6,,
217.6,,
217.6,,
217.6,,
217.6,,
217.6,,
217.6,,
217.6,,
217.6,,
217.6,,
217.6,,
217.6,,
217.6,,
217.6,,
217.6,,
217.6,,
217.6,,
217.6,,
217.6,,
217.6,,
217.6,,
217.6,,
217.6,,
217.6,,
217.6,,
217.6,,
217.6,,
217.6,,
217.6,,
217.6,,
217.6,,
217.6,,
217.6,,
217.6,,
217.6,,
217.6,,
217.6,,
217.6,,
217.6,,
217.6,,
217.6,,
217.6,,
217.6,,
217.6,,
217.61,,
217.61,,
217.61,,
217.61,,
217.61,,
217.61,,
217.61,,
217.61,,
217.61,,
217.61,,
217.61,,
217.61,,
217.61,,
217.61,,
217.61,,
217.61,,
217.61,,
217.61,,
217.61,,
217.61,,
217.61,,
217.61,,
217.61,,
217.61,,
217.61,,
217.61,,
217.61,,
217.61,,
217.61,,
217.61,,
217.61,,
217.61,,
217.61,,
217.61,,
217.61,,
217.61,,
217.61,,
217.61,,
217.62,,
217.62,,
217.62,,
217.62,,
217.62,,
217.62,,
217.62,,
217.62,,
217.62,,
217.62,,
217.62,,
217.62,,
217.62,,
217.62,,
217.62,,
217.62,,
217.62,,
217.62,,
217.62,,
217.62,,
217.62,,
217.62,,
217.62,,
217.62,,
217.62,,
217.62,,
217.62,,
217.62,,
217.62,,
217.62,,
217.62,,
217.62,,
217.62,,
217.62,,
217.63,,
217.63,,
217.63,,
217.63,,
217.63,,
217.63,,
217.63,,
217.63,,
217.63,,
217.63,,
217.63,,
217.63,,
217.63,,
217.63,,
217.63,,
217.63,,
217.63,,
217.63,,
217.63,,
217.63,,
217.63,,
217.63,,
217.63,,
217.63,,
217.63,,
217.63,,
217.63,,
217.63,,
217.63,,
217.63,,
217.63,,
217.64,,
217.64,,
217.64,,
217.64,,
217.64,,
217.64,,
217.64,,
217.64,,
217.64,,
217.64,,
217.64,,
217.64,,
217.64,,
217.64,,
217.64,,
217.64,,
217.64,,
217.64,,
217.64,,
217.64,,
217.65,,
217.65,,
217.65,,
217.65,,
217.65,,
217.65,,
217.65,,
217.65,,
217.65,,
217.65,,
217.65,,
217.65,,
217.65,,
217.65,,
217.65,,
217.65,,
217.65,,
217.65,,
217.65,,
217.65,,
217.66,,
217.66,,
217.66,,
217.66,,
217.66,,
217.66,,
217.66,,
217.66,,
217.66,,
217.66,,
217.66,,
217.66,,
217.66,,
217.66,,
217.66,,
217.66,,
217.66,,
217.66,,
217.66,,
217.66,,
217.66,,
217.66,,
217.66,,
217.66,,
217.66,,
217.66,,
217.66,,
217.66,,
217.66,,
217.66,,
217.66,,
217.66,,
217.66,,
217.66,,
217.66,,
217.66,,
217.66,,
217.67,,
217.67,,
217.67,,
217.67,,
217.67,,
217.67,,
217.67,,
217.67,,
217.67,,
217.67,,
217.67,,
217.67,,
217.67,,
217.67,,
217.67,,
217.67,,
217.67,,
217.67,,
217.67,,
217.67,,
217.67,,
217.67,,
217.67,,
217.67,,
217.67,,
217.67,,
217.67,,
217.67,,
217.67,,
217.68,,
217.68,,
217.68,,
217.68,,
217.68,,
217.68,,
217.68,,
217.68,,
217.68,,
217.68,,
217.68,,
217.68,,
217.68,,
217.68,,
217.68,,
217.68,,
217.68,,
217.68,,
217.68,,
217.68,,
217.68,,
217.68,,
217.68,,
217.68,,
217.68,,
217.68,,
217.68,,
217.68,,
217.68,,
217.68,,
217.68,,
217.68,,
217.68,,
217.68,,
217.68,,
217.68,,
217.68,,
217.68,,
217.68,,
217.68,,
217.68,,
217.68,,
217.68,,
217.68,,
217.69,,
217.69,,
217.69,,
217.69,,
217.69,,
217.69,,
217.69,,
217.69,,
217.69,,
217.69,,
217.69,,
217.69,,
217.69,,
217.69,,
217.69,,
217.69,,
217.69,,
217.69,,
217.69,,
217.69,,
217.69,,
217.69,,
217.69,,
217.69,,
217.69,,
217.69,,
217.69,,
217.69,,
217.69,,
217.69,,
217.69,,
217.69,,
217.69,,
217.69,,
217.69,,
217.7,,
217.7,,
217.7,,
217.7,,
217.7,,
217.7,,
217.7,,
217.7,,
217.7,,
217.7,,
217.7,,
217.7,,
217.7,,
217.7,,
217.7,,
217.7,,
217.7,,
217.7,,
217.7,,
217.7,,
217.7,,
217.7,,
217.7,,
217.7,,
217.7,,
217.7,,
217.7,,
217.7,,
217.7,,
217.7,,
217.7,,
217.7,,
217.7,,
217.7,,
217.7,,
217.7,,
217.7,,
217.7,,
217.7,,
217.7,,
217.7,,
217.7,,
217.7,,
217.7,,
217.7,,
217.7,,
217.7,,
217.7,,
217.7,,
217.7,,
217.7,,
217.7,,
217.7,,
217.7,,
217.7,,
217.71,,
217.71,,
217.71,,
217.71,,
217.71,,
217.71,,
217.71,,
217.71,,
217.71,,
217.71,,
217.71,,
217.71,,
217.71,,
217.71,,
217.71,,
217.71,,
217.71,,
217.71,,
217.71,,
217.71,,
217.71,,
217.71,,
217.71,,
217.71,,
217.71,,
217.71,,
217.71,,
217.71,,
217.71,,
217.72,,
217.72,,
217.72,,
217.72,,
217.72,,
217.72,,
217.72,,
217.72,,
217.72,,
217.72,,
217.72,,
217.72,,
217.72,,
217.72,,
217.72,,
217.72,,
217.72,,
217.72,,
217.72,,
217.72,,
217.72,,
217.72,,
217.72,,
217.72,,
217.72,,
217.72,,
217.73,,
217.73,,
217.73,,
217.73,,
217.73,,
217.73,,
217.73,,
217.73,,
217.73,,
217.73,,
217.73,,
217.73,,
217.73,,
217.73,,
217.73,,
217.73,,
217.73,,
217.73,,
217.73,,
217.73,,
217.73,,
217.73,,
217.73,,
217.73,,
217.73,,
217.73,,
217.73,,
217.73,,
217.73,,
217.73,,
217.73,,
217.73,,
217.73,,
217.73,,
217.73,,
217.73,,
217.74,,
217.74,,
217.74,,
217.74,,
217.74,,
217.74,,
217.74,,
217.74,,
217.74,,
217.74,,
217.74,,
217.74,,
217.74,,
217.74,,
217.74,,
217.74,,
217.74,,
217.74,,
217.74,,
217.74,,
217.74,,
217.74,,
217.74,,
217.74,,
217.74,,
217.74,,
217.74,,
217.74,,
217.74,,
217.74,,
217.74,,
217.74,,
217.74,,
217.74,,
217.75,,
217.75,,
217.75,,
217.75,,
217.75,,
217.75,,
217.75,,
217.75,,
217.75,,
217.75,,
217.75,,
217.75,,
217.75,,
217.75,,
217.75,,
217.75,,
217.75,,
217.75,,
217.75,,
217.75,,
217.75,,
217.75,,
217.75,,
217.75,,
217.75,,
217.75,,
217.75,,
217.75,,
217.75,,
217.75,,
217.75,,
217.75,,
217.75,,
217.75,,
217.75,,
217.75,,
217.75,,
217.75,,
217.75,,
217.75,,
217.75,,
217.75,,
217.75,,
217.75,,
217.75,,
217.76,,
217.76,,
217.76,,
217.76,,
217.76,,
217.76,,
217.76,,
217.76,,
217.76,,
217.76,,
217.76,,
217.76,,
217.76,,
217.76,,
217.76,,
217.76,,
217.76,,
217.76,,
217.76,,
217.76,,
217.76,,
217.76,,
217.76,,
217.76,,
217.76,,
217.76,,
217.77,,
217.77,,
217.77,,
217.77,,
217.77,,
217.77,,
217.77,,
217.77,,
217.77,,
217.77,,
217.77,,
217.77,,
217.77,,
217.77,,
217.77,,
217.77,,
217.77,,
217.77,,
217.77,,
217.77,,
217.77,,
217.77,,
217.77,,
217.77,,
217.77,,
217.77,,
217.77,,
217.77,,
217.77,,
217.77,,
217.77,,
217.77,,
217.77,,
217.77,,
217.77,,
217.78,,
217.78,,
217.78,,
217.78,,
217.78,,
217.78,,
217.78,,
217.78,,
217.78,,
217.78,,
217.78,,
217.78,,
217.78,,
217.78,,
217.78,,
217.78,,
217.78,,
217.78,,
217.78,,
217.78,,
217.78,,
217.78,,
217.78,,
217.78,,
217.78,,
217.78,,
217.78,,
217.78,,
217.78,,
217.78,,
217.78,,
217.78,,
217.79,,
217.79,,
217.79,,
217.79,,
217.79,,
217.79,,
217.79,,
217.79,,
217.79,,
217.79,,
217.79,,
217.79,,
217.79,,
217.79,,
217.79,,
217.79,,
217.79,,
217.79,,
217.79,,
217.79,,
217.79,,
217.79,,
217.79,,
217.79,,
217.79,,
217.79,,
217.79,,
217.79,,
217.79,,
217.79,,
217.79,,
217.79,,
217.8,,
217.8,,
217.8,,
217.8,,
217.8,,
217.8,,
217.8,,
217.8,,
217.8,,
217.8,,
217.8,,
217.8,,
217.8,,
217.8,,
217.8,,
217.8,,
217.8,,
217.8,,
217.8,,
217.8,,
217.8,,
217.8,,
217.8,,
217.8,,
217.8,,
217.8,,
217.8,,
217.8,,
217.8,,
217.8,,
217.8,,
217.8,,
217.8,,
217.8,,
217.8,,
217.8,,
217.8,,
217.8,,
217.8,,
217.8,,
217.8,,
217.8,,
217.8,,
217.8,,
217.8,,
217.8,,
217.8,,
217.8,,
217.8,,
217.8,,
217.8,,
217.8,,
217.8,,
217.8,,
217.8,,
217.8,,
217.8,,
217.8,,
217.8,,
217.8,,
217.8,,
217.8,,
217.8,,
217.8,,
217.8,,
217.8,,
217.8,,
217.81,,
217.81,,
217.81,,
217.81,,
217.81,,
217.81,,
217.81,,
217.81,,
217.81,,
217.81,,
217.81,,
217.81,,
217.81,,
217.81,,
217.81,,
217.81,,
217.81,,
217.81,,
217.81,,
217.81,,
217.81,,
217.81,,
217.81,,
217.81,,
217.81,,
217.81,,
217.81,,
217.81,,
217.81,,
217.81,,
217.81,,
217.81,,
217.81,,
217.81,,
217.81,,
217.81,,
217.81,,
217.81,,
217.81,,
217.81,,
217.81,,
217.81,,
217.81,,
217.81,,
217.82,,
217.82,,
217.82,,
217.82,,
217.82,,
217.82,,
217.82,,
217.82,,
217.82,,
217.82,,
217.82,,
217.82,,
217.82,,
217.82,,
217.82,,
217.82,,
217.82,,
217.82,,
217.82,,
217.82,,
217.82,,
217.82,,
217.82,,
217.82,,
217.82,,
217.82,,
217.82,,
217.82,,
217.82,,
217.82,,
217.82,,
217.82,,
217.82,,
217.82,,
217.82,,
217.82,,
217.82,,
217.83,,
217.83,,
217.83,,
217.83,,
217.83,,
217.83,,
217.83,,
217.83,,
217.83,,
217.83,,
217.83,,
217.83,,
217.83,,
217.83,,
217.83,,
217.83,,
217.83,,
217.83,,
217.83,,
217.83,,
217.83,,
217.83,,
217.83,,
217.83,,
217.83,,
217.83,,
217.83,,
217.83,,
217.83,,
217.84,,
217.84,,
217.84,,
217.84,,
217.84,,
217.84,,
217.84,,
217.84,,
217.84,,
217.84,,
217.84,,
217.84,,
217.84,,
217.84,,
217.84,,
217.84,,
217.84,,
217.84,,
217.84,,
217.84,,
217.84,,
217.84,,
217.84,,
217.84,,
217.84,,
217.84,,
217.84,,
217.84,,
217.84,,
217.84,,
217.84,,
217.84,,
217.84,,
217.84,,
217.84,,
217.84,,
217.84,,
217.85,,
217.85,,
217.85,,
217.85,,
217.85,,
217.85,,
217.85,,
217.85,,
217.85,,
217.85,,
217.85,,
217.85,,
217.85,,
217.85,,
217.85,,
217.85,,
217.85,,
217.85,,
217.85,,
217.85,,
217.85,,
217.85,,
217.85,,
217.85,,
217.85,,
217.85,,
217.85,,
217.85,,
217.85,,
217.86,,
217.86,,
217.86,,
217.86,,
217.86,,
217.86,,
217.86,,
217.86,,
217.86,,
217.86,,
217.86,,
217.86,,
217.86,,
217.86,,
217.86,,
217.86,,
217.86,,
217.86,,
217.86,,
217.86,,
217.86,,
217.86,,
217.86,,
217.86,,
217.86,,
217.86,,
217.87,,
217.87,,
217.87,,
217.87,,
217.87,,
217.87,,
217.87,,
217.87,,
217.87,,
217.87,,
217.87,,
217.87,,
217.87,,
217.87,,
217.87,,
217.87,,
217.87,,
217.87,,
217.87,,
217.87,,
217.87,,
217.87,,
217.87,,
217.87,,
217.87,,
217.87,,
217.87,,
217.87,,
217.87,,
217.87,,
217.87,,
217.87,,
217.88,,
217.88,,
217.88,,
217.88,,
217.88,,
217.88,,
217.88,,
217.88,,
217.88,,
217.88,,
217.88,,
217.88,,
217.88,,
217.88,,
217.88,,
217.88,,
217.88,,
217.88,,
217.88,,
217.88,,
217.88,,
217.88,,
217.88,,
217.88,,
217.88,,
217.88,,
217.88,,
217.88,,
217.88,,
217.88,,
217.88,,
217.88,,
217.89,,
217.89,,
217.89,,
217.89,,
217.89,,
217.89,,
217.89,,
217.89,,
217.89,,
217.89,,
217.89,,
217.89,,
217.89,,
217.89,,
217.89,,
217.89,,
217.89,,
217.89,,
217.89,,
217.89,,
217.89,,
217.89,,
217.89,,
217.89,,
217.89,,
217.89,,
217.89,,
217.89,,
217.9,,
217.9,,
217.9,,
217.9,,
217.9,,
217.9,,
217.9,,
217.9,,
217.9,,
217.9,,
217.9,,
217.9,,
217.9,,
217.9,,
217.9,,
217.9,,
217.9,,
217.9,,
217.9,,
217.9,,
217.9,,
217.9,,
217.9,,
217.9,,
217.9,,
217.9,,
217.9,,
217.9,,
217.9,,
217.9,,
217.9,,
217.9,,
217.9,,
217.9,,
217.9,,
217.9,,
217.9,,
217.9,,
217.9,,
217.9,,
217.9,,
217.9,,
217.9,,
217.9,,
217.9,,
217.9,,
217.9,,
217.9,,
217.91,,
217.91,,
217.91,,
217.91,,
217.91,,
217.91,,
217.91,,
217.91,,
217.91,,
217.91,,
217.91,,
217.91,,
217.91,,
217.91,,
217.91,,
217.91,,
217.91,,
217.91,,
217.91,,
217.91,,
217.91,,
217.91,,
217.91,,
217.91,,
217.91,,
217.91,,
217.91,,
217.91,,
217.91,,
217.91,,
217.91,,
217.91,,
217.91,,
217.91,,
217.91,,
217.92,,
217.92,,
217.92,,
217.92,,
217.92,,
217.92,,
217.92,,
217.92,,
217.92,,
217.92,,
217.92,,
217.92,,
217.92,,
217.92,,
217.92,,
217.92,,
217.92,,
217.92,,
217.92,,
217.92,,
217.92,,
217.92,,
217.92,,
217.92,,
217.92,,
217.92,,
217.92,,
217.92,,
217.92,,
217.92,,
217.92,,
217.92,,
217.92,,
217.93,,
217.93,,
217.93,,
217.93,,
217.93,,
217.93,,
217.93,,
217.93,,
217.93,,
217.93,,
217.93,,
217.93,,
217.93,,
217.93,,
217.93,,
217.93,,
217.93,,
217.93,,
217.93,,
217.93,,
217.93,,
217.93,,
217.93,,
217.93,,
217.93,,
217.93,,
217.93,,
217.93,,
217.93,,
217.93,,
217.93,,
217.93,,
217.93,,
217.93,,
217.94,,
217.94,,
217.94,,
217.94,,
217.94,,
217.94,,
217.94,,
217.94,,
217.94,,
217.94,,
217.94,,
217.94,,
217.94,,
217.94,,
217.94,,
217.94,,
217.94,,
217.94,,
217.94,,
217.94,,
217.94,,
217.94,,
217.94,,
217.94,,
217.94,,
217.94,,
217.94,,
217.94,,
217.94,,
217.94,,
217.94,,
217.94,,
217.94,,
217.94,,
217.94,,
217.94,,
217.94,,
217.94,,
217.95,,
217.95,,
217.95,,
217.95,,
217.95,,
217.95,,
217.95,,
217.95,,
217.95,,
217.95,,
217.95,,
217.95,,
217.95,,
217.95,,
217.95,,
217.95,,
217.95,,
217.95,,
217.95,,
217.95,,
217.95,,
217.95,,
217.95,,
217.95,,
217.95,,
217.95,,
217.95,,
217.95,,
217.95,,
217.95,,
217.96,,
217.96,,
217.96,,
217.96,,
217.96,,
217.96,,
217.96,,
217.96,,
217.96,,
217.96,,
217.96,,
217.96,,
217.96,,
217.96,,
217.96,,
217.96,,
217.96,,
217.96,,
217.96,,
217.96,,
217.96,,
217.96,,
217.96,,
217.96,,
217.96,,
217.96,,
217.96,,
217.96,,
217.96,,
217.96,,
217.96,,
217.96,,
217.96,,
217.96,,
217.96,,
217.96,,
217.96,,
217.97,,
217.97,,
217.97,,
217.97,,
217.97,,
217.97,,
217.97,,
217.97,,
217.97,,
217.97,,
217.97,,
217.97,,
217.97,,
217.97,,
217.97,,
217.97,,
217.97,,
217.97,,
217.97,,
217.97,,
217.97,,
217.97,,
217.97,,
217.97,,
217.97,,
217.97,,
217.97,,
217.97,,
217.97,,
217.97,,
217.97,,
217.97,,
217.97,,
217.97,,
217.97,,
217.97,,
217.97,,
217.97,,
217.97,,
217.98,,
217.98,,
217.98,,
217.98,,
217.98,,
217.98,,
217.98,,
217.98,,
217.98,,
217.98,,
217.98,,
217.98,,
217.98,,
217.98,,
217.98,,
217.98,,
217.98,,
217.98,,
217.98,,
217.98,,
217.98,,
217.98,,
217.98,,
217.98,,
217.98,,
217.98,,
217.98,,
217.98,,
217.98,,
217.98,,
217.98,,
217.98,,
217.99,,
217.99,,
217.99,,
217.99,,
217.99,,
217.99,,
217.99,,
217.99,,
217.99,,
217.99,,
217.99,,
217.99,,
217.99,,
217.99,,
217.99,,
217.99,,
217.99,,
217.99,,
217.99,,
217.99,,
217.99,,
217.99,,
217.99,,
217.99,,
217.99,,
217.99,,
217.99,,
217.99,,
217.99,,
217.99,,
217.99,,
217.99,,
217.99,,
217.99,,
217.99,,
217.99,,
217.99,,
217.99,,
229.04,,
229.11,,
230.07,,
230.3,,
230.37,,
230.46,,
230.72,,
230.83,,
230.98,,
231.07,,
231.29,,
231.34,,
231.41,,
231.92,,
231.95,,
232.47,,
232.56,,
232.59,,
232.61,,
232.75,,
232.89,,
232.96,,
233.11,,
233.22,,
233.23,,
233.37,,
233.6,,
233.63,,
233.75,,
233.79,,
233.91,,
233.91,,
233.93,,
233.96,,
233.97,,
233.98,,
234.01,,
234.03,,
234.11,,
234.16,,
234.22,,
234.23,,
234.32,,
234.38,,
234.5,,
234.52,,
234.52,,
234.75,,
234.79,,
234.87,,
234.87,,
234.93,,
234.98,,
234.99,,
235.0,,
235.01,,
235.07,,
235.08,,
235.1,,
235.14,,
235.16,,
235.18,,
235.22,,
235.25,,
235.25,,
235.3,,
235.3,,
235.33,,
235.33,,
235.34,,
235.38,,
235.38,,
235.4,,
235.47,,
235.47,,
235.48,,
235.48,,
235.59,,
235.6,,
235.68,,
235.68,,
235.69,,
235.76,,
235.82,,
235.86,,
235.87,,
235.9,,
235.93,,
235.97,,
235.99,,
236.0,,
236.0,,
236.0,,
236.05,,
236.07,,
236.12,,
236.14,,
236.14,,
236.14,,
236.17,,
236.18,,
236.22,,
236.22,,
236.28,,
236.28,,
236.29,,
236.31,,
236.35,,
236.36,,
236.38,,
236.4,,
236.41,,
236.41,,
236.43,,
236.5,,
236.54,,
236.54,,
236.55,,
236.56,,
236.56,,
236.57,,
236.6,,
236.61,,
236.63,,
236.63,,
236.65,,
236.68,,
236.69,,
236.69,,
236.7,,
236.7,,
236.72,,
236.72,,
236.72,,
236.73,,
236.74,,
236.75,,
236.77,,
236.79,,
236.8,,
236.8,,
236.82,,
236.86,,
236.9,,
236.91,,
236.91,,
236.91,,
236.92,,
236.93,,
236.94,,
236.97,,
236.98,,
236.98,,
236.99,,
237.0,,
237.0,,
237.03,,
237.04,,
237.05,,
237.05,,
237.08,,
237.08,,
237.08,,
237.09,,
237.1,,
237.11,,
237.12,,
237.13,,
237.15,,
237.22,,
237.22,,
237.22,,
237.24,,
237.26,,
237.26,,
237.27,,
237.27,,
237.29,,
237.29,,
237.3,,
237.3,,
237.31,,
237.31,,
237.33,,
237.34,,
237.38,,
237.4,,
237.4,,
237.4,,
237.4,,
237.4,,
237.41,,
237.41,,
237.44,,
237.46,,
237.46,,
237.48,,
237.49,,
237.5,,
237.51,,
237.52,,
237.53,,
237.54,,
237.54,,
237.57,,
237.57,,
237.6,,
237.61,,
237.61,,
237.62,,
237.64,,
237.65,,
237.66,,
237.7,,
237.71,,
237.71,,
237.72,,
237.72,,
237.73,,
237.73,,
237.75,,
237.75,,
237.75,,
237.77,,
237.77,,
237.78,,
237.78,,
237.8,,
237.82,,
237.82,,
237.82,,
237.83,,
237.84,,
237.85,,
237.85,,
237.87,,
237.87,,
237.87,,
237.88,,
237.89,,
237.9,,
237.9,,
237.92,,
237.92,,
238.0,,
238.0,,
238.01,,
238.01,,
238.02,,
238.03,,
238.03,,
238.05,,
238.05,,
238.06,,
238.07,,
238.07,,
238.08,,
238.09,,
238.09,,
238.09,,
238.1,,
238.1,,
238.11,,
238.11,,
238.12,,
238.12,,
238.12,,
238.12,,
238.13,,
238.15,,
238.17,,
238.18,,
238.18,,
238.18,,
238.18,,
238.18,,
238.19,,
238.2,,
238.2,,
238.2,,
238.2,,
238.22,,
238.22,,
238.22,,
238.24,,
238.25,,
238.26,,
238.28,,
238.28,,
238.28,,
238.28,,
238.29,,
238.29,,
238.3,,
238.31,,
238.33,,
238.33,,
238.36,,
238.37,,
238.38,,
238.39,,
238.39,,
238.4,,
238.4,,
238.42,,
238.42,,
238.42,,
238.43,,
238.43,,
238.43,,
238.46,,
238.49,,
238.5,,
238.5,,
238.52,,
238.53,,
238.54,,
238.55,,
238.56,,
238.57,,
238.57,,
238.58,,
238.58,,
238.59,,
238.59,,
238.6,,
238.6,,
238.62,,
238.63,,
238.63,,
238.64,,
238.64,,
238.65,,
238.65,,
238.66,,
238.67,,
238.68,,
238.68,,
238.69,,
238.69,,
238.7,,
238.7,,
238.71,,
238.71,,
238.72,,
238.72,,
238.74,,
238.75,,
238.76,,
238.76,,
238.77,,
238.78,,
238.79,,
238.79,,
238.8,,
238.8,,
238.81,,
238.81,,
238.82,,
238.83,,
238.84,,
238.84,,
238.84,,
238.85,,
238.85,,
238.88,,
238.88,,
238.88,,
238.89,,
238.89,,
238.89,,
238.9,,
238.91,,
238.92,,
238.92,,
238.93,,
238.93,,
238.93,,
238.94,,
238.94,,
238.95,,
238.95,,
238.96,,
238.96,,
238.96,,
238.97,,
238.98,,
239.0,,
239.0,,
239.01,,
239.01,,
239.01,,
239.02,,
239.02,,
239.02,,
239.02,,
239.04,,
239.04,,
239.04,,
239.05,,
239.05,,
239.05,,
239.06,,
239.06,,
239.06,,
239.07,,
239.08,,
239.09,,
239.1,,
239.1,,
239.1,,
239.1,,
239.12,,
239.12,,
239.12,,
239.13,,
239.15,,
239.15,,
239.16,,
239.16,,
239.17,,
239.17,,
239.17,,
239.19,,
239.19,,
239.19,,
239.19,,
239.19,,
239.21,,
239.21,,
239.22,,
239.22,,
239.22,,
239.22,,
239.23,,
239.23,,
239.24,,
239.25,,
239.25,,
239.25,,
239.27,,
239.27,,
239.27,,
239.28,,
239.28,,
239.3,,
239.3,,
239.3,,
239.3,,
239.3,,
239.31,,
239.31,,
239.31,,
239.31,,
239.31,,
239.31,,
239.32,,
239.33,,
239.34,,
239.34,,
239.34,,
239.34,,
239.35,,
239.35,,
239.35,,
239.35,,
239.37,,
239.37,,
239.38,,
239.38,,
239.38,,
239.39,,
239.4,,
239.41,,
239.42,,
239.43,,
239.43,,
239.43,,
239.45,,
239.47,,
239.47,,
239.47,,
239.48,,
239.48,,
239.48,,
239.48,,
239.49,,
239.49,,
239.49,,
239.5,,
239.5,,
239.51,,
239.51,,
239.52,,
239.53,,
239.53,,
239.54,,
239.55,,
239.55,,
239.56,,
239.56,,
239.57,,
239.57,,
239.57,,
239.58,,
239.58,,
239.59,,
239.59,,
239.59,,
239.6,,
239.6,,
239.6,,
239.61,,
239.61,,
239.61,,
239.61,,
239.62,,
239.63,,
239.64,,
239.64,,
239.65,,
239.65,,
239.65,,
239.66,,
239.66,,
239.67,,
239.67,,
239.67,,
239.67,,
239.68,,
239.68,,
239.68,,
239.68,,
239.68,,
239.69,,
239.7,,
239.7,,
239.7,,
239.7,,
239.7,,
239.71,,
239.71,,
239.72,,
239.72,,
239.73,,
239.73,,
239.73,,
239.74,,
239.74,,
239.75,,
239.75,,
239.76,,
239.76,,
239.76,,
239.77,,
239.77,,
239.78,,
239.79,,
239.79,,
239.79,,
239.8,,
239.8,,
239.8,,
239.8,,
239.81,,
239.82,,
239.82,,
239.83,,
239.83,,
239.83,,
239.83,,
239.83,,
239.84,,
239.84,,
239.84,,
239.84,,
239.84,,
239.84,,
239.85,,
239.87,,
239.87,,
239.88,,
239.89,,
239.89,,
239.89,,
239.9,,
239.9,,
239.9,,
239.9,,
239.9,,
239.91,,
239.91,,
239.92,,
239.92,,
239.93,,
239.93,,
239.93,,
239.93,,
239.94,,
239.94,,
239.95,,
239.95,,
239.95,,
239.95,,
239.96,,
239.96,,
239.96,,
239.96,,
239.97,,
239.97,,
239.97,,
239.98,,
239.99,,
239.99,,
240.0,,
240.0,,
240.01,,
240.02,,
240.04,,
240.04,,
240.04,,
240.05,,
240.06,,
240.06,,
240.06,,
240.07,,
240.07,,
240.07,,
240.07,,
240.08,,
240.08,,
240.08,,
240.08,,
240.09,,
240.09,,
240.09,,
240.09,,
240.11,,
240.11,,
240.12,,
240.12,,
240.12,,
240.12,,
240.13,,
240.13,,
240.13,,
240.14,,
240.15,,
240.15,,
240.15,,
240.16,,
240.17,,
240.17,,
240.17,,
240.18,,
240.18,,
240.18,,
240.18,,
240.18,,
240.18,,
240.19,,
240.19,,
240.2,,
240.2,,
240.2,,
240.21,,
240.22,,
240.23,,
240.23,,
240.23,,
240.23,,
240.24,,
240.24,,
240.24,,
240.25,,
240.25,,
240.25,,
240.26,,
240.26,,
240.26,,
240.27,,
240.28,,
240.28,,
240.29,,
240.29,,
240.3,,
240.3,,
240.3,,
240.3,,
240.3,,
240.3,,
240.31,,
240.31,,
240.32,,
240.32,,
240.32,,
240.33,,
240.33,,
240.33,,
240.33,,
240.34,,
240.34,,
240.34,,
240.34,,
240.34,,
240.35,,
240.35,,
240.35,,
240.35,,
240.35,,
240.35,,
240.36,,
240.36,,
240.37,,
240.38,,
240.38,,
240.38,,
240.39,,
240.4,,
240.4,,
240.41,,
240.41,,
240.41,,
240.41,,
240.41,,
240.42,,
240.42,,
240.42,,
240.42,,
240.42,,
240.43,,
240.43,,
240.43,,
240.43,,
240.44,,
240.44,,
240.44,,
240.44,,
240.44,,
240.45,,
240.45,,
240.46,,
240.46,,
240.46,,
240.46,,
240.46,,
240.46,,
240.46,,
240.46,,
240.47,,
240.47,,
240.47,,
240.48,,
240.48,,
240.49,,
240.49,,
240.5,,
240.5,,
240.5,,
240.5,,
240.51,,
240.51,,
240.52,,
240.53,,
240.53,,
240.53,,
240.53,,
240.53,,
240.53,,
240.53,,
240.55,,
240.55,,
240.56,,
240.57,,
240.57,,
240.57,,
240.58,,
240.58,,
240.58,,
240.59,,
240.59,,
240.59,,
240.59,,
240.59,,
240.6,,
240.6,,
240.6,,
240.6,,
240.6,,
240.6,,
240.6,,
240.6,,
240.61,,
240.61,,
240.62,,
240.62,,
240.62,,
240.63,,
240.63,,
240.63,,
240.63,,
240.63,,
240.63,,
240.64,,
240.64,,
240.65,,
240.65,,
240.65,,
240.66,,
240.66,,
240.66,,
240.67,,
240.67,,
240.67,,
240.67,,
240.67,,
240.67,,
240.67,,
240.67,,
240.67,,
240.68,,
240.68,,
240.68,,
240.68,,
240.69,,
240.69,,
240.69,,
240.7,,
240.7,,
240.7,,
240.7,,
240.7,,
240.71,,
240.71,,
240.71,,
240.72,,
240.72,,
240.73,,
240.73,,
240.73,,
240.73,,
240.73,,
240.73,,
240.74,,
240.75,,
240.75,,
240.76,,
240.76,,
240.77,,
240.77,,
240.77,,
240.77,,
240.78,,
240.79,,
240.79,,
240.79,,
240.8,,
240.8,,
240.8,,
240.8,,
240.8,,
240.81,,
240.81,,
240.81,,
240.81,,
240.82,,
240.83,,
240.83,,
240.83,,
240.84,,
240.84,,
240.84,,
240.84,,
240.84,,
240.84,,
240.85,,
240.85,,
240.86,,
240.86,,
240.86,,
240.86,,
240.86,,
240.86,,
240.87,,
240.87,,
240.87,,
240.88,,
240.89,,
240.89,,
240.89,,
240.9,,
240.9,,
240.91,,
240.91,,
240.91,,
240.92,,
240.92,,
240.93,,
240.93,,
240.93,,
240.93,,
240.94,,
240.94,,
240.94,,
240.94,,
240.95,,
240.95,,
240.95,,
240.96,,
240.96,,
240.96,,
240.96,,
240.96,,
240.96,,
240.96,,
240.97,,
240.97,,
240.98,,
240.98,,
240.98,,
240.98,,
240.98,,
240.99,,
240.99,,
240.99,,
240.99,,
241.0,,
241.0,,
241.0,,
241.0,,
241.0,,
241.0,,
241.01,,
241.01,,
241.01,,
241.01,,
241.01,,
241.01,,
241.02,,
241.02,,
241.03,,
241.03,,
241.03,,
241.04,,
241.04,,
241.05,,
241.05,,
241.05,,
241.05,,
241.06,,
241.06,,
241.07,,
241.08,,
241.08,,
241.08,,
241.08,,
241.09,,
241.09,,
241.09,,
241.09,,
241.09,,
241.1,,
241.1,,
241.1,,
241.1,,
241.1,,
241.12,,
241.12,,
241.13,,
241.14,,
241.14,,
241.15,,
241.15,,
241.15,,
241.15,,
241.15,,
241.15,,
241.15,,
241.16,,
241.17,,
241.17,,
241.17,,
241.17,,
241.17,,
241.18,,
241.18,,
241.18,,
241.18,,
241.18,,
241.18,,
241.18,,
241.19,,
241.19,,
241.19,,
241.19,,
241.19,,
241.19,,
241.2,,
241.2,,
241.2,,
241.2,,
241.2,,
241.21,,
241.21,,
241.22,,
241.22,,
241.22,,
241.22,,
241.23,,
241.23,,
241.23,,
241.23,,
241.23,,
241.23,,
241.23,,
241.24,,
241.24,,
241.25,,
241.25,,
241.25,,
241.25,,
241.25,,
241.26,,
241.26,,
241.26,,
241.26,,
241.26,,
241.27,,
241.28,,
241.28,,
241.28,,
241.28,,
241.28,,
241.28,,
241.28,,
241.28,,
241.29,,
241.29,,
241.29,,
241.29,,
241.3,,
241.3,,
241.3,,
241.3,,
241.3,,
241.31,,
241.31,,
241.31,,
241.31,,
241.31,,
241.32,,
241.32,,
241.33,,
241.33,,
241.34,,
241.34,,
241.34,,
241.35,,
241.36,,
241.36,,
241.36,,
241.37,,
241.37,,
241.37,,
241.38,,
241.38,,
241.38,,
241.38,,
241.38,,
241.38,,
241.39,,
241.39,,
241.39,,
241.39,,
241.4,,
241.4,,
241.4,,
241.4,,
241.4,,
241.4,,
241.4,,
241.4,,
241.4,,
241.4,,
241.4,,
241.4,,
241.4,,
241.41,,
241.41,,
241.41,,
241.41,,
241.41,,
241.41,,
241.41,,
241.42,,
241.42,,
241.42,,
241.42,,
241.42,,
241.43,,
241.43,,
241.43,,
241.43,,
241.43,,
241.43,,
241.44,,
241.44,,
241.44,,
241.44,,
241.44,,
241.44,,
241.44,,
241.45,,
241.45,,
241.45,,
241.45,,
241.45,,
241.46,,
241.46,,
241.46,,
241.46,,
241.47,,
241.47,,
241.47,,
241.48,,
241.48,,
241.48,,
241.48,,
241.48,,
241.49,,
241.49,,
241.49,,
241.49,,
241.49,,
241.49,,
241.5,,
241.5,,
241.5,,
241.5,,
241.5,,
241.5,,
241.51,,
241.51,,
241.52,,
241.52,,
241.52,,
241.53,,
241.54,,
241.54,,
241.54,,
241.54,,
241.54,,
241.54,,
241.55,,
241.55,,
241.55,,
241.56,,
241.57,,
241.57,,
241.57,,
241.57,,
241.58,,
241.58,,
241.58,,
241.59,,
241.59,,
241.6,,
241.6,,
241.6,,
241.6,,
241.6,,
241.6,,
241.6,,
241.6,,
241.6,,
241.6,,
241.6,,
241.61,,
241.61,,
241.61,,
241.61,,
241.61,,
241.62,,
241.62,,
241.62,,
241.62,,
241.63,,
241.63,,
241.63,,
241.63,,
241.63,,
241.63,,
241.63,,
241.64,,
241.64,,
241.64,,
241.64,,
241.64,,
241.65,,
241.66,,
241.66,,
241.66,,
241.66,,
241.66,,
241.67,,
241.67,,
241.68,,
241.68,,
241.68,,
241.68,,
241.68,,
241.69,,
241.69,,
241.69,,
241.69,,
241.69,,
241.69,,
241.69,,
241.7,,
241.7,,
241.7,,
241.7,,
241.7,,
241.7,,
241.7,,
241.7,,
241.7,,
241.71,,
241.71,,
241.72,,
241.72,,
241.72,,
241.72,,
241.72,,
241.73,,
241.73,,
241.73,,
241.73,,
241.73,,
241.73,,
241.73,,
241.73,,
241.74,,
241.75,,
241.75,,
241.75,,
241.75,,
241.76,,
241.76,,
241.77,,
241.77,,
241.77,,
241.78,,
241.78,,
241.78,,
241.78,,
241.78,,
241.78,,
241.79,,
241.79,,
241.79,,
241.79,,
241.79,,
241.79,,
241.79,,
241.79,,
241.79,,
241.79,,
241.8,,
241.8,,
241.8,,
241.8,,
241.8,,
241.8,,
241.8,,
241.81,,
241.81,,
241.81,,
241.81,,
241.81,,
241.81,,
241.81,,
241.81,,
241.82,,
241.82,,
241.82,,
241.83,,
241.83,,
241.83,,
241.83,,
241.83,,
241.84,,
241.84,,
241.84,,
241.84,,
241.84,,
241.85,,
241.85,,
241.85,,
241.85,,
241.85,,
241.85,,
241.85,,
241.85,,
241.86,,
241.86,,
241.86,,
241.86,,
241.86,,
241.88,,
241.89,,
241.89,,
241.9,,
241.9,,
241.91,,
241.91,,
241.91,,
241.91,,
241.92,,
241.93,,
241.93,,
241.93,,
241.93,,
241.93,,
241.94,,
241.94,,
241.94,,
241.95,,
241.95,,
241.95,,
241.95,,
241.95,,
241.95,,
241.95,,
241.95,,
241.96,,
241.96,,
241.96,,
241.96,,
241.96,,
241.96,,
241.96,,
241.96,,
241.97,,
241.97,,
241.97,,
241.97,,
241.98,,
241.98,,
241.98,,
241.98,,
241.98,,
241.98,,
241.98,,
241.98,,
241.99,,
241.99,,
241.99,,
242.0,,
242.0,,
242.0,,
242.0,,
242.0,,
242.0,,
242.0,,
242.0,,
242.02,,
242.02,,
242.03,,
242.03,,
242.03,,
242.03,,
242.03,,
242.03,,
242.04,,
242.04,,
242.05,,
242.05,,
242.05,,
242.05,,
242.05,,
242.05,,
242.06,,
242.06,,
242.06,,
242.07,,
242.08,,
242.08,,
242.08,,
242.09,,
242.09,,
242.09,,
242.09,,
242.09,,
242.09,,
242.09,,
242.09,,
242.09,,
242.1,,
242.1,,
242.1,,
242.1,,
242.1,,
242.1,,
242.1,,
242.1,,
242.1,,
242.1,,
242.11,,
242.11,,
242.11,,
242.12,,
242.12,,
242.12,,
242.12,,
242.12,,
242.12,,
242.12,,
242.12,,
242.13,,
242.13,,
242.13,,
242.13,,
242.13,,
242.13,,
242.14,,
242.14,,
242.15,,
242.15,,
242.15,,
242.15,,
242.15,,
242.16,,
242.16,,
242.16,,
242.16,,
242.16,,
242.17,,
242.17,,
242.18,,
242.18,,
242.18,,
242.19,,
242.19,,
242.2,,
242.2,,
242.2,,
242.2,,
242.2,,
242.2,,
242.2,,
242.2,,
242.2,,
242.21,,
242.21,,
242.21,,
242.21,,
242.21,,
242.21,,
242.21,,
242.21,,
242.22,,
242.22,,
242.22,,
242.23,,
242.23,,
242.23,,
242.24,,
242.24,,
242.24,,
242.24,,
242.24,,
242.25,,
242.25,,
242.25,,
242.25,,
242.25,,
242.25,,
242.25,,
242.26,,
242.26,,
242.26,,
242.26,,
242.27,,
242.27,,
242.27,,
242.27,,
242.27,,
242.27,,
242.28,,
242.28,,
242.28,,
242.28,,
242.28,,
242.29,,
242.29,,
242.29,,
242.29,,
242.29,,
242.29,,
242.3,,
242.3,,
242.3,,
242.3,,
242.3,,
242.3,,
242.3,,
242.31,,
242.31,,
242.31,,
242.31,,
242.31,,
242.32,,
242.32,,
242.32,,
242.32,,
242.32,,
242.32,,
242.32,,
242.33,,
242.33,,
242.33,,
242.33,,
242.33,,
242.33,,
242.34,,
242.34,,
242.34,,
242.34,,
242.34,,
242.34,,
242.34,,
242.34,,
242.35,,
242.35,,
242.35,,
242.35,,
242.35,,
242.35,,
242.35,,
242.36,,
242.36,,
242.36,,
242.37,,
242.37,,
242.37,,
242.37,,
242.37,,
242.38,,
242.38,,
242.38,,
242.38,,
242.39,,
242.39,,
242.4,,
242.4,,
242.4,,
242.4,,
242.4,,
242.4,,
242.4,,
242.41,,
242.41,,
242.41,,
242.41,,
242.41,,
242.41,,
242.41,,
242.42,,
242.42,,
242.42,,
242.42,,
242.42,,
242.42,,
242.43,,
242.43,,
242.43,,
242.44,,
242.44,,
242.44,,
242.44,,
242.44,,
242.44,,
242.44,,
242.45,,
242.45,,
242.45,,
242.45,,
242.45,,
242.45,,
242.46,,
242.46,,
242.46,,
242.46,,
242.46,,
242.46,,
242.47,,
242.47,,
242.47,,
242.47,,
242.48,,
242.48,,
242.48,,
242.48,,
242.48,,
242.49,,
242.49,,
242.49,,
242.49,,
242.49,,
242.49,,
242.5,,
242.5,,
242.5,,
242.5,,
242.5,,
242.5,,
242.51,,
242.52,,
242.52,,
242.52,,
242.53,,
242.53,,
242.53,,
242.53,,
242.54,,
242.54,,
242.54,,
242.54,,
242.54,,
242.55,,
242.55,,
242.55,,
242.55,,
242.55,,
242.56,,
242.56,,
242.56,,
242.56,,
242.56,,
242.57,,
242.57,,
242.57,,
242.57,,
242.58,,
242.58,,
242.58,,
242.58,,
242.58,,
242.58,,
242.58,,
242.59,,
242.59,,
242.59,,
242.59,,
242.6,,
242.6,,
242.6,,
242.6,,
242.6,,
242.61,,
242.61,,
242.61,,
242.62,,
242.62,,
242.62,,
242.62,,
242.62,,
242.63,,
242.63,,
242.63,,
242.63,,
242.63,,
242.63,,
242.63,,
242.63,,
242.64,,
242.64,,
242.64,,
242.64,,
242.64,,
242.64,,
242.64,,
242.65,,
242.65,,
242.65,,
242.65,,
242.65,,
242.65,,
242.65,,
242.65,,
242.66,,
242.66,,
242.66,,
242.66,,
242.66,,
242.67,,
242.67,,
242.67,,
242.67,,
242.67,,
242.67,,
242.67,,
242.67,,
242.67,,
242.68,,
242.68,,
242.68,,
242.68,,
242.69,,
242.69,,
242.69,,
242.69,,
242.69,,
242.69,,
242.7,,
242.7,,
242.7,,
242.7,,
242.7,,
242.7,,
242.7,,
242.7,,
242.71,,
242.71,,
242.71,,
242.71,,
242.71,,
242.71,,
242.71,,
242.72,,
242.72,,
242.72,,
242.72,,
242.73,,
242.73,,
242.73,,
242.74,,
242.74,,
242.74,,
242.74,,
242.74,,
242.74,,
242.74,,
242.74,,
242.75,,
242.75,,
242.75,,
242.75,,
242.75,,
242.75,,
242.75,,
242.76,,
242.76,,
242.76,,
242.76,,
242.77,,
242.77,,
242.77,,
242.77,,
242.77,,
242.77,,
242.78,,
242.78,,
242.78,,
242.78,,
242.78,,
242.78,,
242.78,,
242.78,,
242.79,,
242.79,,
242.79,,
242.79,,
242.79,,
242.79,,
242.79,,
242.79,,
242.79,,
242.79,,
242.8,,
242.8,,
242.8,,
242.8,,
242.8,,
242.8,,
242.8,,
242.8,,
242.81,,
242.81,,
242.81,,
242.81,,
242.81,,
242.81,,
242.81,,
242.81,,
242.82,,
242.82,,
242.82,,
242.83,,
242.83,,
242.83,,
242.83,,
242.83,,
242.83,,
242.83,,
242.83,,
242.83,,
242.84,,
242.84,,
242.84,,
242.84,,
242.84,,
242.84,,
242.84,,
242.85,,
242.85,,
242.85,,
242.85,,
242.86,,
242.86,,
242.86,,
242.87,,
242.87,,
242.88,,
242.88,,
242.88,,
242.89,,
242.89,,
242.89,,
242.9,,
242.9,,
242.9,,
242.9,,
242.9,,
242.9,,
242.9,,
242.9,,
242.9,,
242.9,,
242.9,,
242.9,,
242.91,,
242.91,,
242.91,,
242.91,,
242.91,,
242.92,,
242.92,,
242.92,,
242.92,,
242.92,,
242.93,,
242.93,,
242.93,,
242.94,,
242.94,,
242.94,,
242.94,,
242.94,,
242.94,,
242.95,,
242.95,,
242.95,,
242.95,,
242.95,,
242.95,,
242.96,,
242.96,,
242.96,,
242.96,,
242.96,,
242.96,,
242.96,,
242.96,,
242.96,,
242.96,,
242.96,,
242.97,,
242.97,,
242.97,,
242.98,,
242.98,,
242.98,,
242.98,,
242.99,,
242.99,,
242.99,,
242.99,,
242.99,,
243.0,,
243.0,,
243.0,,
243.0,,
243.0,,
243.0,,
243.0,,
243.0,,
243.0,,
243.0,,
243.01,,
243.01,,
243.01,,
243.01,,
243.01,,
243.01,,
243.01,,
243.01,,
243.02,,
243.02,,
243.02,,
243.02,,
243.02,,
243.02,,
243.03,,
243.03,,
243.03,,
243.03,,
243.03,,
243.03,,
243.03,,
243.03,,
243.04,,
243.04,,
243.04,,
243.04,,
243.04,,
243.04,,
243.04,,
243.04,,
243.05,,
243.05,,
243.05,,
243.05,,
243.05,,
243.05,,
243.05,,
243.06,,
243.06,,
243.06,,
243.06,,
243.06,,
243.06,,
243.07,,
243.07,,
243.07,,
243.07,,
243.07,,
243.07,,
243.07,,
243.07,,
243.07,,
243.08,,
243.08,,
243.08,,
243.08,,
243.08,,
243.08,,
243.08,,
243.08,,
243.08,,
243.08,,
243.08,,
243.08,,
243.09,,
243.09,,
243.09,,
243.09,,
243.09,,
243.09,,
243.09,,
243.09,,
243.09,,
243.1,,
243.1,,
243.1,,
243.1,,
243.1,,
243.1,,
243.1,,
243.1,,
243.1,,
243.1,,
243.11,,
243.11,,
243.11,,
243.11,,
243.12,,
243.12,,
243.12,,
243.13,,
243.13,,
243.13,,
243.13,,
243.13,,
243.13,,
243.13,,
243.13,,
243.14,,
243.14,,
243.14,,
243.14,,
243.14,,
243.15,,
243.15,,
243.15,,
243.15,,
243.15,,
243.15,,
243.15,,
243.15,,
243.15,,
243.15,,
243.15,,
243.16,,
243.16,,
243.16,,
243.16,,
243.16,,
243.16,,
243.16,,
243.17,,
243.17,,
243.18,,
243.18,,
243.18,,
243.18,,
243.18,,
243.18,,
243.18,,
243.18,,
243.18,,
243.18,,
243.19,,
243.19,,
243.19,,
243.19,,
243.19,,
243.19,,
243.2,,
243.2,,
243.2,,
243.2,,
243.2,,
243.2,,
243.2,,
243.2,,
243.2,,
243.2,,
243.2,,
243.2,,
243.2,,
243.21,,
243.21,,
243.21,,
243.21,,
243.22,,
243.22,,
243.22,,
243.22,,
243.22,,
243.22,,
243.22,,
243.23,,
243.23,,
243.23,,
243.23,,
243.24,,
243.24,,
243.24,,
243.24,,
243.25,,
243.25,,
243.25,,
243.25,,
243.25,,
243.25,,
243.26,,
243.26,,
243.26,,
243.26,,
243.26,,
243.26,,
243.26,,
243.27,,
243.27,,
243.27,,
243.27,,
243.27,,
243.27,,
243.28,,
243.28,,
243.28,,
243.28,,
243.28,,
243.29,,
243.29,,
243.29,,
243.29,,
243.29,,
243.29,,
243.29,,
243.29,,
243.3,,
243.3,,
243.3,,
243.3,,
243.3,,
243.3,,
243.31,,
243.31,,
243.31,,
243.31,,
243.31,,
243.31,,
243.31,,
243.31,,
243.32,,
243.32,,
243.32,,
243.32,,
243.32,,
243.32,,
243.32,,
243.33,,
243.33,,
243.33,,
243.33,,
243.33,,
243.33,,
243.34,,
243.34,,
243.34,,
243.34,,
243.34,,
243.35,,
243.35,,
243.35,,
243.35,,
243.35,,
243.35,,
243.35,,
243.35,,
243.35,,
243.35,,
243.36,,
243.36,,
243.36,,
243.36,,
243.36,,
243.36,,
243.36,,
243.36,,
243.36,,
243.37,,
243.37,,
243.37,,
243.37,,
243.37,,
243.38,,
243.38,,
243.38,,
243.38,,
243.38,,
243.38,,
243.38,,
243.38,,
243.38,,
243.38,,
243.38,,
243.39,,
243.39,,
243.39,,
243.4,,
243.4,,
243.4,,
243.4,,
243.4,,
243.4,,
243.4,,
243.4,,
243.41,,
243.41,,
243.41,,
243.41,,
243.42,,
243.42,,
243.42,,
243.42,,
243.42,,
243.42,,
243.42,,
243.42,,
243.43,,
243.43,,
243.43,,
243.43,,
243.43,,
243.43,,
243.43,,
243.44,,
243.44,,
243.44,,
243.44,,
243.44,,
243.44,,
243.44,,
243.45,,
243.45,,
243.45,,
243.45,,
243.46,,
243.46,,
243.46,,
243.46,,
243.46,,
243.46,,
243.46,,
243.46,,
243.46,,
243.46,,
243.46,,
243.47,,
243.47,,
243.47,,
243.47,,
243.48,,
243.48,,
243.48,,
243.48,,
243.48,,
243.48,,
243.49,,
243.49,,
243.49,,
243.49,,
243.49,,
243.49,,
243.5,,
243.5,,
243.5,,
243.5,,
243.5,,
243.5,,
243.5,,
243.5,,
243.5,,
243.5,,
243.5,,
243.5,,
243.5,,
243.5,,
243.5,,
243.5,,
243.5,,
243.5,,
243.5,,
243.51,,
243.51,,
243.51,,
243.51,,
243.51,,
243.51,,
243.51,,
243.52,,
243.52,,
243.52,,
243.53,,
243.53,,
243.53,,
243.53,,
243.53,,
243.53,,
243.53,,
243.53,,
243.53,,
243.54,,
243.54,,
243.54,,
243.54,,
243.54,,
243.54,,
243.54,,
243.54,,
243.55,,
243.55,,
243.55,,
243.55,,
243.55,,
243.55,,
243.55,,
243.55,,
243.55,,
243.56,,
243.56,,
243.56,,
243.56,,
243.56,,
243.56,,
243.56,,
243.57,,
243.57,,
243.57,,
243.57,,
243.57,,
243.57,,
243.58,,
243.58,,
243.58,,
243.58,,
243.58,,
243.58,,
243.58,,
243.59,,
243.59,,
243.59,,
243.59,,
243.59,,
243.59,,
243.59,,
243.6,,
243.6,,
243.6,,
243.6,,
243.6,,
243.6,,
243.6,,
243.6,,
243.61,,
243.61,,
243.61,,
243.61,,
243.62,,
243.62,,
243.62,,
243.62,,
243.62,,
243.62,,
243.62,,
243.63,,
243.63,,
243.63,,
243.63,,
243.63,,
243.63,,
243.63,,
243.63,,
243.63,,
243.63,,
243.64,,
243.64,,
243.64,,
243.64,,
243.64,,
243.64,,
243.64,,
243.65,,
243.65,,
243.65,,
243.65,,
243.65,,
243.66,,
243.66,,
243.66,,
243.66,,
243.66,,
243.67,,
243.67,,
243.67,,
243.67,,
243.68,,
243.68,,
243.68,,
243.68,,
243.68,,
243.68,,
243.68,,
243.69,,
243.69,,
243.69,,
243.69,,
243.69,,
243.69,,
243.69,,
243.69,,
243.7,,
243.7,,
243.7,,
243.7,,
243.7,,
243.7,,
243.7,,
243.7,,
243.7,,
243.7,,
243.7,,
243.7,,
243.7,,
243.7,,
243.7,,
243.7,,
243.7,,
243.7,,
243.7,,
243.7,,
243.71,,
243.71,,
243.71,,
243.71,,
243.71,,
243.71,,
243.71,,
243.71,,
243.71,,
243.71,,
243.72,,
243.72,,
243.72,,
243.72,,
243.72,,
243.72,,
243.72,,
243.72,,
243.72,,
243.73,,
243.73,,
243.73,,
243.73,,
243.73,,
243.73,,
243.73,,
243.73,,
243.73,,
243.73,,
243.74,,
243.74,,
243.74,,
243.74,,
243.74,,
243.74,,
243.74,,
243.74,,
243.74,,
243.74,,
243.74,,
243.74,,
243.74,,
243.75,,
243.75,,
243.75,,
243.75,,
243.75,,
243.75,,
243.76,,
243.76,,
243.76,,
243.76,,
243.76,,
243.76,,
243.76,,
243.76,,
243.76,,
243.77,,
243.77,,
243.77,,
243.77,,
243.77,,
243.77,,
243.78,,
243.78,,
243.78,,
243.78,,
243.78,,
243.78,,
243.78,,
243.78,,
243.79,,
243.79,,
243.79,,
243.79,,
243.79,,
243.79,,
243.79,,
243.79,,
243.79,,
243.79,,
243.79,,
243.8,,
243.8,,
243.8,,
243.8,,
243.8,,
243.81,,
243.81,,
243.81,,
243.81,,
243.81,,
243.81,,
243.82,,
243.82,,
243.82,,
243.82,,
243.82,,
243.82,,
243.82,,
243.82,,
243.82,,
243.83,,
243.83,,
243.83,,
243.83,,
243.83,,
243.83,,
243.83,,
243.83,,
243.83,,
243.83,,
243.84,,
243.84,,
243.84,,
243.84,,
243.84,,
243.84,,
243.84,,
243.84,,
243.84,,
243.84,,
243.85,,
243.85,,
243.85,,
243.85,,
243.85,,
243.86,,
243.86,,
243.86,,
243.86,,
243.86,,
243.86,,
243.87,,
243.87,,
243.87,,
243.87,,
243.87,,
243.87,,
243.87,,
243.87,,
243.87,,
243.88,,
243.88,,
243.88,,
243.88,,
243.88,,
243.88,,
243.89,,
243.89,,
243.89,,
243.89,,
243.89,,
243.89,,
243.89,,
243.89,,
243.89,,
243.89,,
243.9,,
243.9,,
243.9,,
243.9,,
243.9,,
243.9,,
243.9,,
243.91,,
243.91,,
243.91,,
243.91,,
243.91,,
243.91,,
243.91,,
243.91,,
243.91,,
243.92,,
243.92,,
243.92,,
243.92,,
243.92,,
243.92,,
243.92,,
243.92,,
243.93,,
243.93,,
243.93,,
243.93,,
243.93,,
243.93,,
243.93,,
243.93,,
243.94,,
243.94,,
243.94,,
243.94,,
243.94,,
243.94,,
243.95,,
243.95,,
243.95,,
243.95,,
243.95,,
243.95,,
243.95,,
243.95,,
243.95,,
243.95,,
243.96,,
243.96,,
243.96,,
243.96,,
243.96,,
243.96,,
243.96,,
243.96,,
243.96,,
243.96,,
243.96,,
243.97,,
243.97,,
243.98,,
243.98,,
243.98,,
243.98,,
243.98,,
243.98,,
243.98,,
243.98,,
243.99,,
243.99,,
243.99,,
243.99,,
243.99,,
243.99,,
244.0,,
244.0,,
244.0,,
244.0,,
244.0,,
244.0,,
244.0,,
244.0,,
244.0,,
244.0,,
244.0,,
244.0,,
244.0,,
244.0,,
244.01,,
244.01,,
244.01,,
244.01,,
244.01,,
244.01,,
244.02,,
244.02,,
244.02,,
244.02,,
244.02,,
244.02,,
244.03,,
244.03,,
244.03,,
244.03,,
244.04,,
244.04,,
244.04,,
244.04,,
244.04,,
244.04,,
244.04,,
244.04,,
244.04,,
244.05,,
244.05,,
244.05,,
244.05,,
244.05,,
244.05,,
244.05,,
244.06,,
244.06,,
244.06,,
244.06,,
244.06,,
244.06,,
244.06,,
244.06,,
244.07,,
244.07,,
244.07,,
244.07,,
244.07,,
244.08,,
244.08,,
244.08,,
244.09,,
244.09,,
244.09,,
244.09,,
244.09,,
244.09,,
244.09,,
244.09,,
244.1,,
244.1,,
244.1,,
244.1,,
244.1,,
244.1,,
244.1,,
244.1,,
244.1,,
244.1,,
244.1,,
244.1,,
244.11,,
244.11,,
244.11,,
244.11,,
244.11,,
244.11,,
244.11,,
244.11,,
244.12,,
244.12,,
244.12,,
244.12,,
244.12,,
244.12,,
244.12,,
244.12,,
244.13,,
244.13,,
244.13,,
244.13,,
244.13,,
244.13,,
244.13,,
244.13,,
244.14,,
244.14,,
244.14,,
244.14,,
244.14,,
244.14,,
244.15,,
244.15,,
244.15,,
244.15,,
244.15,,
244.16,,
244.16,,
244.16,,
244.16,,
244.16,,
244.16,,
244.16,,
244.16,,
244.16,,
244.16,,
244.17,,
244.17,,
244.17,,
244.17,,
244.17,,
244.17,,
244.17,,
244.17,,
244.17,,
244.17,,
244.17,,
244.17,,
244.17,,
244.18,,
244.18,,
244.18,,
244.18,,
244.18,,
244.18,,
244.18,,
244.18,,
244.18,,
244.18,,
244.18,,
244.18,,
244.18,,
244.19,,
244.19,,
244.19,,
244.19,,
244.19,,
244.19,,
244.19,,
244.19,,
244.19,,
244.2,,
244.2,,
244.2,,
244.2,,
244.2,,
244.2,,
244.2,,
244.2,,
244.2,,
244.2,,
244.2,,
244.2,,
244.2,,
244.2,,
244.2,,
244.2,,
244.21,,
244.21,,
244.21,,
244.21,,
244.21,,
244.21,,
244.21,,
244.21,,
244.22,,
244.22,,
244.22,,
244.22,,
244.22,,
244.23,,
244.23,,
244.23,,
244.23,,
244.23,,
244.23,,
244.23,,
244.23,,
244.23,,
244.23,,
244.23,,
244.24,,
244.24,,
244.24,,
244.24,,
244.24,,
244.24,,
244.24,,
244.24,,
244.24,,
244.24,,
244.25,,
244.25,,
244.25,,
244.25,,
244.25,,
244.25,,
244.25,,
244.25,,
244.25,,
244.25,,
244.26,,
244.26,,
244.26,,
244.26,,
244.26,,
244.26,,
244.26,,
244.26,,
244.26,,
244.26,,
244.26,,
244.26,,
244.27,,
244.27,,
244.27,,
244.27,,
244.27,,
244.27,,
244.27,,
244.27,,
244.27,,
244.27,,
244.28,,
244.28,,
244.28,,
244.28,,
244.28,,
244.28,,
244.28,,
244.28,,
244.29,,
244.29,,
244.29,,
244.29,,
244.29,,
244.29,,
244.29,,
244.29,,
244.29,,
244.29,,
244.29,,
244.29,,
244.29,,
244.3,,
244.3,,
244.3,,
244.3,,
244.3,,
244.3,,
244.3,,
244.3,,
244.3,,
244.3,,
244.3,,
244.3,,
244.3,,
244.31,,
244.31,,
244.31,,
244.31,,
244.31,,
244.31,,
244.32,,
244.32,,
244.32,,
244.32,,
244.32,,
244.32,,
244.33,,
244.33,,
244.33,,
244.33,,
244.33,,
244.33,,
244.33,,
244.33,,
244.33,,
244.34,,
244.34,,
244.34,,
244.35,,
244.35,,
244.35,,
244.35,,
244.35,,
244.35,,
244.35,,
244.35,,
244.35,,
244.35,,
244.36,,
244.36,,
244.36,,
244.36,,
244.36,,
244.36,,
244.36,,
244.36,,
244.36,,
244.36,,
244.36,,
244.36,,
244.36,,
244.36,,
244.36,,
244.36,,
244.36,,
244.36,,
244.37,,
244.37,,
244.37,,
244.37,,
244.37,,
244.37,,
244.37,,
244.37,,
244.38,,
244.38,,
244.38,,
244.38,,
244.38,,
244.38,,
244.38,,
244.39,,
244.39,,
244.39,,
244.39,,
244.39,,
244.39,,
244.4,,
244.4,,
244.4,,
244.4,,
244.4,,
244.4,,
244.4,,
244.4,,
244.4,,
244.4,,
244.4,,
244.4,,
244.4,,
244.41,,
244.41,,
244.41,,
244.41,,
244.41,,
244.41,,
244.41,,
244.41,,
244.42,,
244.42,,
244.42,,
244.42,,
244.42,,
244.42,,
244.42,,
244.42,,
244.42,,
244.42,,
244.42,,
244.42,,
244.43,,
244.43,,
244.43,,
244.43,,
244.43,,
244.43,,
244.44,,
244.44,,
244.44,,
244.44,,
244.44,,
244.44,,
244.44,,
244.44,,
244.44,,
244.44,,
244.44,,
244.44,,
244.45,,
244.45,,
244.45,,
244.45,,
244.45,,
244.45,,
244.45,,
244.45,,
244.45,,
244.45,,
244.45,,
244.46,,
244.46,,
244.46,,
244.46,,
244.46,,
244.46,,
244.46,,
244.46,,
244.46,,
244.47,,
244.47,,
244.47,,
244.47,,
244.48,,
244.48,,
244.48,,
244.48,,
244.48,,
244.48,,
244.49,,
244.49,,
244.49,,
244.49,,
244.49,,
244.49,,
244.49,,
244.49,,
244.5,,
244.5,,
244.5,,
244.5,,
244.5,,
244.5,,
244.5,,
244.5,,
244.5,,
244.5,,
244.51,,
244.51,,
244.51,,
244.51,,
244.51,,
244.51,,
244.52,,
244.52,,
244.52,,
244.53,,
244.53,,
244.53,,
244.53,,
244.53,,
244.53,,
244.53,,
244.53,,
244.53,,
244.53,,
244.54,,
244.54,,
244.54,,
244.54,,
244.55,,
244.55,,
244.55,,
244.55,,
244.55,,
244.55,,
244.55,,
244.55,,
244.55,,
244.55,,
244.55,,
244.55,,
244.56,,
244.56,,
244.56,,
244.56,,
244.56,,
244.56,,
244.56,,
244.56,,
244.56,,
244.56,,
244.56,,
244.57,,
244.57,,
244.57,,
244.57,,
244.57,,
244.57,,
244.57,,
244.57,,
244.57,,
244.58,,
244.58,,
244.58,,
244.58,,
244.58,,
244.58,,
244.59,,
244.59,,
244.59,,
244.59,,
244.59,,
244.59,,
244.59,,
244.59,,
244.59,,
244.6,,
244.6,,
244.6,,
244.6,,
244.6,,
244.6,,
244.6,,
244.6,,
244.6,,
244.6,,
244.6,,
244.6,,
244.61,,
244.61,,
244.61,,
244.61,,
244.61,,
244.61,,
244.61,,
244.62,,
244.62,,
244.62,,
244.62,,
244.62,,
244.62,,
244.62,,
244.62,,
244.62,,
244.63,,
244.63,,
244.63,,
244.63,,
244.63,,
244.63,,
244.63,,
244.63,,
244.63,,
244.64,,
244.64,,
244.64,,
244.64,,
244.64,,
244.64,,
244.64,,
244.64,,
244.64,,
244.64,,
244.64,,
244.65,,
244.65,,
244.65,,
244.65,,
244.65,,
244.65,,
244.65,,
244.65,,
244.65,,
244.65,,
244.65,,
244.66,,
244.66,,
244.66,,
244.66,,
244.66,,
244.66,,
244.66,,
244.66,,
244.66,,
244.66,,
244.66,,
244.66,,
244.67,,
244.67,,
244.67,,
244.67,,
244.67,,
244.67,,
244.67,,
244.67,,
244.67,,
244.67,,
244.68,,
244.68,,
244.68,,
244.68,,
244.68,,
244.69,,
244.69,,
244.69,,
244.69,,
244.69,,
244.69,,
244.7,,
244.7,,
244.7,,
244.7,,
244.7,,
244.7,,
244.7,,
244.7,,
244.7,,
244.7,,
244.7,,
244.7,,
244.7,,
244.71,,
244.71,,
244.71,,
244.72,,
244.72,,
244.72,,
244.72,,
244.72,,
244.72,,
244.72,,
244.72,,
244.72,,
244.72,,
244.73,,
244.73,,
244.73,,
244.73,,
244.73,,
244.73,,
244.73,,
244.73,,
244.73,,
244.73,,
244.73,,
244.74,,
244.74,,
244.74,,
244.74,,
244.74,,
244.74,,
244.74,,
244.74,,
244.74,,
244.74,,
244.75,,
244.75,,
244.75,,
244.75,,
244.75,,
244.75,,
244.75,,
244.75,,
244.75,,
244.75,,
244.75,,
244.76,,
244.76,,
244.76,,
244.76,,
244.76,,
244.76,,
244.76,,
244.76,,
244.76,,
244.76,,
244.76,,
244.76,,
244.77,,
244.77,,
244.77,,
244.77,,
244.77,,
244.77,,
244.77,,
244.78,,
244.78,,
244.78,,
244.78,,
244.78,,
244.78,,
244.78,,
244.78,,
244.78,,
244.78,,
244.78,,
244.78,,
244.79,,
244.79,,
244.79,,
244.79,,
244.79,,
244.79,,
244.79,,
244.79,,
244.79,,
244.79,,
244.8,,
244.8,,
244.8,,
244.8,,
244.8,,
244.8,,
244.8,,
244.8,,
244.8,,
244.8,,
244.8,,
244.8,,
244.8,,
244.8,,
244.8,,
244.8,,
244.81,,
244.81,,
244.81,,
244.81,,
244.81,,
244.81,,
244.81,,
244.82,,
244.82,,
244.82,,
244.82,,
244.82,,
244.82,,
244.82,,
244.82,,
244.82,,
244.83,,
244.83,,
244.83,,
244.83,,
244.83,,
244.83,,
244.83,,
244.83,,
244.83,,
244.83,,
244.84,,
244.84,,
244.84,,
244.84,,
244.84,,
244.84,,
244.84,,
244.84,,
244.85,,
244.85,,
244.85,,
244.85,,
244.85,,
244.85,,
244.85,,
244.85,,
244.85,,
244.85,,
244.86,,
244.86,,
244.86,,
244.86,,
244.86,,
244.86,,
244.86,,
244.86,,
244.86,,
244.86,,
244.86,,
244.86,,
244.86,,
244.87,,
244.87,,
244.87,,
244.87,,
244.87,,
244.87,,
244.87,,
244.87,,
244.88,,
244.88,,
244.88,,
244.88,,
244.88,,
244.88,,
244.88,,
244.88,,
244.88,,
244.88,,
244.88,,
244.88,,
244.88,,
244.88,,
244.88,,
244.89,,
244.89,,
244.89,,
244.89,,
244.89,,
244.89,,
244.89,,
244.89,,
244.89,,
244.9,,
244.9,,
244.9,,
244.9,,
244.9,,
244.9,,
244.9,,
244.9,,
244.9,,
244.9,,
244.9,,
244.9,,
244.9,,
244.9,,
244.9,,
244.9,,
244.9,,
244.9,,
244.91,,
244.91,,
244.91,,
244.91,,
244.91,,
244.91,,
244.91,,
244.91,,
244.91,,
244.92,,
244.92,,
244.92,,
244.92,,
244.92,,
244.92,,
244.92,,
244.92,,
244.93,,
244.93,,
244.93,,
244.93,,
244.93,,
244.93,,
244.94,,
244.94,,
244.94,,
244.94,,
244.94,,
244.94,,
244.94,,
244.94,,
244.94,,
244.94,,
244.94,,
244.94,,
244.94,,
244.95,,
244.95,,
244.95,,
244.96,,
244.96,,
244.96,,
244.96,,
244.96,,
244.96,,
244.96,,
244.96,,
244.97,,
244.97,,
244.97,,
244.97,,
244.97,,
244.97,,
244.97,,
244.97,,
244.97,,
244.97,,
244.97,,
244.97,,
244.97,,
244.97,,
244.97,,
244.97,,
244.97,,
244.97,,
244.97,,
244.98,,
244.98,,
244.98,,
244.98,,
244.98,,
244.98,,
244.98,,
244.98,,
244.98,,
244.98,,
244.98,,
244.99,,
244.99,,
244.99,,
244.99,,
244.99,,
244.99,,
244.99,,
