1500_finish_s,3000_finish_s,5000_finish_s,mile1_s,mile2_s,mile3_s
206.0,437.55,1128.0,344.8,368.1,365.4
206.12,440.67,1246.9,425.2,402.7,380.5
206.34,441.28,1290.3,411.5,409.4,409.6
206.45,443.09,1343.7,422.8,423.9,443.0
206.69,443.63,1506.5,488.3,479.4,482.4
206.73,443.64,1510.8,527.4,471.7,467.4
206.89,444.0,1527.2,481.9,503.5,497.2
206.96,445.02,1579.2,510.9,498.2,524.5
207.14,445.09,1598.0,527.5,521.5,498.5
207.21,445.11,1598.9,515.2,532.8,494.1
207.34,445.16,1597.2,557.7,513.4,475.8
207.37,445.47,1612.3,513.4,542.0,515.5
207.4,445.48,1634.1,525.2,531.3,527.2
207.52,445.54,1635.6,523.8,547.2,521.9
207.64,445.79,1656.1,510.3,562.8,528.9
207.64,445.87,1696.2,574.8,544.3,525.4
207.65,445.93,1706.0,572.9,543.2,538.9
207.65,446.02,1713.4,562.5,540.8,550.1
207.72,446.03,1712.6,582.4,549.2,524.0
207.79,446.18,1716.4,533.4,570.7,561.4
207.8,446.25,1727.4,533.9,588.7,551.1
207.83,446.28,1744.9,591.5,596.7,503.7
207.91,446.62,1748.5,562.3,560.9,569.6
207.95,446.64,1734.4,541.2,580.6,571.2
208.12,446.69,1733.3,569.0,573.5,553.6
208.21,446.81,1760.8,564.5,567.4,582.6
208.24,447.0,1788.4,565.4,584.9,574.6
208.28,447.05,1823.3,593.6,601.7,551.1
208.32,447.16,1827.0,583.3,592.4,593.0
208.37,447.18,1864.2,620.3,592.1,580.2
208.37,447.26,1854.9,598.6,625.1,578.0
208.38,447.3,1852.7,594.8,605.9,592.9
208.4,447.42,1865.8,599.6,606.4,618.9
208.41,447.5,1890.2,585.9,632.5,606.1
208.45,447.55,1897.1,624.7,610.0,608.4
208.45,447.59,1894.5,642.2,598.7,611.5
208.51,447.61,1907.2,596.7,624.8,613.1
208.57,447.64,1935.0,625.4,610.3,620.8
208.6,447.66,1909.9,613.3,615.4,631.0
208.68,447.67,1935.6,609.5,611.9,653.3
208.71,447.68,1935.4,621.9,644.0,602.7
208.72,447.72,1939.4,606.3,633.9,642.9
208.73,447.75,1947.0,588.9,666.8,634.2
208.75,447.99,1956.2,653.4,635.2,599.5
208.76,448.0,1948.9,638.6,602.8,637.0
208.76,448.02,1950.7,633.6,612.4,645.1
208.77,448.04,1959.2,622.9,641.3,631.9
208.79,448.19,1979.9,616.3,659.1,637.7
208.8,448.28,1987.0,616.9,646.5,652.8
208.8,448.28,2008.2,673.4,664.8,592.9
208.81,448.37,1994.1,670.1,632.2,618.8
208.81,448.38,1997.0,646.0,658.9,644.4
208.84,448.41,2018.2,636.7,647.6,659.7
208.86,448.44,2024.8,596.4,674.1,692.3
208.88,448.45,2022.6,616.3,659.6,683.4
208.89,448.48,2037.0,626.6,686.6,661.1
208.91,448.53,2044.0,682.3,652.2,653.6
208.92,448.56,2055.2,649.9,688.8,651.7
208.93,448.64,2048.2,661.7,676.7,635.5
208.93,448.67,2051.7,657.1,659.1,674.7
208.95,448.7,2065.0,660.0,677.2,663.0
208.98,448.7,2053.7,645.6,665.8,674.4
209.01,448.72,2068.4,672.4,655.4,664.0
209.02,448.73,2090.0,675.6,676.5,658.7
209.02,448.76,2081.3,618.1,677.1,698.2
209.02,448.78,2118.4,724.5,660.0,653.9
209.05,448.82,2083.2,680.1,675.4,672.2
209.05,448.83,2119.4,679.9,682.6,681.9
209.05,448.92,2117.1,653.9,703.9,684.5
209.06,448.93,2134.1,664.9,677.5,717.5
209.08,448.94,2140.5,694.8,650.7,729.9
209.08,448.94,2149.4,683.8,716.6,677.3
209.1,448.96,2174.9,691.1,692.2,729.2
209.1,448.98,2166.9,727.4,679.9,701.5
209.11,448.99,2193.2,705.7,714.2,701.7
209.12,449.0,2193.9,692.3,712.7,717.0
209.13,449.09,2196.9,682.1,715.7,728.9
209.13,449.11,2196.6,652.7,722.3,762.4
209.14,449.23,2239.8,689.1,722.4,737.5
209.18,449.24,2272.3,733.2,718.5,733.6
209.18,449.25,2273.7,714.5,751.4,733.3
209.18,449.32,2276.8,725.2,746.6,735.9
209.18,449.34,2289.4,796.7,735.2,676.4
209.19,449.36,2291.1,787.7,736.0,680.8
209.2,449.43,2313.3,719.7,735.4,772.2
209.21,449.43,2333.2,728.3,781.1,742.6
209.21,449.45,2349.3,792.1,727.4,730.7
209.23,449.46,2348.6,734.8,765.7,770.5
209.25,449.48,2344.8,755.3,755.7,755.6
209.26,449.49,2344.2,741.8,798.8,732.0
209.26,449.55,2353.1,757.6,790.7,716.1
209.27,449.55,2377.8,739.9,790.3,767.9
209.27,449.6,2408.2,769.1,779.9,784.4
209.29,449.69,2433.1,774.0,796.8,779.2
209.3,449.74,2427.6,800.0,791.5,771.8
209.3,449.75,2431.4,767.5,793.7,805.7
209.33,449.9,2478.4,786.5,799.9,815.2
209.38,449.92,2465.0,840.4,785.9,775.0
209.41,449.95,2481.5,826.3,796.3,774.7
209.43,450.07,2506.2,815.2,771.9,825.5
209.45,450.09,2501.8,808.2,846.7,769.4
209.46,450.09,2512.0,804.6,808.6,814.8
209.46,450.09,2515.4,823.2,813.4,801.2
209.47,450.14,2551.2,801.7,801.4,851.7
209.47,450.15,2564.3,851.5,843.8,787.8
209.47,450.23,2619.2,856.1,871.2,812.6
209.47,450.23,2626.8,870.9,863.9,801.6
209.5,450.26,2637.2,840.9,859.0,839.6
209.5,450.36,2635.4,862.4,821.3,854.8
209.51,450.36,2624.4,838.0,864.9,851.9
209.51,450.42,2637.3,925.1,809.6,822.3
209.51,450.43,2641.4,860.2,861.2,837.1
209.51,450.45,2656.2,843.4,844.0,879.6
209.52,450.46,2660.4,791.1,888.6,889.2
209.53,450.48,2668.8,817.2,841.2,893.3
209.54,450.49,2657.0,839.1,895.5,851.0
209.56,450.5,2729.3,862.4,865.6,930.7
209.57,450.53,2753.5,885.5,865.2,884.7
209.58,450.53,2797.9,894.9,880.3,894.2
209.59,450.56,2829.8,896.7,897.1,933.5
209.63,450.58,2819.0,917.1,916.3,896.3
209.64,450.62,2879.9,893.7,964.2,920.0
209.64,450.62,2886.3,918.7,920.9,938.9
209.65,450.67,2881.7,919.5,922.8,961.5
209.66,450.76,3017.5,993.3,956.2,961.1
209.67,450.76,3004.6,965.5,984.5,965.3
209.67,450.78,3027.5,936.6,1038.1,964.1
209.67,450.79,3016.6,944.1,952.0,1009.7
209.68,450.8,3016.2,950.8,994.1,997.3
209.68,450.82,3118.7,982.3,1035.3,960.8
209.7,450.84,3206.3,1005.4,1036.7,1080.1
209.7,450.91,3202.8,1043.3,1044.1,1015.1
209.71,450.93,3261.5,1090.3,988.1,1066.4
209.71,450.94,3434.5,1111.7,1138.6,1094.6
209.72,450.95,3461.6,1090.9,1134.6,1107.4
209.72,450.96,3454.3,1085.5,1141.1,1112.6
209.74,450.97,3456.9,1114.7,1192.5,1038.9
209.76,450.99,3543.3,1046.8,1260.1,1138.8
209.77,450.99,3558.6,1141.7,1178.5,1144.5
209.77,451.0,3643.5,1200.9,1173.2,1143.7
209.77,451.13,3661.2,1109.3,1196.9,1225.2
209.77,451.14,3666.0,1118.1,1259.9,1190.2
209.78,451.14,3448.1,1105.1,1139.7,1092.1
209.79,451.19,3869.9,1210.4,1287.5,1238.0
209.83,451.2,4002.4,1321.1,1305.6,1237.3
209.85,451.26,4133.9,1377.6,1278.6,1308.5
209.85,451.33,4178.9,1351.2,1396.8,1294.3
209.89,451.33,4291.0,1333.8,1468.0,1354.7
209.9,451.33,4431.0,1393.0,1437.8,1459.1
209.9,451.4,4706.8,1459.0,1625.9,1478.5
209.91,451.41,4751.6,1577.6,1535.7,1475.0
209.91,451.41,4801.4,1593.8,1566.1,1492.7
209.91,451.41,4814.7,1621.7,1586.7,1429.9
209.93,451.47,4916.9,1601.1,1572.0,1549.6
209.95,451.48,5177.7,1641.5,1689.2,1655.2
209.96,451.49,5184.7,1639.8,1679.8,1714.2
209.97,451.5,5291.9,1713.6,1735.2,1657.9
209.99,451.54,5306.0,1739.8,1685.6,1716.7
209.99,451.57,5441.7,1750.7,1678.4,1858.7
210.0,451.57,5590.0,1840.9,1822.8,1764.3
210.0,451.58,5648.2,1821.7,1781.7,1822.9
210.01,451.59,5725.8,1767.4,2004.9,1759.0
210.01,451.65,5767.9,1842.1,1805.4,1949.2
210.04,451.66,5831.1,1835.6,1883.1,1957.6
210.06,451.68,5842.8,1855.9,1905.7,1874.5
210.06,451.69,5855.0,1881.4,1854.3,1922.6
210.07,451.77,5863.9,1948.0,2007.5,1710.2
210.07,451.78,5892.5,1833.4,1901.2,1967.9
210.09,451.78,5919.9,1904.5,1890.9,1953.6
210.1,451.81,5923.1,1871.5,1909.4,1952.3
210.11,451.81,5965.7,1838.0,1848.6,2050.9
210.12,451.83,6031.1,2089.6,1888.4,1861.7
210.12,451.83,6169.5,2026.9,1907.5,2047.8
210.13,451.84,6196.7,2052.8,1967.0,1973.8
210.13,451.88,6283.1,1951.9,2056.5,2077.5
210.15,451.93,6327.1,2010.0,2063.0,2048.0
210.16,451.94,6322.2,1969.4,2047.7,2062.1
210.16,451.96,6814.0,2250.4,2186.1,2142.4
210.17,451.96,6885.7,2173.6,2209.2,2240.4
210.18,451.98,7348.0,2371.1,2419.7,2321.9
210.18,451.98,7351.0,2401.7,2324.9,2359.3
210.2,452.01,8019.4,2735.8,2583.0,2421.8
210.2,452.01,9139.5,2813.2,2988.3,3031.6
210.2,452.01,1365.6,422.7,446.3,442.8
210.21,452.02,1363.1,412.5,447.6,461.4
210.22,452.03,1395.0,441.8,459.3,445.0
210.22,452.05,1494.8,477.8,482.2,479.8
210.22,452.1,1504.3,472.5,514.0,477.6
210.23,452.11,1554.8,513.7,504.8,476.5
210.23,452.13,1554.5,498.0,497.7,509.8
210.24,452.13,1668.4,554.0,527.0,549.5
210.24,452.13,1708.3,540.7,517.2,570.2
210.25,452.13,1677.3,542.5,546.0,534.7
210.25,452.16,1737.0,555.0,566.8,552.9
210.25,452.17,1803.9,576.7,571.4,578.0
210.26,452.19,1840.7,613.7,592.8,571.3
210.27,452.23,1838.6,626.4,566.5,587.7
210.27,452.23,1863.5,579.3,592.5,601.3
210.27,452.25,1830.7,618.2,591.3,584.1
210.28,452.27,1860.8,592.8,607.3,606.2
210.29,452.27,1884.9,650.1,605.0,566.3
210.3,452.27,1899.6,638.7,617.2,594.6
210.3,452.3,1941.9,654.6,648.3,574.6
210.31,452.31,1954.8,594.1,608.0,678.5
210.32,452.32,1997.3,647.4,654.1,624.3
210.33,452.36,2013.5,649.7,666.7,638.5
210.34,452.36,2033.8,657.7,659.4,645.7
210.34,452.36,2034.4,654.7,675.8,631.4
210.35,452.37,2049.6,650.2,653.0,668.9
210.35,452.38,2057.5,643.0,634.5,702.3
210.36,452.38,2145.3,710.2,682.4,690.6
210.36,452.42,2220.6,699.2,708.9,743.7
210.37,452.43,2245.2,714.3,753.1,698.6
210.37,452.44,2242.3,720.8,771.4,687.8
210.39,452.46,2242.9,687.4,722.3,752.9
210.4,452.48,2268.6,745.1,709.8,727.0
210.4,452.49,2255.1,738.0,716.7,724.7
210.41,452.49,2273.7,740.0,743.1,695.3
210.42,452.49,2266.7,722.7,757.5,737.0
210.42,452.52,2298.2,765.3,745.1,689.4
210.42,452.54,2294.8,762.1,743.5,690.7
210.43,452.55,2285.8,693.5,710.6,816.0
210.44,452.55,2370.6,736.1,775.8,786.4
210.44,452.55,2435.5,766.5,812.8,784.6
210.44,452.56,2445.1,795.1,790.9,792.6
210.46,452.57,2523.8,805.5,798.4,839.9
210.46,452.59,2518.3,826.7,816.2,806.9
210.46,452.61,2534.9,794.6,806.0,862.2
210.46,452.62,2616.6,815.0,888.5,814.2
210.47,452.64,2662.0,892.3,852.0,827.5
210.47,452.65,2729.5,895.6,862.0,901.2
210.47,452.68,2759.9,940.6,898.6,825.1
210.47,452.71,2802.1,885.3,870.7,956.9
210.48,452.71,2800.8,861.6,928.4,913.3
210.49,452.72,2806.1,935.8,887.1,889.0
210.49,452.72,2827.5,880.7,904.5,940.4
210.49,452.79,2837.1,942.6,944.8,846.7
210.49,452.79,2855.1,911.3,937.6,905.8
210.5,452.79,2931.5,906.1,957.7,989.0
210.51,452.84,2927.2,949.3,898.2,988.1
210.51,452.88,2984.7,998.4,927.9,955.9
210.53,452.89,3079.0,983.6,1030.1,977.8
210.54,452.91,3087.2,1021.2,971.9,1011.2
210.54,452.93,3210.5,1023.4,1090.5,985.1
210.55,452.93,3207.3,1064.0,1020.9,1023.0
210.55,452.94,3241.8,992.0,1090.9,1033.3
210.56,452.97,3274.2,1074.4,1071.2,1028.4
210.57,452.99,3295.1,1113.1,1009.9,1052.0
210.58,453.0,3342.8,1093.6,1058.1,1059.5
210.58,453.01,3390.1,1109.2,1080.2,1068.3
210.58,453.02,3443.3,1090.5,1169.1,1073.9
210.58,453.05,3444.5,1103.0,1144.2,1066.7
210.59,453.06,3479.3,1089.4,1148.7,1128.8
210.59,453.06,3553.3,1116.0,1135.6,1175.3
210.59,453.07,3560.5,1115.4,1142.3,1187.4
210.6,453.1,3551.6,1177.6,1162.4,1097.7
210.6,453.13,3609.9,1165.2,1132.4,1209.3
210.6,453.13,3611.2,1153.4,1179.1,1175.5
210.61,453.14,3680.9,1163.4,1166.1,1209.3
210.61,453.15,3679.5,1216.4,1112.4,1198.1
210.61,453.15,3700.4,1183.7,1210.0,1188.1
210.61,453.18,3711.9,1188.4,1207.6,1183.1
210.61,453.2,3759.3,1197.0,1231.7,1195.0
210.61,453.2,3767.0,1209.4,1187.7,1245.2
210.62,453.2,3772.0,1164.5,1256.3,1191.9
210.63,453.21,3778.8,1236.3,1187.9,1226.0
210.63,453.23,3776.3,1221.3,1193.8,1224.6
210.64,453.24,3820.6,1221.5,1232.2,1244.7
210.64,453.26,3836.7,1260.8,1279.3,1147.8
210.65,453.27,3840.4,1228.7,1223.1,1253.8
210.66,453.28,3849.3,1283.9,1222.7,1216.3
210.66,453.28,3849.9,1258.0,1206.1,1246.3
210.67,453.3,3857.0,1254.8,1250.3,1205.3
210.68,453.3,3853.4,1240.1,1202.5,1288.3
210.69,453.32,3848.1,1172.7,1276.8,1266.1
210.69,453.35,3849.1,1200.9,1254.4,1266.5
210.69,453.36,3870.1,1257.5,1232.6,1264.7
210.7,453.36,3868.1,1158.6,1226.4,1351.2
210.71,453.37,3913.1,1185.0,1247.7,1330.2
210.72,453.37,3911.4,1245.2,1299.6,1236.7
210.72,453.37,4048.1,1350.7,1287.3,1263.1
210.73,453.39,4056.2,1325.8,1269.3,1305.4
210.73,453.39,4049.5,1300.1,1343.7,1275.3
210.74,453.39,1216.2,389.5,389.3,399.5
210.74,453.42,1212.5,402.4,396.6,380.4
210.75,453.42,1257.2,406.6,416.0,400.4
210.75,453.43,1273.2,422.9,408.7,402.1
210.75,453.44,1334.4,439.5,432.6,405.2
210.76,453.46,1332.1,431.5,415.8,439.2
210.77,453.47,1327.6,427.8,429.7,440.0
210.77,453.49,1357.7,424.3,433.6,448.6
210.77,453.5,1360.3,442.6,457.0,403.9
210.77,453.51,1358.5,404.4,443.7,469.3
210.77,453.52,1411.2,447.2,464.0,443.4
210.77,453.52,1408.3,441.4,484.9,435.8
210.78,453.54,1413.5,447.2,459.2,474.5
210.78,453.56,1441.9,481.2,480.2,435.8
210.78,453.56,1432.0,480.7,477.8,433.7
210.78,453.62,1468.1,457.0,484.6,465.9
210.79,453.62,1459.4,451.2,474.4,478.9
210.8,453.64,1460.9,468.3,485.7,468.1
210.8,453.68,1472.0,447.5,492.6,471.1
210.8,453.68,1466.1,457.5,497.4,476.8
210.81,453.71,1483.3,481.5,460.6,500.9
210.82,453.71,1501.9,468.4,513.0,468.6
210.82,453.78,1528.4,474.8,508.2,481.8
210.82,453.79,1556.0,501.3,482.2,501.8
210.82,453.84,1549.1,514.5,501.7,483.6
210.83,453.85,1573.5,531.7,491.2,500.9
210.83,453.86,1583.0,517.6,501.3,494.8
210.84,453.87,1572.7,503.7,512.1,498.2
210.85,453.87,1603.3,521.9,510.7,507.8
210.86,453.88,1610.6,518.8,515.2,516.4
210.86,453.89,1593.7,512.1,546.4,495.7
210.87,453.91,1617.5,491.4,518.5,561.7
210.88,453.92,1645.0,542.9,532.2,511.4
210.88,453.92,1633.8,527.3,534.9,532.7
210.88,453.93,1663.6,548.0,517.8,543.8
210.88,453.93,1668.7,542.5,515.6,551.6
210.88,453.94,1669.5,551.2,509.0,560.0
210.88,453.95,1708.2,528.6,555.6,554.1
210.88,453.96,1726.4,600.9,543.4,524.9
210.89,453.96,1716.8,552.7,540.4,563.3
210.9,453.96,1781.0,589.3,553.1,567.8
210.9,454.0,1782.8,577.2,582.6,574.6
210.9,454.01,1789.2,564.6,550.6,616.0
210.9,454.02,1802.8,574.3,576.8,592.7
210.9,454.03,1810.0,577.8,553.1,627.0
210.91,454.03,1820.7,561.1,597.0,595.0
210.91,454.04,1819.2,600.6,600.7,561.4
210.92,454.06,1809.1,628.2,586.0,553.4
210.92,454.07,1840.6,575.8,593.3,620.8
210.92,454.12,1859.1,606.2,618.6,574.8
210.92,454.14,1862.0,623.6,581.5,598.2
210.93,454.15,1890.1,634.2,615.4,577.6
210.93,454.18,1930.2,582.6,643.5,622.4
210.94,454.26,1927.7,610.0,617.2,634.7
210.94,454.27,1921.0,619.7,615.3,628.3
210.94,454.28,1917.2,596.9,611.3,652.8
210.94,454.29,1972.4,625.4,649.0,625.3
210.95,454.32,1947.8,616.6,631.5,655.8
210.95,454.32,1987.4,623.8,625.9,655.8
210.95,454.36,1982.1,636.8,629.5,657.3
210.95,454.36,1986.6,633.0,666.5,621.7
210.96,454.37,2001.5,646.4,669.0,606.4
210.97,454.37,2010.8,646.8,656.8,638.2
210.97,454.4,1997.6,630.9,670.2,637.4
210.98,454.4,1992.4,616.6,685.7,628.5
210.99,454.41,2000.1,671.8,636.0,628.2
210.99,454.44,2008.2,651.2,662.2,633.4
210.99,454.46,2020.1,634.1,655.5,652.7
211.0,454.47,2019.1,634.8,626.2,683.3
211.0,454.48,2013.9,609.5,655.9,667.8
211.0,454.49,2053.1,681.0,665.4,609.7
211.0,454.49,2054.5,640.1,678.9,661.1
211.0,454.5,2026.1,654.3,654.6,648.9
211.01,454.54,2041.5,639.9,636.6,694.8
211.01,454.57,2023.7,632.5,677.7,662.6
211.01,454.57,2076.5,692.8,663.6,650.6
211.01,454.58,2080.6,657.9,699.0,649.9
211.01,454.59,2072.8,665.0,703.9,641.5
211.01,454.6,2091.2,715.7,680.5,625.3
211.01,454.62,2110.5,653.7,732.8,657.8
211.02,454.66,2108.8,634.4,762.1,646.4
211.02,454.66,2109.7,698.3,672.6,667.0
211.04,454.66,2141.9,705.4,672.5,684.2
211.04,454.67,2152.0,696.8,663.8,728.7
211.05,454.67,2169.4,739.3,675.9,689.2
211.05,454.69,2166.1,687.3,690.4,706.7
211.06,454.7,2172.5,708.5,716.9,686.1
211.06,454.7,2188.5,676.0,663.2,766.0
211.06,454.7,2179.5,750.5,691.0,668.7
211.06,454.71,2166.1,673.5,737.4,685.7
211.06,454.71,2214.3,686.8,749.0,709.6
211.07,454.72,2195.4,692.5,710.8,713.9
211.08,454.74,2202.2,660.6,724.7,744.8
211.08,454.74,2201.8,687.8,699.8,744.8
211.08,454.74,2223.8,686.3,733.3,716.8
211.08,454.75,2219.7,733.1,746.3,678.4
211.08,454.75,2254.5,766.8,706.6,705.5
211.09,454.77,2258.1,765.9,692.7,727.0
211.09,454.78,2300.9,700.2,739.6,774.9
211.1,454.79,2290.3,731.6,734.9,741.5
211.1,454.79,2287.6,730.1,740.3,736.7
211.1,454.8,2311.5,731.1,757.0,733.0
211.1,454.8,2310.7,718.1,746.7,760.7
211.1,454.82,2311.0,756.8,740.1,740.3
211.1,454.82,2311.1,778.6,727.1,725.4
211.1,454.83,2310.5,731.9,747.4,768.9
211.11,454.85,2351.9,744.5,778.9,756.5
211.12,454.86,2339.0,721.8,762.7,774.1
211.13,454.87,2358.0,698.9,743.1,829.0
211.13,454.87,2355.6,805.1,760.9,726.2
211.13,454.91,2372.7,777.2,762.8,757.6
211.13,454.94,2379.6,766.8,747.2,775.7
211.14,454.96,2385.2,738.6,758.4,811.5
211.15,454.96,2381.1,732.3,774.9,794.6
211.16,454.97,2383.8,762.9,823.2,719.5
211.16,454.98,2385.0,766.4,767.2,764.0
211.16,454.98,2400.0,709.9,811.6,797.7
211.17,454.99,2429.4,766.1,817.1,757.3
211.17,454.99,2444.0,732.5,779.2,832.4
211.17,455.0,2437.2,808.2,749.0,792.4
211.17,455.0,2440.7,781.6,804.9,771.6
211.17,455.01,2464.5,808.3,811.6,751.1
211.18,455.02,2455.3,786.0,774.3,831.2
211.18,455.04,2515.5,781.9,836.0,817.8
211.18,455.06,2512.1,795.0,815.1,808.1
211.18,455.06,2550.5,821.7,788.5,842.0
211.19,455.06,2534.3,810.6,846.5,807.5
211.19,455.06,2555.7,862.9,811.7,792.4
211.19,455.08,2567.0,807.5,824.8,844.5
211.19,455.08,2563.6,873.9,842.8,770.4
211.2,455.1,2592.9,814.2,887.3,801.8
211.2,455.11,2610.4,849.0,798.7,874.2
211.2,455.12,2648.5,855.2,842.1,858.3
211.2,455.13,2658.0,782.3,885.9,911.9
211.2,455.14,2679.0,856.7,884.0,857.2
211.21,455.15,2675.4,862.0,862.8,850.3
211.21,455.16,2695.4,850.5,889.1,876.9
211.21,455.18,2715.2,874.1,865.6,894.2
211.22,455.18,2723.9,836.2,916.4,883.8
211.22,455.2,2740.1,889.4,903.7,846.3
211.22,455.2,2734.6,913.9,848.8,906.2
211.23,455.22,2759.2,882.9,894.9,897.3
211.23,455.23,2772.9,935.3,894.2,849.8
211.24,455.23,2797.0,926.9,934.5,840.0
211.24,455.24,2807.8,919.0,933.3,872.0
211.24,455.28,2811.1,872.3,909.8,941.9
211.24,455.28,2826.3,930.8,896.5,900.6
211.25,455.3,2897.6,952.4,910.0,936.2
211.25,455.32,2911.3,919.5,947.2,947.2
211.25,455.33,2905.3,866.4,950.6,978.3
211.28,455.34,2924.8,952.7,969.7,892.0
211.28,455.35,2982.6,1029.5,947.6,889.3
211.29,455.35,2972.8,959.5,964.2,926.4
211.3,455.41,2979.3,969.9,968.3,931.0
211.3,455.41,2982.3,994.8,962.5,938.5
211.3,455.41,2995.4,943.6,938.8,999.3
211.3,455.43,2995.0,961.4,953.1,974.2
211.32,455.43,3026.6,978.5,947.4,963.6
211.32,455.44,3036.9,1049.2,964.4,912.4
211.32,455.44,3068.2,993.2,980.9,984.7
211.33,455.44,3098.1,986.9,1023.5,988.1
211.33,455.45,3102.9,1011.8,994.7,995.8
211.33,455.46,3119.8,959.5,1030.5,1017.2
211.34,455.46,3108.4,995.9,1031.3,992.9
211.34,455.47,3131.3,1044.3,976.6,1000.5
211.34,455.5,3136.5,1001.2,998.5,1038.9
211.34,455.5,3139.3,1040.9,973.5,1033.2
211.34,455.51,3140.9,998.5,1023.3,1012.2
211.34,455.52,3144.8,975.4,1045.4,991.0
211.34,455.53,3134.0,1039.2,992.4,1000.7
211.35,455.53,3159.7,1078.0,984.5,979.2
211.35,455.53,3143.9,997.1,970.3,1074.5
211.36,455.56,3152.2,1053.5,964.3,1030.7
211.36,455.57,3149.2,1002.5,1002.6,1025.2
211.36,455.6,3159.7,1006.7,1024.6,1036.1
211.36,455.6,3235.0,1002.1,1088.7,1009.6
211.37,455.61,3279.7,1041.8,1052.1,1067.1
211.37,455.61,3289.3,1130.6,1045.4,990.3
211.38,455.61,3290.3,1087.5,1049.6,1049.5
211.38,455.61,3284.7,1082.2,1025.5,1062.2
211.38,455.61,3303.4,1074.7,1069.0,1052.0
211.38,455.62,3310.7,1101.0,1068.7,1027.7
211.39,455.63,3312.6,1098.5,1055.8,1058.2
211.39,455.64,3335.3,1067.1,1060.5,1096.8
211.39,455.65,3353.9,978.6,1109.2,1152.1
211.4,455.66,3351.6,1024.3,1094.4,1112.5
211.4,455.66,3402.4,1075.9,1091.8,1116.6
211.4,455.68,3407.7,1103.1,1100.6,1083.6
211.4,455.68,3403.4,1030.7,1104.8,1168.3
211.41,455.69,3420.6,1062.5,1192.6,1048.0
211.42,455.69,3794.1,1302.4,1110.6,1235.9
211.42,455.71,1369.8,468.9,426.8,431.5
211.42,455.71,1703.6,577.3,530.8,534.5
211.43,455.72,1743.0,531.7,570.4,577.1
211.43,455.73,1803.0,608.3,568.9,559.6
211.44,455.77,1825.2,538.8,606.9,620.9
211.44,455.78,1814.1,585.3,594.9,588.3
211.44,455.79,1874.1,586.8,598.3,628.7
211.45,455.8,1897.0,614.0,596.7,641.1
211.45,455.8,2499.2,840.5,818.4,766.0
211.45,455.8,2598.6,864.0,809.6,843.3
211.45,455.81,2817.0,873.7,959.0,868.7
211.45,455.82,3250.9,1012.9,1036.7,1109.4
211.46,455.83,3384.5,1108.1,1101.5,1068.3
211.46,455.84,1368.0,420.9,429.0,471.9
211.46,455.84,1701.6,556.1,554.1,534.2
211.46,455.84,1730.1,531.7,571.7,580.8
211.47,455.87,1794.6,538.7,608.2,585.8
211.47,455.88,1837.0,562.2,579.4,627.5
211.48,455.9,1851.4,600.5,582.6,588.6
211.48,455.91,1898.2,615.6,591.5,635.4
211.48,455.91,1917.7,597.9,664.5,591.8
211.48,455.91,2496.7,797.0,823.0,794.1
211.48,455.92,2608.5,767.6,852.4,905.1
211.48,455.92,2801.1,860.0,913.7,938.7
211.48,455.94,3261.3,1049.4,1085.2,1004.8
211.49,455.95,3389.4,1102.4,1019.1,1173.6
211.49,455.96,1916.3,637.9,582.1,621.9
211.49,455.97,1813.8,593.5,588.5,581.7
211.49,455.98,1877.5,626.2,595.2,612.3
211.49,455.99,1366.0,450.5,441.7,431.4
211.49,456.02,1832.7,613.0,548.7,610.4
211.51,456.02,1725.6,547.9,546.1,578.3
211.51,456.04,3393.2,1086.9,1125.2,1043.7
211.51,456.05,1793.2,574.8,597.1,561.1
211.51,456.08,1707.9,518.3,556.5,564.0
211.52,456.1,3248.5,1026.7,1059.2,1068.2
211.52,456.1,2777.1,908.8,898.3,889.2
211.52,456.11,2494.7,784.3,832.9,777.1
211.53,456.11,2605.9,854.0,808.5,856.6
211.53,456.13,1122.7,390.3,370.0,333.0
211.53,456.15,1192.1,390.4,381.6,380.7
211.53,456.17,1242.1,387.9,398.5,400.9
211.54,456.19,1238.2,411.7,386.9,401.9
211.54,456.21,1262.2,401.8,398.4,409.9
211.54,456.21,1258.0,424.6,401.6,402.3
211.54,456.22,1295.5,424.4,409.4,413.2
211.54,456.25,1295.3,425.3,429.2,403.7
211.55,456.25,1322.7,426.4,410.3,437.2
211.56,456.25,1336.1,433.0,429.6,421.4
211.56,456.27,1343.2,435.8,434.5,409.2
211.56,456.27,1341.8,429.0,442.1,416.3
211.57,456.28,1323.4,416.3,443.9,424.9
211.57,456.28,1340.7,421.5,448.0,429.1
211.57,456.28,1363.0,414.8,416.1,463.6
211.57,456.28,1338.6,415.3,466.3,416.0
211.57,456.29,1338.7,442.1,429.6,437.1
211.57,456.29,1391.4,421.3,439.0,460.9
211.57,456.3,1394.9,440.6,446.3,464.0
211.57,456.32,1399.4,440.3,478.1,439.8
211.58,456.32,1402.9,441.7,476.3,442.5
211.58,456.32,1410.5,467.6,478.3,427.5
211.58,456.32,1415.9,480.9,441.2,442.6
211.58,456.33,1426.0,462.3,455.5,452.0
211.58,456.34,1412.6,450.1,471.1,455.8
211.59,456.36,1424.2,463.1,438.7,469.0
211.59,456.37,1423.4,461.7,483.6,451.3
211.59,456.37,1447.2,441.5,467.6,491.3
211.6,456.38,1450.7,485.8,465.6,454.5
211.6,456.38,1461.3,468.2,487.6,452.3
211.6,456.39,1434.6,473.7,482.1,426.1
211.6,456.4,1454.9,465.4,473.8,465.7
211.6,456.4,1478.7,485.5,467.1,458.5
211.6,456.42,1456.7,466.4,485.2,457.0
211.61,456.43,1470.9,479.7,476.6,458.8
211.61,456.44,1484.7,467.8,501.0,459.9
211.61,456.44,1447.8,455.0,471.4,495.4
211.61,456.44,1472.9,473.9,480.0,469.1
211.61,456.46,1468.1,495.6,464.8,461.1
211.61,456.47,1507.6,489.1,500.4,466.3
211.62,456.47,1586.5,522.8,513.3,499.5
211.62,456.48,1588.4,509.8,496.1,531.5
211.62,456.49,1595.9,524.8,511.9,502.7
211.63,456.52,1604.7,490.9,547.1,513.1
211.63,456.53,1612.0,521.1,529.4,501.7
211.63,456.53,1637.0,512.3,530.5,544.4
211.64,456.53,1644.8,490.5,551.3,557.9
211.64,456.54,1645.8,537.8,559.3,505.6
211.64,456.55,1656.0,559.3,539.1,503.9
211.64,456.55,1672.9,522.1,540.8,553.4
211.64,456.55,1668.3,552.2,527.3,537.4
211.65,456.56,1674.4,579.2,528.1,514.2
211.65,456.58,1701.9,537.9,538.8,559.2
211.66,456.58,1706.2,564.1,560.0,526.8
211.66,456.59,1707.6,541.8,529.4,579.6
211.67,456.59,1733.4,554.9,584.9,531.2
211.67,456.6,1729.1,521.9,593.3,559.4
211.67,456.6,1764.1,573.9,552.9,565.9
211.68,456.61,1755.9,576.6,555.1,568.9
211.68,456.62,1751.4,574.4,555.3,577.3
211.68,456.62,1754.5,569.6,563.4,573.0
211.69,456.63,1771.1,571.0,574.1,560.8
211.69,456.64,1790.7,607.8,562.5,553.9
211.7,456.66,1791.6,585.1,593.5,563.7
211.7,456.66,1787.4,585.9,549.9,592.4
211.7,456.68,1816.0,571.2,588.6,588.3
211.7,456.68,1827.2,599.6,565.0,592.2
211.7,456.68,1833.5,595.4,574.8,601.2
211.7,456.68,1828.6,558.5,588.3,620.6
211.7,456.69,1864.9,601.3,591.8,610.5
211.71,456.69,1886.4,603.8,612.5,594.0
211.71,456.69,1872.7,607.5,609.6,595.0
211.71,456.7,1900.3,630.8,593.3,609.0
211.72,456.7,1888.7,596.4,614.7,613.0
211.72,456.71,1898.0,608.8,593.5,638.0
211.72,456.71,1909.1,613.1,628.5,608.4
211.73,456.72,1926.2,619.7,622.6,621.5
211.74,456.73,1924.8,644.2,636.5,583.8
211.74,456.74,1951.0,631.7,640.1,602.8
211.74,456.74,1958.5,624.1,636.4,624.9
211.74,456.75,1965.5,607.2,648.5,639.5
211.75,456.76,1988.6,641.1,647.3,635.6
211.75,456.76,1978.1,624.7,639.3,666.9
211.76,456.76,2008.8,626.1,651.3,653.4
211.76,456.77,1993.7,622.3,660.6,662.6
211.76,456.78,2022.2,661.3,625.1,664.6
211.76,456.78,2020.8,617.7,656.3,673.8
211.76,456.79,2032.0,676.3,668.1,623.1
211.76,456.79,2037.9,633.4,661.1,678.3
211.77,456.8,2064.0,641.2,680.3,676.9
211.77,456.81,2068.8,659.3,708.7,644.6
211.77,456.81,2116.7,674.9,711.3,649.5
211.77,456.81,2104.2,667.3,684.0,689.0
211.78,456.81,2116.0,697.5,680.4,669.9
211.78,456.82,2114.0,663.1,682.4,699.8
211.78,456.83,2148.8,649.2,727.5,711.6
211.78,456.83,2134.6,667.4,690.2,712.2
211.78,456.84,2167.5,693.8,695.5,702.4
211.79,456.84,2172.7,680.8,717.8,690.7
211.79,456.85,2160.7,672.7,708.9,706.8
211.79,456.85,2165.3,697.9,714.6,668.6
211.8,456.85,2183.3,722.7,715.7,674.1
211.8,456.87,2174.0,654.8,665.5,772.4
211.8,456.88,2199.5,679.1,730.0,702.6
211.8,456.89,2194.8,660.4,716.9,750.9
211.81,456.89,2187.2,733.5,723.5,672.2
211.81,456.89,2255.0,728.1,713.1,731.7
211.81,456.9,2257.2,727.9,714.3,737.3
211.81,456.91,2245.6,694.7,704.9,789.0
211.81,456.94,2284.3,755.4,714.5,743.8
211.81,456.95,2282.5,772.6,719.6,703.3
211.82,456.96,2250.7,709.7,721.6,744.3
211.82,456.97,2304.2,751.7,739.7,734.6
211.82,456.97,2305.7,699.6,759.9,776.5
211.83,456.98,2339.6,722.4,782.0,771.5
211.83,456.98,2359.5,770.4,755.6,772.6
211.84,456.98,2387.7,764.8,771.1,769.0
211.84,457.0,2384.8,783.1,754.6,760.7
211.85,457.01,2379.3,784.3,741.4,785.4
211.85,457.02,2426.5,790.4,786.9,767.3
211.85,457.03,2440.1,758.8,780.0,820.2
211.85,457.04,2468.1,755.7,825.0,800.6
211.86,457.05,2466.1,806.5,777.6,801.8
211.86,457.05,2501.5,837.9,767.0,818.2
211.86,457.05,2515.9,807.1,804.3,823.4
211.86,457.05,2518.8,845.3,802.5,779.1
211.87,457.08,2522.5,829.2,800.5,822.4
211.87,457.09,2542.5,850.9,793.0,812.1
211.87,457.12,2594.2,887.8,835.8,783.4
211.87,457.12,2641.4,831.8,873.7,834.3
211.87,457.12,2624.9,841.9,879.2,797.7
211.88,457.14,2662.0,887.0,870.2,824.3
211.88,457.14,2681.5,833.5,880.4,883.5
211.89,457.15,2723.8,874.0,884.1,871.1
211.89,457.15,2730.6,903.8,851.4,880.6
211.89,457.16,2746.1,904.0,922.9,837.1
211.89,457.16,2750.8,899.4,870.8,902.9
211.9,457.18,2800.1,941.2,937.1,830.6
211.9,457.18,2887.1,904.4,985.2,890.1
211.9,457.18,2889.7,865.7,993.9,935.8
211.9,457.19,2883.4,916.6,923.0,954.2
211.9,457.21,2876.2,965.0,935.2,889.1
211.9,457.22,2977.7,956.4,923.9,993.9
211.91,457.23,3048.6,1024.1,976.2,933.5
211.91,457.23,3047.5,1027.3,1007.0,907.7
211.91,457.24,3036.5,1041.9,929.6,969.2
211.91,457.27,3072.8,1022.9,967.8,979.1
211.91,457.28,3063.6,987.0,1014.1,975.7
211.92,457.3,3080.1,978.2,978.1,1041.7
211.92,457.3,3083.2,974.2,1040.4,966.4
211.92,457.31,3101.9,965.7,1033.9,1002.0
211.93,457.32,3092.9,1003.7,976.4,1021.0
211.93,457.32,3103.9,953.2,1030.0,1020.7
211.94,457.32,3173.8,1010.0,996.5,1047.0
211.94,457.33,3190.2,1028.4,1009.5,1031.9
211.94,457.33,3193.2,981.6,1013.8,1078.8
211.94,457.34,3193.6,1071.4,1038.3,988.1
211.94,457.34,3213.8,983.3,1093.1,1030.4
211.94,457.35,3232.7,1068.4,1014.9,1036.6
211.95,457.36,3240.7,996.7,1097.8,1026.3
211.95,457.37,3245.5,1059.9,1081.4,1001.3
211.95,457.38,3314.6,1052.5,1097.3,1058.8
211.95,457.39,3318.2,1085.4,1067.9,1043.2
211.95,457.39,3344.3,1109.6,1081.1,1016.2
211.95,457.4,3336.8,1050.5,1121.9,1043.2
211.96,457.4,3366.3,1108.1,1082.3,1082.3
211.96,457.4,3457.5,1160.1,1115.2,1059.7
211.96,457.41,3469.3,1136.8,1086.9,1130.8
211.96,457.41,3468.7,1122.3,1123.4,1108.8
211.96,457.42,3466.6,1088.5,1144.6,1114.0
211.96,457.43,3493.4,1134.0,1124.5,1106.3
211.96,457.43,3493.6,1102.8,1174.3,1081.0
211.96,457.44,3522.2,1086.9,1145.6,1169.4
211.96,457.44,3515.0,1121.9,1085.6,1187.1
211.97,457.46,3510.0,1112.5,1155.3,1154.3
211.97,457.47,3531.7,1085.8,1213.3,1116.8
211.97,457.48,3529.6,1122.2,1145.4,1133.5
211.97,457.48,3528.8,1134.2,1146.6,1141.0
211.97,457.49,3562.0,1136.5,1175.1,1129.5
211.97,457.49,3562.5,1180.9,1129.4,1139.8
211.97,457.49,3570.4,1109.7,1133.4,1204.7
211.98,457.5,3581.5,1110.9,1211.5,1136.2
211.98,457.5,3582.3,1147.9,1124.0,1179.1
211.98,457.5,3576.4,1215.1,1161.6,1090.3
211.98,457.5,3585.2,1189.2,1189.2,1085.0
211.98,457.51,3606.5,1182.7,1161.2,1110.0
211.99,457.51,3613.8,1100.9,1205.6,1195.4
211.99,457.52,3611.0,1106.1,1241.5,1148.3
212.0,457.53,3681.4,1130.5,1210.4,1211.1
212.0,457.53,3676.7,1230.8,1135.0,1184.1
212.0,457.56,3671.4,1100.4,1222.4,1220.7
212.0,457.56,3757.5,1195.5,1177.9,1280.8
212.0,457.56,3826.3,1288.7,1220.3,1192.6
212.0,457.57,3881.4,1214.6,1273.2,1254.7
212.01,457.57,3902.6,1292.5,1252.8,1219.1
212.01,457.58,3897.9,1298.5,1264.4,1206.9
212.01,457.6,4355.3,1459.7,1452.4,1309.8
212.01,457.6,4379.3,1461.3,1468.3,1317.4
212.01,457.62,1158.2,377.4,373.2,369.8
212.01,457.62,1155.3,380.3,374.0,366.9
212.01,457.63,1209.3,404.7,391.6,370.0
212.02,457.64,1364.4,432.4,447.1,438.6
212.02,457.64,1369.6,445.1,443.0,440.9
212.02,457.64,1422.8,456.1,479.4,431.7
212.03,457.65,1414.5,455.0,452.2,454.4
212.03,457.65,1442.9,451.1,484.5,449.8
212.03,457.65,1421.2,450.7,480.0,460.4
212.03,457.66,1513.8,467.2,493.9,508.4
212.03,457.68,1527.9,499.1,474.9,505.7
212.03,457.68,1544.0,494.5,455.9,543.9
212.03,457.68,1580.2,497.3,489.1,537.4
212.03,457.69,1584.2,529.7,497.0,515.7
212.04,457.69,1632.0,540.4,520.6,513.5
212.04,457.69,1638.1,516.6,537.4,527.2
212.04,457.69,1622.0,517.4,521.9,526.2
212.05,457.7,1696.2,557.2,531.8,543.0
212.05,457.7,1720.0,523.7,553.3,590.4
212.05,457.7,1736.8,571.2,549.1,542.1
212.06,457.7,1732.2,567.7,549.3,550.9
212.06,457.72,1738.7,564.5,547.9,561.4
212.06,457.72,1765.6,578.1,602.7,527.2
212.06,457.73,1802.6,582.8,570.4,579.0
212.06,457.73,1849.9,594.2,593.7,590.9
212.06,457.73,1854.4,590.9,570.3,625.4
212.07,457.73,1870.5,606.1,604.6,587.2
212.07,457.74,1932.3,639.7,617.0,615.1
212.08,457.74,1907.8,617.5,623.3,607.9
212.08,457.76,1977.0,651.0,640.8,620.9
212.08,457.76,1985.9,632.0,651.9,641.3
212.08,457.76,2007.7,659.2,634.3,624.0
212.09,457.76,2014.2,602.0,659.0,675.7
212.09,457.77,1996.2,694.5,624.4,599.1
212.09,457.77,2034.8,642.7,639.3,685.0
212.09,457.79,2027.1,710.9,638.2,601.7
212.1,457.8,2071.0,699.1,646.8,677.0
212.1,457.8,2094.4,691.6,655.7,672.6
212.1,457.8,2089.3,679.5,672.3,679.7
212.1,457.82,2097.5,700.2,684.1,655.8
212.1,457.84,2107.2,705.1,675.3,659.6
212.1,457.85,2108.5,657.4,660.1,719.0
212.1,457.85,2141.8,672.3,696.6,668.7
212.1,457.86,2173.5,699.5,703.1,698.0
212.1,457.89,2170.1,654.3,711.9,723.1
212.11,457.9,2182.9,711.6,705.7,672.3
212.11,457.91,2207.8,706.3,693.3,724.4
212.11,457.92,2226.7,756.0,739.8,657.8
212.12,457.93,2278.6,760.8,731.3,721.7
212.12,457.93,2362.2,747.0,791.6,759.0
212.12,457.94,2384.6,795.2,772.5,742.8
212.12,457.95,2381.3,813.1,770.8,737.0
212.13,457.95,2405.9,733.0,790.2,809.2
212.13,457.97,2490.5,813.7,841.5,771.1
212.13,457.97,2516.3,837.2,823.7,774.9
212.13,457.97,2601.6,850.4,814.3,862.2
212.13,457.97,2635.4,804.4,911.6,821.1
212.13,457.98,2652.4,828.1,904.1,836.9
212.13,457.98,2485.9,819.9,834.4,745.2
212.13,457.99,2751.7,924.0,898.8,823.5
212.13,458.0,2783.7,896.5,897.9,886.3
212.13,458.0,2793.3,899.3,886.1,909.0
212.13,458.01,2760.7,864.5,939.1,874.4
212.14,458.03,2754.1,928.6,860.1,888.0
212.14,458.03,2800.6,908.3,912.3,889.4
212.14,458.03,2803.2,890.9,942.2,879.8
212.14,458.06,2866.2,920.5,919.9,936.4
212.14,458.06,2930.2,953.9,936.9,957.5
212.15,458.07,2932.4,959.9,947.6,924.7
212.15,458.07,2954.7,970.1,942.9,934.2
212.15,458.07,2948.1,969.2,941.2,954.4
212.15,458.08,2977.2,970.4,962.7,951.8
212.15,458.08,3006.7,1033.4,987.5,893.2
212.15,458.08,3028.5,973.5,971.9,987.0
212.15,458.09,3098.5,1007.3,998.4,994.6
212.16,458.09,3191.4,984.9,1062.6,1006.8
212.16,458.1,3230.3,1096.2,1029.3,1014.4
212.16,458.1,3312.3,1122.9,1025.1,1051.1
212.16,458.1,3311.4,1112.1,1053.3,1048.3
212.16,458.1,3324.8,1052.6,1096.8,1074.5
212.16,458.11,3603.0,1136.3,1195.6,1124.6
212.17,458.11,1448.2,478.4,464.8,460.8
212.17,458.12,1474.1,507.2,463.6,466.4
212.17,458.12,1509.8,492.7,484.4,498.9
212.17,458.14,1539.3,475.2,522.3,495.4
212.17,458.15,1553.2,493.3,510.0,495.8
212.18,458.15,1565.5,481.6,497.3,527.9
212.18,458.15,1560.9,529.9,485.4,494.6
212.18,458.15,1564.4,530.3,518.8,463.0
212.18,458.16,1584.9,499.6,474.6,555.3
212.19,458.16,1575.2,531.2,504.6,499.5
212.19,458.18,1603.8,488.4,518.0,525.7
212.19,458.18,1620.7,523.8,505.0,531.3
212.19,458.18,1680.3,527.5,542.4,538.9
212.19,458.18,1700.7,537.0,561.1,542.8
212.2,458.19,1703.3,533.1,551.2,558.4
212.2,458.19,1754.0,543.5,547.1,584.4
212.2,458.19,1739.8,576.9,571.8,530.8
212.2,458.2,1723.2,583.2,543.7,535.0
212.2,458.2,1743.1,557.5,560.8,560.4
212.2,458.21,1742.9,538.8,545.1,597.1
212.2,458.21,1752.1,556.4,579.5,553.8
212.21,458.21,1751.0,529.5,589.4,568.7
212.21,458.22,1782.6,533.6,618.0,568.9
212.21,458.22,1777.5,591.5,552.2,577.4
212.22,458.24,1770.6,591.7,590.6,556.6
212.22,458.24,1796.9,598.7,593.3,559.1
212.22,458.25,1826.6,595.5,605.5,580.3
212.23,458.25,1854.7,596.6,598.2,595.0
212.23,458.26,1857.4,605.0,596.7,604.5
212.23,458.26,1862.2,614.4,601.3,586.2
212.24,458.26,1876.2,570.4,653.2,584.3
212.24,458.27,1905.5,601.2,596.7,638.9
212.24,458.27,1895.4,638.1,599.9,596.4
212.25,458.28,1900.8,629.8,589.3,629.6
212.26,458.28,1918.4,605.8,655.2,596.4
212.27,458.28,1940.7,608.8,628.0,631.8
212.27,458.3,1911.5,600.9,634.3,625.2
212.27,458.3,1970.2,643.7,614.6,634.3
212.28,458.3,1934.7,595.2,617.6,654.1
212.28,458.3,1932.1,619.6,634.6,616.5
212.28,458.3,1969.7,611.1,664.8,610.5
212.28,458.3,1948.5,607.8,641.7,637.0
212.29,458.31,1972.1,633.6,632.3,630.9
212.29,458.32,1969.5,646.5,628.4,608.0
212.29,458.33,1961.8,606.4,645.5,658.6
212.29,458.33,1972.0,633.3,654.5,623.4
212.3,458.34,1995.1,619.1,622.6,678.5
212.3,458.34,1989.7,641.4,644.1,620.7
212.3,458.35,1973.0,628.1,653.7,640.8
212.3,458.36,1993.3,645.2,645.9,622.5
212.3,458.37,2000.8,649.8,642.3,646.4
212.3,458.37,1991.3,635.3,672.3,638.9
212.3,458.39,2007.9,642.1,657.7,649.0
212.3,458.39,2011.0,665.7,623.9,661.4
212.31,458.4,2009.6,675.8,666.0,606.6
212.31,458.4,2020.4,634.6,654.1,674.1
212.32,458.4,2035.0,680.8,648.4,616.8
212.32,458.41,2027.8,668.1,662.6,641.2
212.33,458.41,2041.1,679.9,662.5,631.0
212.34,458.42,2058.1,646.5,655.7,672.1
212.34,458.43,2039.5,667.6,642.7,668.0
212.34,458.44,2061.4,674.9,678.2,637.2
212.34,458.45,2064.0,647.1,631.2,731.2
212.34,458.45,2077.2,697.2,692.5,625.9
212.34,458.45,2084.4,660.1,660.1,686.4
212.34,458.46,2084.0,669.9,691.2,659.0
212.35,458.47,2106.1,664.6,677.3,678.8
212.35,458.48,2119.6,683.2,637.6,722.5
212.35,458.49,2102.4,672.4,671.2,691.0
212.35,458.5,2099.6,664.6,684.0,694.6
212.35,458.5,2119.7,688.2,680.1,687.1
212.35,458.5,2114.9,688.1,681.4,678.2
212.35,458.5,2118.1,667.3,679.6,700.3
212.36,458.51,2109.9,668.6,715.9,682.5
212.37,458.51,2146.2,693.6,731.4,635.8
212.37,458.53,2134.1,679.1,671.6,714.1
212.37,458.53,2147.9,723.4,687.0,669.6
212.37,458.55,2161.4,709.8,707.3,667.5
212.37,458.55,2154.8,710.6,694.3,675.5
212.37,458.56,2162.1,719.9,695.4,670.4
212.37,458.57,2175.7,715.1,679.9,698.8
212.37,458.57,2168.5,660.6,689.4,741.5
212.37,458.58,2189.7,739.8,693.8,673.9
212.38,458.6,2188.0,662.9,710.8,745.9
212.38,458.6,2184.1,696.1,739.3,677.4
212.38,458.62,2197.9,713.7,722.7,693.4
212.38,458.62,2180.0,695.2,714.0,716.3
212.38,458.62,2203.4,750.2,695.2,693.9
212.39,458.63,2197.0,707.3,674.9,751.6
212.39,458.64,2201.3,692.9,711.3,733.2
212.39,458.64,2208.6,730.3,697.2,714.5
212.39,458.64,2221.5,743.7,682.5,719.9
212.39,458.65,2236.3,687.1,721.3,752.0
212.4,458.65,2248.3,716.9,733.3,718.8
212.4,458.67,2235.3,762.3,718.2,679.3
212.4,458.67,2234.7,748.1,706.2,714.5
212.41,458.67,2271.6,721.4,727.3,739.9
212.41,458.69,2244.7,729.2,727.0,724.0
212.41,458.7,2262.9,741.6,716.8,717.8
212.41,458.7,2256.7,767.0,693.2,734.1
212.42,458.7,2255.3,781.7,739.4,662.9
212.42,458.7,2268.6,712.2,735.7,719.8
212.42,458.71,2261.8,695.5,721.7,757.9
212.42,458.72,2265.1,726.3,711.4,744.6
212.42,458.72,2265.3,737.2,734.0,725.7
212.43,458.72,2276.7,748.1,775.2,679.8
212.43,458.73,2291.0,754.0,727.0,723.1
212.43,458.73,2295.1,774.4,762.4,678.4
212.43,458.73,2279.0,765.2,732.9,707.4
212.43,458.74,2298.7,778.9,705.5,738.3
212.43,458.74,2313.4,715.2,745.4,780.3
212.44,458.75,2316.7,736.0,756.6,755.3
212.44,458.77,2334.7,725.0,737.9,778.2
212.44,458.77,2327.6,774.4,741.9,737.9
212.44,458.77,2338.6,751.9,769.7,745.9
212.44,458.78,2352.1,756.5,743.6,754.6
212.45,458.78,2343.4,785.8,703.7,786.7
212.45,458.78,2344.2,786.3,758.8,723.2
212.45,458.79,2349.3,739.8,787.6,748.5
212.45,458.8,2336.3,751.5,778.2,738.8
212.46,458.8,2361.5,732.2,812.3,736.2
212.46,458.81,2367.3,732.2,794.9,769.2
212.46,458.82,2383.4,814.2,750.5,745.4
212.47,458.82,2378.8,744.7,736.4,809.4
212.47,458.83,2379.6,718.9,839.9,748.2
212.47,458.83,2387.9,759.5,767.7,773.3
212.47,458.83,2402.2,793.7,749.1,780.7
212.47,458.83,2391.3,782.6,792.4,741.9
212.48,458.83,2418.5,812.2,772.5,753.0
212.48,458.84,2426.3,799.0,775.6,752.8
212.48,458.86,2441.5,743.9,762.6,853.6
212.48,458.88,2449.6,765.3,817.6,779.4
212.48,458.88,2448.5,796.5,814.6,759.1
212.49,458.89,2467.9,745.5,817.9,792.8
212.49,458.89,2445.4,753.4,800.6,810.6
212.49,458.9,2449.3,772.0,796.5,795.4
212.49,458.9,2444.2,823.5,800.0,751.7
212.5,458.9,2455.3,799.0,772.2,802.7
212.5,458.9,2455.3,781.1,781.0,809.6
212.5,458.9,2445.2,787.1,784.5,794.3
212.5,458.91,2461.7,769.8,810.8,795.7
212.51,458.92,2458.6,769.3,808.9,804.5
212.51,458.92,2458.8,784.3,836.2,764.9
212.51,458.92,2465.6,826.1,763.9,800.7
212.51,458.93,2491.2,802.8,798.4,787.3
212.52,458.93,2485.0,756.0,812.8,820.6
212.52,458.95,2465.1,802.7,784.7,802.6
212.52,458.95,2472.6,779.1,778.0,839.9
212.52,458.95,2479.7,748.3,819.0,842.6
212.52,458.95,2511.8,810.0,846.2,761.3
212.52,458.96,2469.4,818.0,824.9,757.0
212.53,458.96,2486.7,830.8,801.4,778.5
212.53,458.97,2494.3,786.4,827.7,807.4
212.54,458.97,2492.8,828.0,768.7,794.1
212.54,458.97,2507.8,830.0,808.9,777.3
212.54,458.98,2507.0,838.1,802.3,789.6
212.54,458.98,2511.5,791.7,840.7,785.3
212.55,458.98,2488.2,845.1,790.6,793.6
212.55,458.98,2523.7,839.8,785.9,802.3
212.55,459.0,2524.4,849.8,797.2,780.7
212.55,459.0,2510.8,793.3,802.7,829.5
212.56,459.01,2524.4,848.5,773.8,804.0
212.56,459.02,2542.1,803.8,842.1,813.7
212.56,459.02,2521.4,779.2,833.8,838.6
212.56,459.02,2547.3,896.4,809.8,756.6
212.57,459.02,2542.0,810.3,816.2,832.3
212.57,459.02,2528.5,818.5,817.0,812.0
212.57,459.03,2544.0,812.2,827.3,816.7
212.57,459.03,2560.8,847.7,809.7,811.7
212.57,459.04,2566.4,824.0,814.0,837.3
212.57,459.05,2560.5,847.4,821.5,800.7
212.57,459.05,2583.6,851.0,788.9,842.0
212.58,459.05,2586.9,887.5,856.9,761.0
212.58,459.07,2608.2,811.9,868.7,848.7
212.58,459.08,2629.5,777.3,891.9,865.2
212.58,459.08,2628.7,868.8,807.9,831.5
212.58,459.08,2602.3,829.4,826.7,868.4
212.59,459.09,2627.2,847.4,885.9,801.4
212.59,459.09,2622.5,815.8,855.7,852.0
212.59,459.1,2650.5,889.2,871.4,786.5
212.59,459.1,2637.8,782.9,860.2,914.2
212.59,459.1,2642.6,851.2,855.6,857.5
212.59,459.11,2659.1,874.7,887.5,803.5
212.59,459.12,2683.9,860.0,882.3,850.4
212.6,459.12,2667.6,907.5,840.3,838.3
212.6,459.12,2677.7,891.5,836.4,854.7
212.6,459.13,2671.4,846.8,853.7,909.6
212.6,459.15,2700.6,867.1,834.5,910.9
212.6,459.16,2687.2,923.4,849.0,846.2
212.6,459.16,2698.5,918.1,882.4,820.2
212.6,459.17,2710.1,878.0,858.0,893.1
212.61,459.17,2701.6,893.3,910.0,832.9
212.61,459.18,2732.7,903.0,865.3,874.9
212.61,459.19,2754.8,876.6,880.7,884.8
212.62,459.19,2734.3,864.6,926.2,860.2
212.62,459.19,2740.3,959.5,871.0,822.8
212.62,459.2,2749.4,844.8,917.0,912.4
212.63,459.21,2747.7,849.5,914.5,904.2
212.63,459.22,2761.6,877.4,897.1,889.1
212.63,459.22,2774.6,914.0,877.2,887.3
212.63,459.22,2765.7,902.3,875.1,899.8
212.64,459.22,2765.9,891.6,917.1,865.9
212.64,459.22,2766.3,908.7,908.8,872.0
212.65,459.22,2774.7,894.6,934.0,859.5
212.65,459.23,2820.3,914.0,902.9,903.3
212.65,459.23,2801.1,862.6,920.9,926.5
212.65,459.24,2803.9,985.4,904.3,824.6
212.66,459.24,2825.2,904.4,907.7,923.2
212.66,459.25,2815.1,920.6,934.6,876.7
212.66,459.25,2807.9,919.5,893.9,910.6
212.67,459.25,2823.7,913.0,931.1,869.1
212.67,459.27,2842.1,872.0,902.7,968.6
212.67,459.27,2826.9,892.9,843.8,1001.1
212.67,459.27,2813.6,901.3,921.1,937.0
212.67,459.28,2829.8,928.8,937.7,889.0
212.67,459.28,2873.9,887.0,961.8,909.6
212.68,459.28,2850.9,900.4,928.6,940.1
212.68,459.29,2862.3,885.7,939.9,936.0
212.68,459.29,2845.5,893.7,929.5,948.9
212.68,459.29,2855.9,894.3,914.2,956.6
212.68,459.3,2851.4,922.1,930.4,914.9
212.68,459.3,2855.4,888.3,956.1,925.3
212.68,459.3,2859.4,953.5,913.1,898.9
212.68,459.3,2861.5,894.4,926.9,953.2
212.69,459.31,2879.3,980.1,897.7,910.4
212.69,459.32,2888.1,900.5,915.6,956.3
212.69,459.32,2865.3,899.9,986.3,901.8
212.69,459.34,2885.2,932.2,942.7,928.3
212.69,459.38,2903.5,911.2,918.6,988.1
212.69,459.38,2914.8,989.9,921.3,907.7
212.69,459.38,2912.7,892.5,934.1,989.9
212.7,459.39,2912.2,966.6,938.7,930.6
212.7,459.4,2926.7,970.8,915.8,930.1
212.7,459.4,2956.9,886.7,954.1,1005.3
212.7,459.4,2937.4,953.3,937.5,956.0
212.7,459.4,2946.5,946.1,946.4,940.8
212.7,459.4,2961.5,918.4,1023.1,915.8
212.7,459.41,2957.7,936.4,989.6,929.0
212.7,459.41,2960.4,912.0,972.9,972.8
212.7,459.42,2973.5,964.7,952.4,962.1
212.71,459.43,2985.8,969.1,983.6,929.5
212.71,459.43,2967.2,950.7,990.6,918.6
212.71,459.43,2988.3,946.6,960.0,992.8
212.71,459.43,2971.0,936.8,991.7,973.1
212.71,459.44,2985.9,995.2,941.4,948.3
212.71,459.45,3025.4,1006.7,973.5,934.5
212.71,459.45,2993.0,962.9,964.8,969.6
212.72,459.45,3015.2,998.1,980.6,953.4
212.72,459.46,3025.9,962.7,1030.6,927.5
212.72,459.47,3024.9,991.3,947.7,1000.2
212.72,459.48,3034.9,981.7,997.0,948.5
212.72,459.5,3036.7,999.0,972.8,942.0
212.72,459.5,3037.0,1007.8,980.6,936.0
212.73,459.5,3044.4,968.8,987.8,978.4
212.73,459.5,3046.5,997.0,910.3,1048.6
212.73,459.5,3067.1,1008.4,972.9,981.7
212.73,459.5,3058.9,963.0,1041.5,955.6
212.73,459.51,3063.1,991.1,1002.7,961.2
212.73,459.51,3063.8,974.8,1052.9,943.6
212.73,459.52,3074.1,994.6,942.9,1036.0
212.73,459.52,3097.8,985.1,1013.5,985.9
212.73,459.52,3101.7,1020.4,974.4,989.1
212.74,459.53,3085.3,999.1,984.3,1006.4
212.74,459.54,3088.3,1008.0,1000.4,978.1
212.74,459.55,3108.1,938.1,995.2,1058.1
212.74,459.55,3097.5,922.5,1061.0,1021.2
212.75,459.56,3109.1,984.2,964.5,1050.1
212.75,459.57,3124.0,964.3,1004.5,1059.6
212.75,459.57,3144.3,1043.2,966.6,1021.6
212.75,459.57,3150.8,1036.5,994.4,1018.1
212.75,459.58,3179.9,1065.1,1024.5,956.2
212.75,459.59,3165.6,1017.4,1033.9,1017.1
212.75,459.6,3173.6,1023.5,1020.4,1027.2
212.75,459.6,3189.0,1125.4,1021.1,916.9
212.76,459.6,3179.9,1032.9,984.9,1038.0
212.76,459.61,3177.2,1024.7,1028.0,1014.6
212.76,459.61,3205.9,1057.5,1043.4,988.4
212.76,459.62,3203.5,1045.8,1028.9,1015.7
212.76,459.62,3202.2,1054.6,979.8,1058.1
212.76,459.63,3220.1,1003.1,1055.5,1046.2
212.77,459.63,3192.5,1003.4,1012.8,1089.1
212.77,459.63,3220.6,1062.5,984.4,1063.4
212.77,459.63,3232.4,963.3,1024.9,1138.8
212.77,459.64,3239.4,1029.2,1071.1,1044.0
212.77,459.64,3265.9,996.1,1091.7,1056.1
212.77,459.65,3261.3,1141.3,996.4,1023.1
212.78,459.65,3274.4,1019.9,1100.5,1053.9
212.78,459.66,3273.3,1060.1,1053.8,1058.8
212.79,459.69,3266.5,1053.7,1041.2,1083.0
212.79,459.69,3274.4,1062.1,1038.4,1058.9
212.79,459.7,3274.3,1008.1,1096.0,1069.4
212.79,459.7,3298.0,1033.9,1068.3,1084.3
212.8,459.7,3303.6,1050.4,1064.1,1062.8
212.8,459.7,3320.2,1075.9,1096.3,1042.8
212.8,459.7,3313.2,1086.5,1083.6,1048.8
212.8,459.71,3340.6,1037.8,1072.4,1081.9
212.8,459.71,3323.2,1063.7,1105.8,1061.0
212.8,459.72,3358.1,1042.3,1076.3,1143.5
212.81,459.72,3359.7,1072.0,1078.8,1103.7
212.81,459.72,3364.2,1049.0,1173.4,1037.7
212.81,459.73,3362.8,1167.5,1084.5,1009.8
212.81,459.74,3376.1,1060.9,1113.1,1068.2
212.81,459.74,3360.6,1113.1,1111.8,1042.1
212.81,459.75,3376.6,1070.1,1087.1,1091.6
212.81,459.77,3373.0,1152.9,1103.1,1002.5
212.81,459.78,3389.8,1090.3,1083.8,1099.1
212.81,459.78,3397.3,1032.9,1081.2,1175.1
212.81,459.8,3404.5,1083.9,1085.8,1122.5
212.81,459.8,3395.0,1104.4,1085.7,1100.6
212.81,459.8,3413.0,1077.6,1116.9,1122.8
212.81,459.8,3403.0,1149.1,1117.7,1034.8
212.81,459.8,3409.3,1071.2,1107.4,1119.4
212.82,459.81,3432.7,1078.9,1153.5,1080.1
212.82,459.81,3415.1,1083.4,1097.1,1138.2
212.82,459.81,3420.0,1082.5,1113.1,1100.8
212.82,459.82,3416.5,1058.0,1151.7,1107.7
212.82,459.82,3425.2,1104.9,1087.9,1110.6
212.82,459.83,3445.7,1153.7,1090.2,1071.8
212.82,459.84,3418.2,1082.6,1122.3,1088.3
212.82,459.85,3434.8,1089.9,1121.5,1120.5
212.83,459.85,3446.5,1074.2,1107.8,1141.6
212.83,459.86,3435.0,1102.7,1113.1,1132.0
212.83,459.87,3478.8,1162.4,1120.4,1102.0
212.83,459.88,3500.7,1141.4,1096.8,1136.5
212.84,459.88,3490.9,1171.2,1062.3,1151.6
212.84,459.89,3484.5,1086.8,1097.7,1194.7
212.84,459.9,3510.0,1094.2,1136.0,1166.6
212.84,459.91,3504.5,1140.8,1143.2,1122.8
212.84,459.93,3533.9,1103.1,1129.5,1184.2
212.84,459.93,3541.8,1084.2,1126.5,1208.4
212.85,459.94,3546.9,1073.5,1200.5,1143.8
212.85,459.95,3543.1,1214.0,1125.0,1083.6
212.85,459.95,3536.3,1161.0,1157.1,1111.5
212.85,459.96,3546.0,1187.8,1139.8,1098.3
212.85,459.96,3539.8,1213.4,1155.2,1067.9
212.85,459.97,3544.0,1119.8,1085.8,1248.2
212.85,459.97,3568.1,1181.6,1144.7,1106.2
212.85,459.98,3560.0,1093.6,1184.0,1161.5
212.85,459.99,3568.3,1165.3,1220.0,1060.9
212.85,459.99,3574.9,1146.4,1146.5,1185.8
212.85,460.0,3579.7,1191.4,1160.3,1112.7
212.86,460.0,3590.2,1154.9,1132.8,1191.6
212.86,460.0,3602.3,1076.5,1167.9,1223.8
212.86,460.0,3587.9,1210.9,1193.8,1070.7
212.86,460.0,3597.6,1129.0,1208.5,1150.3
212.86,460.0,3592.2,1079.1,1213.3,1191.5
212.86,460.01,3592.1,1199.3,1109.3,1172.2
212.87,460.01,3590.1,1166.2,1128.0,1171.4
212.87,460.01,3681.5,1101.3,1203.2,1228.1
212.87,460.01,3677.7,1122.5,1257.0,1175.1
212.87,460.02,3728.8,1225.0,1135.0,1247.9
212.88,460.02,3718.8,1182.7,1209.6,1205.3
212.88,460.03,3791.9,1250.3,1194.4,1205.0
212.88,460.04,3852.5,1252.6,1254.8,1193.8
212.88,460.05,3847.0,1155.4,1236.2,1313.4
212.88,460.06,3845.7,1303.5,1302.3,1110.1
212.89,460.06,3872.8,1246.9,1239.3,1236.7
212.89,460.06,3856.7,1277.1,1138.8,1333.5
212.89,460.08,3855.2,1339.3,1241.2,1152.7
212.89,460.09,3988.7,1284.5,1304.4,1282.3
212.89,460.09,4010.3,1308.6,1261.0,1289.7
212.89,460.1,3386.4,1174.2,1097.1,1011.5
212.9,460.1,2218.0,693.5,723.7,718.5
212.9,460.1,3134.6,1004.7,1044.1,987.2
212.9,460.1,2007.4,653.3,640.9,645.4
212.9,460.1,2001.6,655.1,641.6,639.7
212.9,460.11,1422.4,454.8,462.1,460.5
212.9,460.11,1479.3,476.5,457.4,486.0
212.9,460.11,1511.0,478.4,482.0,505.1
212.9,460.11,1539.2,467.9,499.1,523.5
212.9,460.11,1557.7,499.2,506.2,489.6
212.91,460.11,1541.0,514.4,490.9,499.7
212.91,460.13,1548.1,484.2,530.8,490.4
212.91,460.14,1572.6,473.8,518.2,540.7
212.91,460.15,1581.7,523.7,513.1,503.1
212.91,460.15,1599.0,516.5,524.3,496.8
212.92,460.16,1658.5,526.4,529.6,525.4
212.93,460.16,1685.7,529.7,567.3,535.7
212.93,460.16,1740.3,565.6,560.9,552.5
212.93,460.17,1776.9,564.4,571.7,599.3
212.93,460.17,1802.2,574.4,581.6,596.9
212.93,460.18,1809.6,581.4,574.1,600.6
212.93,460.18,1820.2,608.3,591.0,578.2
212.93,460.19,1830.3,585.7,579.9,603.6
212.93,460.2,1854.2,646.7,627.9,537.1
212.93,460.2,1893.8,599.0,627.8,598.0
212.93,460.2,1885.0,621.9,618.6,583.4
212.93,460.2,1901.6,604.3,625.6,611.0
212.93,460.21,1914.8,639.9,583.1,626.6
212.93,460.21,1932.2,623.1,603.3,634.7
212.94,460.21,1932.9,633.0,622.7,621.3
212.94,460.21,1950.7,615.4,658.1,619.9
212.94,460.22,1969.8,665.6,622.0,599.2
212.94,460.22,1963.6,648.6,626.4,628.0
212.94,460.24,2000.1,661.3,636.3,631.1
212.94,460.24,1991.1,655.1,591.9,666.5
212.94,460.25,2026.4,668.8,645.5,637.0
212.94,460.25,2013.5,636.0,662.0,655.0
212.94,460.26,2027.8,611.0,715.2,628.3
212.94,460.26,2048.1,611.0,680.3,699.0
212.94,460.28,2057.3,674.2,659.6,652.3
212.94,460.28,2058.7,697.1,664.2,640.0
212.94,460.28,2096.3,672.9,680.7,674.9
212.94,460.29,2080.3,621.7,747.2,643.9
212.95,460.3,2102.9,709.7,669.5,655.0
212.95,460.3,2102.1,669.0,670.2,691.5
212.95,460.3,2089.6,684.8,651.1,681.3
212.95,460.3,2088.5,695.2,674.9,667.7
212.95,460.3,2116.2,687.2,706.8,654.0
212.95,460.3,2127.7,650.7,696.6,711.4
212.95,460.3,2142.6,681.8,699.3,697.8
212.96,460.3,2132.8,698.5,683.0,689.7
212.96,460.31,2154.0,716.9,684.2,683.9
212.96,460.31,2156.4,656.9,734.5,702.6
212.96,460.31,2150.5,729.3,678.0,669.1
212.96,460.34,2172.6,706.5,675.9,712.5
212.97,460.34,2176.8,694.0,725.6,705.8
212.97,460.34,2167.8,709.3,658.2,739.5
212.97,460.34,2170.8,655.2,695.1,760.9
212.97,460.35,2189.1,718.9,716.1,677.5
212.97,460.36,2200.8,683.3,730.6,683.9
212.97,460.36,2205.2,712.0,688.2,712.7
212.97,460.37,2174.9,668.1,706.4,738.5
212.97,460.37,2204.6,679.1,745.5,692.4
212.97,460.39,2197.0,722.5,702.5,712.5
212.98,460.39,2197.2,671.8,742.1,720.8
212.98,460.39,2216.0,698.5,715.6,731.0
212.98,460.39,2219.7,696.7,733.2,726.1
212.98,460.4,2230.1,753.3,723.9,683.1
212.98,460.41,2220.5,674.4,769.3,708.5
212.98,460.42,2240.6,706.5,709.9,739.2
212.98,460.43,2221.6,724.3,719.7,709.4
212.98,460.43,2240.4,695.1,746.8,712.1
212.99,460.44,2248.7,696.4,708.7,736.7
212.99,460.44,2259.2,717.1,736.2,711.1
212.99,460.46,2232.9,713.7,730.0,739.2
212.99,460.46,2263.7,698.2,722.5,766.5
213.0,460.47,2253.8,766.8,740.7,680.7
213.0,460.47,2256.1,725.6,773.3,701.7
213.0,460.48,2278.2,699.8,756.4,746.8
213.0,460.49,2267.4,731.9,750.2,727.4
213.0,460.49,2293.2,722.9,723.5,761.8
213.0,460.49,2311.6,741.7,742.2,764.3
213.0,460.49,2327.2,696.0,764.6,788.1
213.01,460.49,2324.5,729.3,727.5,784.7
213.01,460.49,2311.3,782.3,700.8,761.1
213.01,460.49,2323.8,732.0,729.1,782.2
213.01,460.49,2326.1,786.4,750.5,710.9
213.01,460.52,2329.1,739.0,743.1,761.6
213.01,460.52,2339.7,739.0,746.4,774.0
213.01,460.55,2333.3,758.6,732.2,760.6
213.01,460.56,2321.4,727.0,749.3,770.4
213.02,460.56,2346.8,755.0,789.8,717.5
213.02,460.56,2332.3,788.2,756.1,723.7
213.02,460.57,2328.8,719.3,766.7,784.0
213.02,460.58,2341.3,773.2,754.2,738.9
213.02,460.58,2326.2,743.3,757.0,769.6
213.02,460.59,2340.7,755.5,738.5,780.1
213.02,460.6,2350.7,765.1,776.1,720.4
213.03,460.62,2353.9,732.1,789.3,744.8
213.03,460.62,2364.2,750.4,743.5,793.6
213.03,460.62,2363.9,735.9,764.3,778.1
213.03,460.63,2379.9,774.4,747.6,779.0
213.03,460.64,2372.2,718.1,808.2,762.5
213.04,460.64,2375.5,730.0,802.7,762.7
213.04,460.65,2372.7,784.0,756.2,751.8
213.04,460.66,2378.1,746.1,829.9,731.6
213.04,460.67,2369.0,737.2,792.7,775.0
213.04,460.67,2382.9,754.6,787.6,761.6
213.04,460.67,2378.0,823.1,769.0,694.2
213.04,460.68,2387.8,782.3,777.5,732.0
213.04,460.69,2375.7,751.0,771.7,772.3
213.04,460.7,2396.7,740.0,777.1,809.4
213.04,460.7,2397.9,764.2,764.1,769.2
213.05,460.71,2403.5,799.3,794.9,697.2
213.05,460.72,2398.4,829.4,763.8,737.5
213.05,460.72,2395.0,741.7,772.6,809.0
213.05,460.72,2389.2,783.2,728.2,792.5
213.05,460.73,2393.0,796.9,758.4,774.3
213.05,460.73,2394.6,791.2,770.2,759.5
213.06,460.74,2387.7,799.6,772.9,739.2
213.06,460.74,2392.0,779.1,763.7,768.2
213.06,460.75,2400.5,808.3,725.7,791.1
213.06,460.75,2398.9,798.2,800.0,729.8
213.06,460.75,2398.6,732.3,811.3,780.0
213.06,460.75,2378.5,751.8,774.2,776.2
213.06,460.75,2412.0,762.9,797.6,769.1
213.07,460.76,2406.6,743.5,817.3,778.9
213.07,460.77,2405.7,765.3,792.5,758.8
213.07,460.77,2407.9,795.4,758.4,779.8
213.07,460.78,2415.5,795.1,765.7,761.7
213.08,460.78,2428.0,734.4,777.2,818.5
213.08,460.79,2410.3,817.3,745.6,769.2
213.08,460.79,2439.9,756.2,817.5,767.3
213.08,460.79,2451.0,772.8,796.7,797.0
213.08,460.82,2449.0,783.7,813.4,783.2
213.09,460.82,2470.3,802.1,820.8,771.3
213.09,460.85,2458.7,813.9,805.1,781.0
213.1,460.86,2462.8,793.5,805.6,778.2
213.1,460.86,2487.8,765.5,799.2,822.6
213.1,460.86,2498.7,810.0,802.9,792.5
213.1,460.88,2483.9,788.8,787.9,829.4
213.1,460.89,2487.3,796.8,790.6,828.8
213.1,460.9,2496.0,777.4,810.8,809.8
213.11,460.9,2500.4,803.0,853.4,760.5
213.11,460.9,2516.5,810.4,819.8,800.7
213.11,460.91,2516.8,796.8,836.6,812.1
213.11,460.91,2522.7,843.8,761.8,829.7
213.11,460.92,2545.8,821.2,848.7,794.3
213.11,460.93,2537.2,811.0,838.9,805.7
213.11,460.93,2556.0,834.8,842.7,780.5
213.12,460.93,2567.2,822.7,810.7,836.0
213.12,460.94,2579.7,859.3,814.7,806.1
213.12,460.96,2569.1,851.8,823.9,804.0
213.12,460.96,2590.9,828.3,814.1,842.2
213.12,460.97,2569.8,843.3,846.1,807.0
213.12,460.97,2567.0,821.4,799.6,864.1
213.12,460.97,2584.6,892.3,832.0,770.1
213.12,460.98,2588.0,822.5,790.0,880.8
213.12,460.98,2569.0,829.3,812.1,837.8
213.12,460.98,2591.5,828.1,850.1,826.7
213.12,460.99,2573.8,840.5,843.1,814.8
213.13,461.0,2582.9,834.1,814.8,833.0
213.13,461.0,2582.1,878.5,830.0,802.5
213.13,461.0,2582.9,826.6,861.5,816.1
213.13,461.02,2604.1,785.4,852.1,863.1
213.14,461.02,2586.8,885.2,840.5,780.7
213.14,461.02,2606.4,871.4,813.5,826.8
213.14,461.03,2613.2,819.1,813.7,875.7
213.14,461.03,2632.1,904.2,825.1,814.5
213.14,461.03,2610.9,825.4,857.0,843.2
213.14,461.03,2645.5,823.3,883.3,837.9
213.15,461.04,2616.2,869.1,822.7,832.2
213.15,461.04,2639.4,825.3,901.0,826.4
213.15,461.04,2653.0,831.6,856.4,878.1
213.15,461.05,2653.3,822.9,836.9,895.0
213.15,461.05,2666.5,828.1,916.6,830.0
213.16,461.06,2647.9,879.8,862.5,816.9
213.16,461.06,2652.0,841.6,876.0,852.5
213.16,461.07,2667.0,827.4,881.7,862.7
213.16,461.07,2683.2,885.2,851.7,843.2
213.16,461.08,2679.1,818.1,882.3,864.8
213.16,461.09,2680.8,885.8,862.4,837.1
213.16,461.1,2696.3,908.0,882.3,806.6
213.16,461.1,2690.7,859.4,900.1,843.1
213.16,461.11,2701.4,886.5,865.2,852.5
213.17,461.11,2689.7,880.6,893.4,833.4
213.17,461.12,2695.8,870.0,882.4,862.2
213.17,461.14,2701.1,856.6,846.3,891.2
213.18,461.15,2696.2,864.9,902.6,828.2
213.18,461.16,2719.3,859.2,884.6,861.6
213.18,461.17,2715.7,863.0,879.3,873.4
213.18,461.17,2697.2,799.2,860.9,965.9
213.18,461.18,2705.3,884.1,870.1,878.6
213.18,461.18,2732.0,887.1,880.6,862.9
213.18,461.19,2730.5,858.4,872.7,909.5
213.19,461.19,2723.6,896.5,896.7,843.5
213.19,461.2,2728.7,829.8,952.4,853.2
213.2,461.2,2731.0,826.5,909.6,914.0
213.2,461.2,2726.1,848.1,932.2,873.8
213.2,461.2,2732.2,892.5,883.1,865.7
213.2,461.2,2739.3,886.5,873.8,889.0
213.2,461.2,2764.0,914.6,859.7,891.0
213.2,461.21,2753.7,897.4,868.8,877.8
213.2,461.21,2752.5,871.2,875.2,918.8
213.2,461.21,2753.4,894.0,884.2,890.4
213.2,461.22,2746.9,864.9,879.3,910.5
213.2,461.23,2778.1,873.4,901.4,880.2
213.2,461.24,2781.4,892.8,890.6,894.7
213.2,461.25,2788.7,852.1,938.5,889.8
213.21,461.26,2778.4,877.7,880.8,936.6
213.21,461.26,2793.3,847.5,890.7,952.6
213.21,461.27,2813.7,875.6,929.1,910.8
213.21,461.27,2797.1,882.1,901.4,911.9
213.21,461.27,2798.7,969.0,903.5,832.3
213.21,461.28,2792.8,938.4,899.5,858.9
213.21,461.29,2814.6,922.4,913.3,884.2
213.22,461.3,2809.1,929.5,901.0,883.5
213.22,461.3,2798.2,902.7,900.3,909.2
213.22,461.3,2809.7,904.3,931.1,897.3
213.22,461.3,2827.3,919.6,923.8,890.9
213.22,461.3,2835.6,936.3,911.8,886.8
213.22,461.3,2830.4,915.1,927.3,891.3
213.22,461.3,2828.6,933.8,935.3,866.2
213.22,461.31,2835.6,926.6,903.5,890.0
213.22,461.31,2823.2,937.7,907.4,892.2
213.23,461.31,2849.4,882.3,897.6,959.9
213.23,461.33,2857.5,879.1,967.1,888.4
213.23,461.35,2849.6,948.2,922.7,872.6
213.23,461.35,2851.0,931.5,953.1,883.7
213.23,461.36,2859.8,929.3,942.6,896.8
213.24,461.36,2866.4,946.7,900.1,926.0
213.24,461.37,2874.6,892.8,984.5,896.0
213.24,461.37,2858.9,940.5,924.8,909.3
213.24,461.37,2876.0,928.1,934.3,922.4
213.25,461.38,2865.4,881.0,960.5,934.5
213.25,461.38,2876.8,891.8,958.4,943.1
213.25,461.38,2894.7,955.7,910.9,934.7
213.25,461.38,2887.1,922.8,924.1,938.9
213.25,461.38,2893.0,944.0,911.9,925.4
213.25,461.39,2904.9,931.5,896.1,961.2
213.25,461.4,2918.2,925.9,929.9,951.7
213.26,461.4,2911.0,905.2,942.0,965.6
213.26,461.4,2906.9,920.5,978.9,922.0
213.26,461.4,2919.4,892.1,952.7,962.3
213.26,461.41,2919.1,894.4,982.6,951.8
213.26,461.41,2935.5,939.6,971.7,890.0
213.26,461.41,2921.6,983.6,938.0,905.4
213.27,461.41,2945.5,917.6,973.9,938.6
213.27,461.41,2943.1,917.5,938.3,984.8
213.27,461.42,2942.3,954.7,933.9,948.4
213.27,461.42,2936.2,946.2,988.5,908.2
213.27,461.42,2952.9,946.4,967.3,953.4
213.27,461.42,2949.1,955.9,969.5,941.0
213.27,461.43,2968.0,970.0,911.5,980.3
213.28,461.43,2946.6,931.8,940.3,982.4
213.28,461.44,2945.0,977.4,960.7,911.8
213.28,461.45,2949.2,939.6,944.8,970.3
213.28,461.45,2965.5,945.5,971.5,950.7
213.28,461.46,2980.1,971.5,938.5,959.2
213.28,461.46,2980.7,980.1,998.9,901.7
213.28,461.46,2967.1,882.1,991.6,984.1
213.29,461.48,2971.4,970.0,911.9,976.7
213.29,461.48,2992.0,972.9,910.8,994.8
213.29,461.48,2979.4,921.5,943.6,1000.6
213.29,461.49,2983.7,961.4,969.3,951.3
213.29,461.49,2985.8,954.9,972.3,964.8
213.29,461.5,2982.7,993.2,980.7,928.0
213.29,461.5,2979.3,959.5,977.3,955.5
213.3,461.5,3017.3,972.4,955.4,967.0
213.3,461.5,2992.8,963.3,944.4,974.6
213.3,461.5,2999.3,961.4,1018.6,931.7
213.3,461.5,3022.3,985.7,980.6,956.7
213.3,461.5,3019.4,1016.5,961.7,953.8
213.3,461.51,3023.0,927.5,1025.8,969.1
213.3,461.52,3021.6,940.0,1025.9,956.2
213.3,461.52,3024.5,1019.0,947.1,969.0
213.3,461.53,3028.7,883.7,1034.1,1001.2
213.3,461.54,3029.1,930.5,1064.8,918.3
213.3,461.54,3033.5,984.0,1001.9,938.9
213.3,461.54,3031.2,996.1,959.2,969.4
213.3,461.54,3060.8,1046.2,967.8,949.3
213.31,461.55,3053.1,969.4,971.3,1012.7
213.31,461.55,3061.3,947.5,975.4,1024.6
213.31,461.55,3046.0,1066.1,973.7,916.6
213.31,461.56,3075.1,943.4,974.1,1059.5
213.31,461.56,3078.3,958.2,1000.2,1021.9
213.31,461.56,3070.0,940.6,1010.7,1010.4
213.31,461.57,3072.4,1026.9,982.2,971.7
213.31,461.57,3095.9,1014.3,1002.2,957.5
213.32,461.57,3090.2,945.9,960.1,1047.6
213.32,461.57,3080.2,980.2,1022.9,976.4
213.32,461.59,3086.4,1026.7,1025.1,933.6
213.32,461.59,3100.7,1019.2,1015.7,965.1
213.32,461.6,3113.3,1000.9,955.2,1057.6
213.32,461.6,3095.7,1054.8,994.7,943.1
213.32,461.6,3110.6,964.1,1067.0,964.3
213.32,461.6,3111.7,965.9,1047.3,1016.7
213.33,461.6,3122.3,952.0,979.2,1064.6
213.33,461.6,3117.8,988.4,1043.2,966.0
213.33,461.61,3130.3,983.5,1041.2,1000.3
213.33,461.61,3120.0,990.9,1024.3,1016.4
213.33,461.61,3123.8,995.5,1017.4,1012.1
213.33,461.61,3133.8,1013.4,993.5,1021.8
213.33,461.62,3122.9,1015.7,1004.4,1010.3
213.33,461.62,3132.5,1023.6,1011.9,1004.6
213.33,461.63,3139.1,1020.6,1012.1,997.6
213.33,461.64,3137.9,988.2,1066.8,966.9
213.33,461.64,3146.3,954.5,1082.0,1014.8
213.34,461.65,3144.6,1023.1,998.7,1014.0
213.34,461.67,3144.3,993.3,1013.2,1022.3
213.34,461.68,3163.9,1020.0,1042.6,987.9
213.34,461.69,3179.9,1073.6,953.0,1007.0
213.34,461.69,3175.9,1000.8,1058.6,1019.1
213.34,461.69,3184.3,955.3,1119.8,982.5
213.34,461.69,3179.0,1006.2,1040.7,1017.4
213.34,461.71,3177.4,999.8,1031.0,1025.5
213.34,461.71,3184.1,1027.1,1014.6,1030.9
213.34,461.71,3188.4,970.3,1043.1,1079.9
213.34,461.72,3188.8,1051.4,1065.0,965.7
213.34,461.72,3190.2,1022.8,1043.8,1030.1
213.34,461.73,3209.5,977.6,1005.7,1110.2
213.35,461.73,3221.8,1037.8,1095.0,992.2
213.35,461.74,3226.6,1051.1,1052.2,1012.7
213.36,461.74,3208.2,989.4,1042.9,1073.7
213.36,461.74,3231.4,1018.6,1030.0,1070.3
213.36,461.75,3230.8,1044.1,1020.2,1041.9
213.36,461.75,3231.0,1027.7,1034.8,1046.2
213.36,461.76,3227.1,1046.6,1068.2,987.7
213.36,461.76,3243.5,1071.8,996.9,1063.8
213.36,461.77,3232.6,1061.6,1042.0,1047.9
213.36,461.78,3252.0,1051.9,1119.7,987.6
213.37,461.78,3245.4,1098.6,991.6,1050.0
213.37,461.78,3257.7,1067.9,1072.7,1008.4
213.37,461.78,3259.9,1062.9,1033.6,1051.9
213.37,461.78,3251.5,1032.9,1033.2,1087.6
213.37,461.79,3255.1,996.0,1051.0,1107.3
213.37,461.79,3248.9,1054.7,1078.6,1007.6
213.37,461.79,3261.1,1058.4,1099.2,1000.4
213.38,461.8,3251.2,1045.7,1058.8,1049.4
213.38,461.8,3262.1,1062.8,1059.7,1042.8
213.38,461.8,3235.1,1037.8,1081.0,1011.8
213.38,461.8,3283.3,1055.9,1088.7,1001.3
213.38,461.8,3277.0,1047.4,1057.6,1065.4
213.38,461.81,3274.8,1039.6,1122.0,1018.4
213.38,461.82,3307.9,1069.7,1042.0,1077.0
213.38,461.83,3282.2,1041.5,1100.2,1035.1
213.38,461.83,3276.0,1111.7,1037.8,1039.6
213.38,461.83,3299.2,1099.3,1064.1,1032.6
213.39,461.83,3311.7,1011.6,1080.1,1100.3
213.39,461.83,3309.0,1065.8,1029.6,1119.3
213.39,461.84,3300.0,1118.7,1047.8,1043.0
213.39,461.84,3312.9,1084.1,1049.5,1070.6
213.39,461.85,3315.0,1039.6,1103.8,1078.9
213.39,461.85,3320.2,1075.5,1054.0,1085.4
213.39,461.86,3334.1,1048.3,1077.6,1090.1
213.39,461.86,3330.4,1057.9,1086.5,1055.5
213.4,461.87,3340.7,1101.6,1082.2,1025.5
213.4,461.87,3336.7,1064.9,1045.9,1108.7
213.4,461.87,3331.7,1011.3,1119.2,1089.1
213.4,461.87,3328.9,1100.9,1050.8,1073.8
213.4,461.88,3333.0,1034.3,1098.4,1083.6
213.4,461.88,3333.6,1030.1,1078.6,1106.3
213.4,461.88,3321.9,1094.4,1075.9,1054.4
213.4,461.89,3335.0,1103.8,1033.9,1092.8
213.4,461.89,3348.0,1119.7,1115.2,1010.7
213.4,461.9,3348.2,1070.3,1139.9,1048.5
213.4,461.9,3349.9,1039.0,1095.7,1109.0
213.4,461.9,3340.8,1062.0,1136.7,1033.1
213.41,461.9,3345.7,1069.4,1095.3,1069.6
213.41,461.9,3388.8,1109.0,1078.8,1093.8
213.41,461.92,3372.1,1041.3,1090.8,1133.9
213.41,461.92,3372.9,1094.7,1101.9,1061.1
213.41,461.92,3350.9,1043.7,1063.3,1150.0
213.41,461.92,3384.3,1075.5,1089.7,1090.1
213.41,461.92,3360.1,1032.7,1124.8,1109.5
213.41,461.93,3371.7,1108.4,1103.6,1053.0
213.41,461.93,3384.0,1171.8,1097.7,1015.3
213.41,461.93,3386.5,1081.1,1091.2,1102.0
213.42,461.94,3394.6,1136.9,1104.0,1043.6
213.42,461.94,3391.1,1074.0,1143.4,1075.5
213.42,461.94,3409.9,1063.7,1101.4,1110.9
213.42,461.95,3401.9,1063.0,1114.7,1090.4
213.42,461.95,3407.1,1091.9,1105.2,1089.7
213.42,461.95,3405.4,1058.3,1145.5,1076.7
213.42,461.95,3404.2,1142.7,1124.1,1031.5
213.42,461.95,3402.3,1080.8,1135.3,1086.4
213.43,461.95,3416.4,1077.5,1114.1,1097.8
213.43,461.97,3415.1,1110.0,1098.7,1091.8
213.43,461.97,3421.4,1139.0,1110.2,1034.3
213.43,461.98,3428.0,1162.1,1114.6,1034.9
213.43,461.98,3415.6,1127.1,1093.7,1066.5
213.43,461.99,3423.5,1078.9,1129.4,1106.5
213.43,461.99,3408.9,1101.6,1079.6,1143.7
213.43,462.0,3426.0,1186.5,1109.5,1012.2
213.44,462.0,3424.6,1192.3,1120.9,1003.7
213.44,462.0,3427.0,1086.7,1173.4,1045.8
213.44,462.0,3416.1,1138.7,1081.8,1084.7
213.44,462.0,3443.9,1147.0,1085.3,1076.6
213.45,462.0,3444.0,1080.3,1087.7,1157.8
213.45,462.01,3460.8,1102.7,1121.2,1123.7
213.45,462.02,3468.8,1168.8,1117.2,1078.4
213.45,462.02,3468.6,1148.2,1121.4,1083.3
213.45,462.03,3458.0,1202.7,1127.0,1036.6
213.45,462.04,3463.0,1147.6,1098.8,1107.3
213.45,462.05,3480.6,1162.7,1160.5,1048.4
213.45,462.05,3483.5,1112.6,1118.6,1119.7
213.46,462.05,3478.6,1062.0,1154.2,1138.7
213.46,462.05,3467.1,1199.1,1120.5,1057.4
213.46,462.06,3497.6,1103.2,1181.2,1094.4
213.46,462.06,3490.2,1153.4,1045.4,1169.8
213.46,462.08,3484.2,1100.0,1173.9,1090.6
213.46,462.08,3499.6,1135.1,1152.6,1073.0
213.47,462.08,3491.6,1095.3,1203.9,1087.4
213.47,462.08,3500.1,1163.0,1096.5,1128.1
213.47,462.09,3487.5,1106.0,1124.9,1154.9
213.47,462.1,3501.0,1161.1,1118.9,1115.8
213.47,462.1,3507.7,1141.8,1170.9,1100.0
213.47,462.1,3492.7,1120.8,1121.3,1135.3
213.47,462.1,3506.4,1136.1,1119.3,1117.5
213.47,462.11,3504.4,1117.8,1101.7,1176.3
213.48,462.11,3507.7,1115.9,1076.9,1190.8
213.48,462.11,3517.3,1071.8,1194.0,1130.0
213.48,462.12,3518.1,1110.7,1214.1,1091.7
213.48,462.12,3508.0,1146.5,1188.9,1050.6
213.49,462.13,3506.1,1078.0,1130.7,1186.8
213.49,462.14,3519.2,1124.3,1122.5,1144.9
213.49,462.14,3527.4,1166.4,1135.7,1103.2
213.49,462.14,3519.1,1201.5,1108.1,1081.6
213.5,462.15,3526.5,1165.3,1106.2,1134.6
213.5,462.15,3543.5,1167.0,1239.8,1034.3
213.5,462.15,3549.1,1145.1,1177.9,1100.1
213.5,462.16,3569.5,1104.1,1166.2,1181.4
213.5,462.16,3586.9,1225.3,1141.3,1092.5
213.5,462.16,3571.0,1142.4,1145.9,1164.2
213.5,462.16,3598.3,1158.4,1144.1,1202.3
213.5,462.17,3580.4,1056.8,1216.9,1182.1
213.51,462.18,3571.4,1071.3,1166.9,1227.6
213.51,462.18,3597.6,1238.3,1190.2,1060.2
213.51,462.18,3593.4,1124.4,1235.8,1117.3
213.51,462.19,3617.9,1136.3,1225.3,1140.0
213.51,462.19,3611.7,1211.1,1164.8,1108.3
213.51,462.19,3614.6,1173.7,1132.9,1192.7
213.51,462.19,3639.5,1145.4,1207.2,1165.5
213.51,462.19,3635.0,1196.7,1145.1,1152.1
213.51,462.2,3650.7,1220.1,1188.7,1116.6
213.51,462.2,3638.3,1139.4,1233.5,1138.4
213.51,462.2,3634.0,1066.6,1205.5,1255.5
213.52,462.21,3640.3,1195.5,1127.2,1177.9
213.52,462.21,3660.2,1246.2,1189.2,1100.4
213.52,462.21,3667.7,1142.6,1241.4,1160.1
213.52,462.22,3665.1,1146.9,1186.0,1215.0
213.52,462.22,3676.1,1190.7,1130.4,1203.3
213.52,462.22,3672.4,1249.3,1170.6,1157.5
213.53,462.22,3680.2,1202.5,1189.1,1158.0
213.53,462.23,3666.0,1144.7,1197.8,1191.5
213.53,462.23,3648.5,1157.6,1112.0,1267.3
213.53,462.24,3669.9,1203.0,1190.1,1160.7
213.53,462.24,3674.1,1163.8,1222.9,1154.7
213.53,462.24,3654.9,1153.3,1195.5,1198.8
213.53,462.24,3666.8,1167.0,1234.2,1151.8
213.53,462.24,3669.0,1169.8,1182.8,1193.5
213.53,462.25,3677.9,1187.2,1163.1,1209.7
213.54,462.26,3671.9,1211.8,1189.5,1169.8
213.54,462.26,3696.4,1267.6,1145.8,1158.3
213.54,462.26,3690.3,1209.2,1270.6,1108.3
213.54,462.27,3706.8,1244.0,1161.7,1180.9
213.54,462.27,3687.2,1219.9,1202.1,1161.7
213.54,462.29,3724.9,1253.9,1205.7,1116.2
213.54,462.3,3712.5,1223.7,1205.1,1153.0
213.54,462.3,3721.0,1190.5,1261.3,1128.5
213.54,462.3,3718.8,1231.9,1231.3,1152.1
213.54,462.3,3704.9,1236.3,1182.5,1179.4
213.54,462.3,3732.8,1190.1,1177.2,1245.5
213.55,462.31,3732.4,1227.5,1224.7,1147.5
213.55,462.32,3732.3,1188.1,1225.4,1188.5
213.55,462.32,3734.8,1199.9,1162.4,1255.9
213.55,462.32,3733.2,1245.2,1178.3,1178.2
213.56,462.33,3711.9,1118.6,1203.3,1268.4
213.56,462.35,3725.5,1179.9,1191.8,1234.7
213.56,462.35,3739.6,1244.7,1190.8,1144.0
213.56,462.35,3747.8,1245.5,1237.3,1144.7
213.56,462.36,3720.4,1168.9,1230.5,1205.7
213.56,462.37,3743.0,1184.9,1211.3,1213.9
213.56,462.38,3739.7,1204.7,1230.2,1188.7
213.57,462.38,3742.4,1191.8,1214.6,1202.9
213.57,462.38,3756.2,1229.3,1186.2,1194.9
213.57,462.38,3749.7,1204.8,1220.7,1182.8
213.58,462.39,3743.8,1178.2,1176.2,1273.3
213.58,462.39,3757.3,1261.6,1194.9,1171.8
213.58,462.39,3762.0,1197.1,1246.1,1183.6
213.58,462.4,3771.6,1232.8,1210.5,1185.9
213.58,462.4,3765.1,1245.0,1211.3,1197.4
213.58,462.4,3789.8,1248.6,1181.5,1236.7
213.58,462.4,3775.4,1269.3,1248.5,1128.9
213.58,462.4,3780.9,1296.6,1183.4,1178.1
213.59,462.41,3808.9,1232.7,1195.4,1242.2
213.59,462.41,3810.2,1204.4,1216.9,1267.9
213.59,462.42,3806.4,1213.7,1196.6,1260.4
213.59,462.42,3810.1,1191.6,1303.3,1191.2
213.59,462.42,3835.8,1228.4,1243.8,1235.6
213.59,462.42,3835.1,1210.5,1274.7,1213.8
213.59,462.42,3825.0,1223.7,1193.1,1261.4
213.59,462.43,3833.8,1257.9,1261.1,1193.6
213.59,462.44,3825.4,1185.2,1240.4,1276.0
213.59,462.44,3819.8,1229.8,1209.0,1259.8
213.59,462.45,3845.3,1219.3,1284.2,1165.4
213.59,462.46,3839.2,1229.9,1272.1,1213.6
213.59,462.47,3839.1,1187.7,1275.8,1247.3
213.6,462.47,3860.4,1178.4,1317.7,1246.9
213.6,462.47,3864.7,1149.6,1201.3,1343.7
213.6,462.49,3877.5,1356.0,1234.2,1157.9
213.6,462.49,3893.0,1266.0,1233.2,1235.4
213.6,462.49,3901.6,1251.3,1313.9,1190.8
213.6,462.5,3893.1,1195.9,1307.7,1266.1
213.6,462.5,3900.3,1219.7,1314.9,1226.9
213.6,462.5,3902.4,1268.8,1248.4,1226.3
213.6,462.51,3894.6,1219.0,1318.9,1224.4
213.6,462.51,3909.2,1264.0,1287.3,1225.1
213.6,462.51,3906.4,1178.3,1343.4,1212.7
213.6,462.52,3895.3,1220.4,1280.6,1276.5
213.6,462.52,3903.3,1223.7,1278.3,1272.2
213.61,462.52,3905.1,1317.2,1246.1,1225.0
213.61,462.53,3903.2,1259.8,1291.6,1220.9
213.61,462.53,3911.5,1302.1,1269.5,1203.0
213.61,462.53,3948.2,1189.3,1274.5,1321.0
213.61,462.53,3930.3,1180.2,1225.8,1382.2
213.61,462.54,3924.5,1255.2,1314.1,1216.8
213.61,462.55,3934.9,1271.6,1262.0,1254.4
213.61,462.55,3915.1,1260.8,1296.7,1246.9
213.61,462.55,3924.0,1335.0,1298.4,1163.9
213.61,462.56,3941.1,1178.0,1275.9,1339.9
213.61,462.57,3919.3,1248.0,1296.6,1236.6
213.61,462.57,3933.0,1247.9,1278.2,1264.3
213.61,462.58,3933.9,1272.3,1253.1,1280.8
213.61,462.58,3943.1,1304.0,1228.0,1259.0
213.62,462.58,3948.8,1218.3,1345.1,1251.7
213.62,462.58,3956.1,1196.4,1250.4,1355.0
213.62,462.58,3976.9,1303.4,1303.4,1239.1
213.62,462.59,3963.8,1317.9,1288.7,1234.0
213.62,462.6,3949.7,1201.7,1346.6,1259.9
213.62,462.6,3938.5,1299.0,1232.3,1278.4
213.62,462.6,3941.5,1220.9,1299.8,1309.1
213.63,462.6,3949.8,1358.0,1269.6,1218.1
213.63,462.6,3966.3,1241.7,1261.7,1326.6
213.63,462.6,3968.6,1177.2,1401.8,1268.8
213.63,462.61,3971.2,1244.4,1319.0,1282.0
213.63,462.61,3985.9,1236.0,1292.3,1329.8
213.63,462.62,3960.6,1302.4,1295.5,1252.7
213.64,462.63,3985.8,1237.4,1291.6,1331.4
213.64,462.64,3993.7,1383.2,1269.9,1207.9
213.64,462.64,3976.0,1324.3,1287.1,1236.8
213.64,462.64,3993.4,1270.5,1331.3,1266.6
213.64,462.65,4032.0,1269.1,1288.4,1331.8
213.64,462.65,4010.9,1314.3,1306.0,1268.4
213.64,462.65,4035.8,1293.9,1268.2,1324.5
213.64,462.65,4041.7,1307.4,1293.1,1272.0
213.64,462.66,4038.2,1293.5,1307.1,1285.4
213.64,462.67,4022.4,1296.8,1382.8,1208.4
213.64,462.67,4031.4,1291.1,1356.1,1248.5
213.65,462.68,4036.6,1284.6,1240.6,1379.7
213.65,462.68,4041.5,1341.5,1328.9,1254.7
213.65,462.69,4041.0,1310.6,1323.9,1274.8
213.65,462.69,4039.0,1244.2,1388.7,1294.4
213.65,462.7,4046.9,1350.7,1303.7,1284.6
213.65,462.7,4054.9,1290.0,1352.5,1277.5
213.66,462.71,4053.2,1283.1,1339.6,1321.7
213.66,462.71,4066.2,1308.3,1322.3,1264.3
213.66,462.72,4057.6,1298.1,1283.9,1348.8
213.66,462.72,4075.7,1291.1,1346.4,1287.9
213.66,462.73,4071.2,1245.1,1301.4,1375.3
213.66,462.73,4078.2,1314.2,1310.7,1323.2
213.66,462.75,4061.8,1315.7,1311.0,1305.9
213.66,462.75,4053.8,1324.4,1295.6,1320.8
213.67,462.75,4057.3,1249.6,1394.1,1301.4
213.67,462.76,4070.4,1365.4,1305.4,1252.6
213.67,462.76,4083.6,1353.7,1347.3,1261.4
213.67,462.76,4089.7,1345.0,1293.0,1314.1
213.67,462.76,4096.4,1302.9,1366.1,1307.7
213.67,462.77,4089.0,1257.5,1312.3,1369.7
213.67,462.77,4091.0,1313.9,1237.3,1397.7
213.67,462.78,4096.0,1261.9,1372.0,1335.2
213.67,462.78,4094.9,1301.7,1299.8,1368.7
213.67,462.78,4102.6,1352.6,1316.7,1299.3
213.67,462.8,4103.4,1255.3,1362.2,1364.8
213.67,462.8,4110.2,1288.1,1338.8,1343.2
213.67,462.8,4107.6,1312.4,1366.0,1285.2
213.67,462.8,4120.8,1339.1,1248.9,1375.8
213.67,462.81,4113.5,1294.4,1320.1,1360.9
213.68,462.81,4113.4,1341.6,1347.2,1297.7
213.68,462.81,4124.4,1414.7,1315.3,1257.0
213.68,462.82,4108.4,1308.4,1359.2,1289.8
213.68,462.82,4130.4,1305.2,1330.3,1352.3
213.68,462.82,4111.3,1302.3,1341.5,1353.9
213.68,462.83,4125.8,1375.2,1316.8,1296.6
213.68,462.83,4122.8,1322.0,1349.6,1322.4
213.68,462.83,4107.0,1310.9,1337.2,1359.7
213.68,462.84,4136.5,1343.8,1353.3,1294.5
213.68,462.85,4123.1,1354.6,1340.0,1283.3
213.68,462.85,4126.9,1349.1,1376.3,1250.5
213.69,462.85,4129.6,1200.9,1404.5,1366.3
213.69,462.86,4128.7,1326.5,1394.6,1290.8
213.69,462.86,4138.8,1425.8,1281.9,1280.5
213.69,462.86,4139.3,1304.3,1336.8,1347.4
213.69,462.88,4158.5,1317.3,1337.7,1354.0
213.69,462.88,4154.6,1349.1,1337.6,1311.3
213.69,462.89,4139.6,1387.8,1407.2,1213.0
213.69,462.9,4157.7,1336.7,1293.8,1379.8
213.69,462.9,4148.3,1296.2,1323.9,1382.8
213.69,462.91,4155.6,1369.6,1347.8,1296.6
213.7,462.92,4153.7,1356.5,1363.0,1311.6
213.7,462.92,4180.7,1298.0,1342.7,1370.6
213.7,462.92,4154.1,1353.5,1337.7,1335.4
213.7,462.92,4178.0,1392.1,1327.1,1314.7
213.7,462.93,4187.3,1368.6,1295.6,1391.4
213.7,462.93,4177.0,1383.5,1352.3,1297.0
213.7,462.93,4173.5,1311.0,1330.1,1421.9
213.7,462.93,4173.0,1349.4,1377.7,1317.9
213.7,462.94,4195.9,1305.6,1370.7,1378.9
213.7,462.94,4187.7,1403.1,1340.3,1309.7
213.7,462.94,4199.5,1348.2,1400.9,1298.7
213.7,462.94,4190.8,1307.8,1395.3,1352.0
213.7,462.95,4204.5,1343.6,1394.4,1332.7
213.7,462.95,4204.2,1335.0,1379.3,1339.5
213.7,462.96,4225.6,1302.3,1359.5,1406.0
213.7,462.96,4233.4,1427.6,1346.5,1309.9
213.71,462.96,4231.5,1366.3,1349.3,1391.3
213.71,462.97,4233.5,1391.4,1367.9,1314.5
213.71,462.98,4239.3,1329.4,1364.1,1382.1
213.71,462.98,4210.5,1347.9,1352.0,1369.5
213.71,462.98,4242.6,1300.6,1440.1,1343.8
213.71,462.99,4241.5,1359.2,1309.9,1430.5
213.71,462.99,4244.7,1300.7,1348.3,1457.7
213.71,462.99,4243.9,1328.1,1308.6,1444.3
213.71,462.99,4242.5,1343.7,1385.3,1380.8
213.71,462.99,4248.3,1438.0,1351.6,1305.4
213.71,462.99,4241.7,1338.9,1399.2,1363.0
213.71,463.0,4239.6,1390.2,1271.6,1404.9
213.72,463.0,4256.9,1329.5,1387.7,1400.0
213.72,463.0,4253.1,1296.3,1399.1,1426.3
213.72,463.0,4269.2,1313.6,1371.5,1439.0
213.72,463.0,4258.1,1343.6,1424.5,1326.4
213.72,463.0,4256.6,1299.2,1413.5,1399.0
213.72,463.0,4262.2,1339.1,1403.6,1370.0
213.72,463.0,4271.0,1379.0,1404.5,1353.4
213.73,463.0,4270.0,1319.0,1434.0,1367.6
213.73,463.01,4262.5,1303.1,1476.3,1330.8
213.73,463.01,4269.2,1281.4,1517.1,1321.5
213.73,463.01,4294.2,1357.5,1369.2,1379.1
213.73,463.01,4279.3,1398.9,1370.7,1373.5
213.73,463.01,4284.7,1424.5,1400.6,1307.7
213.73,463.02,4281.6,1370.0,1417.7,1367.0
213.73,463.02,4314.6,1393.2,1356.0,1407.6
213.73,463.03,4315.9,1361.3,1397.1,1392.9
213.73,463.03,4313.3,1405.2,1404.2,1342.5
213.73,463.04,4315.7,1368.8,1372.3,1421.8
213.73,463.04,4338.3,1457.5,1344.1,1383.9
213.74,463.04,4317.9,1427.8,1360.1,1399.9
213.74,463.06,4332.1,1368.0,1405.1,1415.7
213.74,463.07,4322.6,1434.6,1385.9,1367.6
213.74,463.08,4334.1,1421.7,1391.8,1357.0
213.74,463.08,4340.1,1324.1,1427.6,1437.4
213.74,463.09,4348.9,1474.8,1390.3,1335.5
213.74,463.09,4353.1,1396.6,1428.0,1367.8
213.75,463.09,4371.2,1324.1,1407.6,1483.6
213.75,463.1,4367.0,1384.9,1421.0,1421.2
213.75,463.1,4367.3,1459.6,1446.5,1306.5
213.75,463.1,4362.0,1412.5,1364.1,1431.2
213.76,463.1,4362.9,1394.1,1394.5,1459.1
213.76,463.1,4372.7,1428.5,1388.6,1415.2
213.76,463.1,4367.5,1359.8,1472.1,1385.1
213.76,463.11,4363.9,1385.9,1398.5,1431.4
213.76,463.11,4368.4,1439.3,1391.0,1402.3
213.77,463.11,4380.2,1334.2,1460.5,1435.7
213.77,463.12,4378.3,1392.2,1332.3,1526.9
213.77,463.12,4386.5,1441.1,1428.4,1368.2
213.77,463.12,4405.2,1439.0,1396.5,1424.4
213.78,463.13,4410.0,1483.4,1400.5,1398.5
213.78,463.13,4411.7,1451.7,1362.7,1441.7
213.78,463.13,4421.4,1416.7,1406.3,1441.6
213.78,463.14,4407.5,1413.6,1435.7,1402.1
213.78,463.14,4399.3,1352.2,1495.2,1435.3
213.78,463.15,4414.5,1403.3,1426.8,1423.8
213.78,463.15,4426.0,1393.3,1411.9,1486.8
213.78,463.15,4400.6,1409.3,1475.1,1386.1
213.78,463.16,4427.0,1402.6,1473.7,1398.2
213.78,463.17,4422.7,1479.8,1447.2,1370.6
213.78,463.17,4447.1,1434.3,1456.6,1369.2
213.78,463.17,4426.2,1441.7,1425.1,1404.7
213.78,463.18,4435.4,1416.7,1406.1,1483.0
213.78,463.18,4448.2,1469.6,1404.8,1428.5
213.79,463.19,4429.7,1383.2,1393.2,1526.8
213.79,463.2,4431.6,1405.6,1478.9,1407.8
213.79,463.2,4429.4,1418.7,1470.0,1377.0
213.79,463.2,4444.1,1503.2,1382.1,1391.5
213.79,463.2,4452.2,1385.4,1482.6,1418.2
213.79,463.2,4450.5,1368.7,1409.9,1524.8
213.79,463.2,4459.2,1496.4,1425.3,1387.3
213.8,463.2,4443.5,1408.0,1382.6,1486.5
213.8,463.21,4483.0,1490.8,1510.0,1338.5
213.8,463.22,4464.1,1364.7,1458.1,1483.1
213.8,463.22,4465.6,1363.1,1440.6,1538.6
213.8,463.22,4475.4,1417.3,1468.6,1438.8
213.8,463.23,4492.4,1481.7,1393.9,1460.9
213.8,463.23,4462.3,1424.1,1427.9,1457.7
213.8,463.24,4483.5,1495.4,1426.9,1407.7
213.8,463.24,4477.9,1407.4,1509.3,1423.7
213.8,463.24,4489.4,1350.6,1408.6,1581.1
213.8,463.24,4493.5,1429.0,1472.3,1432.7
213.8,463.24,4481.9,1524.7,1431.8,1386.9
213.8,463.25,4499.8,1384.8,1465.2,1514.6
213.81,463.26,4507.9,1491.2,1495.0,1347.3
213.81,463.26,4494.7,1516.4,1402.3,1419.2
213.81,463.26,4495.8,1405.8,1522.6,1452.0
213.81,463.27,4500.5,1514.4,1432.2,1403.7
213.81,463.28,4507.4,1440.9,1443.9,1467.8
213.81,463.28,4513.0,1434.4,1427.3,1494.4
213.81,463.28,4497.1,1482.8,1413.0,1489.1
213.81,463.28,4513.1,1416.1,1497.5,1460.0
213.81,463.28,4510.5,1445.2,1460.3,1460.0
213.82,463.28,4507.0,1439.6,1460.2,1462.3
213.82,463.29,4508.8,1435.4,1431.3,1519.8
213.82,463.3,4534.2,1449.2,1516.2,1409.8
213.82,463.3,4523.6,1416.2,1431.8,1517.3
213.82,463.3,4555.1,1539.5,1409.3,1451.3
213.82,463.3,4546.2,1487.3,1378.6,1538.4
213.82,463.3,4547.8,1517.0,1444.3,1414.1
213.82,463.31,4568.2,1477.8,1444.0,1475.7
213.82,463.31,4567.3,1494.3,1450.8,1460.1
213.83,463.31,4582.2,1406.7,1467.9,1547.3
213.83,463.32,4580.3,1454.6,1461.0,1527.2
213.83,463.32,4586.3,1494.9,1459.7,1500.5
213.83,463.33,4583.4,1436.0,1520.2,1459.6
213.83,463.33,4579.8,1494.9,1449.9,1497.8
213.83,463.34,4578.8,1391.0,1461.5,1584.4
213.83,463.35,4584.1,1427.5,1489.0,1497.3
213.84,463.35,4587.8,1530.8,1429.2,1462.6
213.84,463.36,4610.2,1409.5,1650.9,1394.8
213.84,463.36,4622.8,1504.1,1463.3,1487.4
213.84,463.36,4625.2,1394.3,1527.1,1551.5
213.84,463.37,4629.2,1497.8,1455.5,1525.6
213.84,463.37,4618.9,1477.5,1517.4,1474.1
213.84,463.38,4635.7,1539.5,1498.6,1438.2
213.84,463.38,4636.1,1523.9,1529.2,1409.4
213.84,463.38,4641.0,1391.1,1481.7,1600.1
213.85,463.39,4638.3,1486.6,1501.0,1488.0
213.85,463.39,4666.2,1365.1,1543.7,1604.9
213.85,463.4,4660.3,1493.0,1563.6,1445.7
213.85,463.4,4648.5,1471.8,1518.8,1536.6
213.85,463.4,4666.7,1477.4,1507.2,1536.2
213.85,463.41,4684.8,1574.4,1457.4,1510.0
213.85,463.41,4697.7,1470.0,1468.1,1567.9
213.85,463.42,4678.3,1531.2,1500.5,1505.1
213.85,463.42,4690.7,1560.9,1533.4,1440.4
213.85,463.42,4693.1,1497.8,1447.3,1574.1
213.86,463.42,4692.4,1547.8,1505.4,1486.9
213.86,463.44,1563.1,528.5,507.3,487.1
213.86,463.44,1745.7,546.4,546.6,584.5
213.86,463.45,1848.7,601.5,593.8,590.5
213.86,463.45,1860.6,628.1,567.7,598.0
213.86,463.46,2628.5,825.0,834.6,855.8
213.86,463.46,3117.6,993.0,1016.3,1006.9
213.86,463.46,1175.9,356.6,384.4,398.9
213.87,463.47,1214.3,382.0,392.0,407.6
213.87,463.47,1240.8,390.8,380.0,426.2
213.87,463.48,1240.3,403.7,402.1,386.5
213.87,463.48,1269.9,403.3,428.2,396.6
213.87,463.48,1286.6,388.1,416.5,443.4
213.87,463.48,1312.0,423.3,417.9,423.2
213.87,463.49,1333.2,420.3,435.1,423.0
213.87,463.5,1350.5,435.0,438.4,421.9
213.87,463.5,1361.0,434.3,427.7,451.0
213.87,463.5,1402.6,445.1,456.1,443.1
213.87,463.5,1414.1,454.2,452.1,457.3
213.88,463.5,1410.6,442.7,447.9,487.8
213.88,463.51,1447.2,483.9,478.2,443.7
213.88,463.51,1493.3,509.8,473.2,462.5
213.88,463.51,1508.6,495.0,495.2,451.5
213.89,463.52,1512.2,499.8,512.9,447.3
213.89,463.53,1521.6,497.9,499.3,481.9
213.89,463.53,1532.5,484.2,496.5,496.3
213.89,463.53,1558.9,500.0,495.5,509.2
213.89,463.54,1556.8,504.8,494.4,505.6
213.89,463.54,1573.2,498.1,509.3,510.7
213.89,463.54,1578.3,514.2,495.5,513.3
213.89,463.56,1598.7,517.0,519.6,510.5
213.89,463.57,1620.0,549.5,517.4,493.8
213.89,463.57,1610.7,521.3,509.0,522.6
213.89,463.57,1638.7,527.4,536.1,506.2
213.89,463.57,1632.3,506.7,524.8,547.2
213.9,463.57,1617.0,485.6,557.2,517.8
213.9,463.57,1627.2,491.2,527.0,554.6
213.9,463.58,1667.5,536.7,531.5,524.4
213.9,463.59,1657.1,519.2,520.4,557.9
213.9,463.59,1647.9,531.1,502.0,562.7
213.9,463.59,1658.7,526.7,551.1,537.8
213.9,463.59,1658.9,543.5,521.7,545.4
213.9,463.6,1673.2,537.4,543.4,538.7
213.9,463.6,1679.6,580.9,552.7,489.5
213.9,463.6,1667.3,539.0,553.6,530.0
213.9,463.6,1684.4,566.3,517.0,545.9
213.9,463.61,1708.9,551.3,552.1,555.2
213.9,463.61,1719.7,531.8,606.1,538.1
213.9,463.62,1721.6,551.2,568.7,553.0
213.91,463.62,1733.9,537.5,558.1,572.2
213.91,463.62,1745.6,581.9,547.5,554.7
213.91,463.63,1749.6,526.3,556.2,595.8
213.91,463.63,1774.7,575.0,554.1,589.7
213.91,463.63,1782.8,585.0,559.1,569.9
213.91,463.63,1758.8,544.9,584.6,586.4
213.91,463.64,1777.3,575.1,562.3,581.5
213.91,463.65,1770.7,576.1,567.5,572.7
213.92,463.65,1789.0,603.0,551.2,564.6
213.92,463.65,1788.1,607.6,564.6,541.1
213.92,463.65,1798.3,573.1,589.5,564.3
213.92,463.66,1774.7,584.5,564.3,562.7
213.92,463.66,1787.0,581.5,546.3,602.4
213.92,463.66,1789.5,570.3,581.2,579.4
213.92,463.67,1786.3,593.9,551.6,584.8
213.92,463.67,1800.2,592.4,580.5,558.7
213.92,463.67,1791.2,600.2,575.7,567.2
213.92,463.67,1822.7,584.8,573.7,586.1
213.92,463.67,1796.0,588.3,577.3,584.1
213.93,463.68,1818.2,593.9,576.8,585.8
213.93,463.69,1794.7,602.6,554.2,573.7
213.93,463.7,1836.8,566.2,597.0,599.6
213.93,463.7,1839.8,576.0,568.8,629.7
213.93,463.7,1830.2,623.0,610.2,540.2
213.93,463.7,1849.8,593.4,621.8,570.8
213.93,463.7,1845.4,580.0,588.7,619.4
213.93,463.71,1859.4,603.0,588.6,598.4
213.93,463.73,1854.8,591.3,600.3,588.1
213.93,463.73,1850.2,588.3,583.7,615.2
213.93,463.73,1885.6,607.7,600.8,614.0
213.94,463.73,1875.7,608.1,604.2,609.5
213.94,463.73,1887.7,585.6,638.8,575.6
213.94,463.74,1877.8,613.5,612.9,583.6
213.94,463.74,1905.2,584.5,599.5,634.6
213.94,463.74,1908.0,606.5,634.8,590.7
213.94,463.75,1926.1,603.6,601.7,645.7
213.94,463.76,1922.5,599.3,653.7,604.2
213.94,463.76,1930.8,636.9,632.6,600.3
213.95,463.76,1919.2,623.0,630.0,608.9
213.95,463.76,1927.9,596.3,617.6,632.9
213.95,463.77,1926.6,693.7,608.3,559.5
213.95,463.77,1936.2,613.7,610.1,653.1
213.95,463.78,1952.5,637.4,630.2,618.7
213.95,463.79,1972.1,655.0,610.5,626.3
213.95,463.79,1958.7,624.0,631.7,650.3
213.95,463.79,1981.3,637.1,628.3,658.2
213.95,463.79,1981.2,635.5,639.6,640.6
213.95,463.8,1971.5,643.5,654.1,628.4
213.95,463.8,1994.5,670.9,619.8,645.4
213.96,463.81,2005.1,611.7,639.2,672.4
213.96,463.81,2004.6,616.7,631.8,704.3
213.96,463.81,2026.1,634.0,639.5,678.7
213.96,463.82,2026.2,657.2,632.5,653.8
213.96,463.82,2043.1,652.4,658.0,650.3
213.96,463.82,2079.1,631.1,698.4,663.4
213.96,463.82,2055.6,664.8,691.0,647.5
213.96,463.83,2096.4,673.8,679.2,654.1
213.96,463.84,2076.1,653.9,689.5,679.5
213.96,463.84,2100.5,651.9,712.9,655.7
213.96,463.84,2096.6,675.2,680.4,668.3
213.96,463.84,2103.4,660.5,669.2,696.8
213.96,463.85,2115.5,693.4,720.4,624.1
213.97,463.85,2112.9,699.3,658.0,693.4
213.97,463.85,2154.6,691.2,693.9,695.0
213.97,463.85,2182.0,690.4,700.0,703.4
213.97,463.86,2173.4,673.1,693.2,720.6
213.97,463.86,2200.3,730.7,678.3,702.6
213.97,463.87,2197.1,721.6,710.4,687.9
213.97,463.88,2215.2,718.0,703.5,703.2
213.97,463.88,2219.5,732.6,715.0,689.5
213.98,463.88,2225.7,712.9,710.1,711.3
213.98,463.89,2232.6,756.9,700.7,697.3
213.98,463.89,2223.6,688.3,724.3,737.8
213.98,463.89,2220.4,715.0,711.3,732.5
213.98,463.9,2226.8,697.4,750.6,699.6
213.98,463.9,2251.2,694.9,761.1,719.7
213.98,463.9,2244.7,689.5,723.0,740.8
213.98,463.9,2236.3,724.1,738.9,716.6
213.99,463.9,2255.4,702.5,731.0,737.5
213.99,463.91,2280.6,756.1,720.4,729.4
213.99,463.92,2272.3,755.9,726.6,701.4
213.99,463.92,2286.4,723.8,743.3,745.6
213.99,463.93,2293.9,735.7,735.2,753.8
213.99,463.93,2321.7,732.3,764.6,740.5
213.99,463.94,2324.5,738.8,746.5,748.6
213.99,463.94,2330.8,753.8,742.4,747.8
213.99,463.94,2357.4,729.2,769.8,771.2
213.99,463.94,2343.2,746.8,733.6,772.5
213.99,463.94,2365.3,765.1,800.3,736.2
213.99,463.94,2383.1,761.9,759.2,762.6
213.99,463.95,2353.0,724.1,781.4,784.4
213.99,463.95,2374.2,775.6,784.6,717.6
213.99,463.95,2386.7,762.3,790.4,743.6
213.99,463.95,2405.5,773.4,806.7,750.8
213.99,463.96,2419.5,734.4,807.6,797.1
213.99,463.96,2405.4,741.3,812.7,782.8
213.99,463.97,2406.0,802.7,751.0,780.0
213.99,463.97,2438.5,773.3,795.9,785.1
214.0,463.98,2481.1,794.2,797.6,796.0
214.0,463.98,2524.6,809.5,818.2,815.7
214.0,463.98,2528.4,724.1,817.2,894.5
214.0,463.98,2543.0,849.8,801.4,816.1
214.0,463.98,2544.5,822.0,850.8,770.2
214.0,463.99,2568.2,815.0,845.7,813.0
214.0,463.99,2549.2,843.0,852.0,767.3
214.0,463.99,2565.1,829.4,822.9,828.2
214.0,464.0,2571.1,807.9,849.2,837.2
214.0,464.0,2584.8,841.8,843.8,824.7
214.0,464.0,2590.4,868.2,815.7,820.0
214.0,464.01,2614.3,863.9,827.4,832.9
214.0,464.01,2624.8,813.0,903.8,819.1
214.0,464.01,2611.6,851.1,817.9,860.7
214.0,464.01,2607.3,813.6,820.5,897.4
214.0,464.02,2600.8,830.4,852.1,846.9
214.0,464.03,2618.2,941.0,807.5,776.6
214.01,464.04,2618.6,883.2,829.6,806.5
214.01,464.04,2619.3,853.3,855.0,816.4
214.01,464.04,2630.8,826.1,833.0,872.5
214.01,464.05,2620.4,875.6,824.0,834.3
214.01,464.05,2632.7,820.2,880.8,842.6
214.01,464.06,2661.1,851.7,865.4,856.7
214.01,464.06,2654.1,823.7,838.9,922.4
214.01,464.06,2663.2,851.6,831.0,882.9
214.01,464.06,2685.9,888.0,862.8,847.5
214.01,464.07,2712.0,827.7,885.0,902.0
214.02,464.07,2764.8,919.3,884.5,870.2
214.02,464.07,2785.5,889.6,904.6,907.4
214.02,464.07,2821.9,900.8,958.1,853.5
214.02,464.08,2796.0,890.7,912.4,905.3
214.02,464.08,2808.6,879.5,898.6,935.6
214.02,464.08,2809.9,995.7,921.6,814.7
214.02,464.08,2819.3,935.7,902.4,883.6
214.02,464.09,2913.6,959.0,920.1,925.9
214.03,464.1,2969.9,968.7,989.2,917.6
214.03,464.1,2987.5,938.0,988.6,963.8
214.03,464.1,2987.5,938.8,956.5,991.5
214.03,464.1,2983.3,973.9,946.0,984.0
214.03,464.11,2997.2,981.5,981.4,931.0
214.03,464.12,3002.6,929.1,944.1,1038.8
214.03,464.12,3015.9,925.7,962.7,1048.3
214.03,464.12,3048.9,973.1,1027.6,938.6
214.03,464.12,3068.8,949.8,1020.9,982.7
214.04,464.13,3060.7,961.5,980.7,1022.4
214.04,464.13,3041.7,984.1,991.1,981.9
214.04,464.14,3077.1,1017.1,975.7,993.6
214.04,464.14,3084.5,967.4,1009.6,985.8
214.04,464.15,3080.9,984.4,1010.7,961.9
214.04,464.15,3084.6,1015.0,978.4,978.4
214.04,464.15,3150.5,983.8,1004.7,1067.0
214.04,464.15,3143.3,976.9,1052.1,1010.9
214.05,464.16,3152.4,1042.1,1042.2,951.9
214.05,464.16,3222.2,1054.3,1018.1,1033.8
214.05,464.16,3443.7,1092.4,1110.7,1145.4
214.05,464.17,3522.8,1090.6,1267.4,1069.4
214.05,464.17,3536.0,1102.1,1257.1,1083.0
214.05,464.18,953.7,306.5,322.6,297.3
214.05,464.19,1050.1,352.0,335.5,329.6
214.05,464.19,1059.9,351.6,331.2,342.9
214.05,464.2,1161.0,366.3,386.1,362.7
214.05,464.2,1256.2,391.6,413.3,400.9
214.05,464.2,1248.2,381.6,401.8,430.8
214.05,464.2,1298.0,415.7,410.9,430.0
214.05,464.2,1323.4,414.3,417.1,435.2
214.05,464.2,1388.5,450.0,442.9,449.7
214.05,464.2,1418.7,479.9,429.8,462.3
214.05,464.2,1428.4,463.6,477.8,433.3
214.06,464.2,1482.8,478.4,482.5,467.5
214.06,464.21,1471.4,482.6,496.8,451.3
214.06,464.21,1491.1,466.4,493.7,484.2
214.06,464.21,1511.8,472.7,480.1,481.6
214.06,464.21,1502.6,487.7,492.6,465.6
214.06,464.21,1526.2,502.9,491.1,483.6
214.06,464.23,1555.2,492.7,534.4,479.5
214.06,464.23,1553.4,501.9,508.4,485.0
214.06,464.23,1564.0,539.2,506.8,459.8
214.06,464.23,1571.0,522.3,500.3,491.6
214.06,464.24,1579.9,524.5,502.6,501.3
214.06,464.24,1589.7,502.2,506.1,537.0
214.07,464.24,1605.5,518.9,540.0,498.0
214.07,464.25,1628.5,485.4,525.1,549.0
214.07,464.25,1649.7,532.5,534.4,511.4
214.07,464.26,1647.8,499.8,577.0,528.0
214.08,464.26,1683.1,542.8,544.2,539.1
214.08,464.27,1685.6,541.1,572.7,523.8
214.08,464.27,1700.8,571.7,545.3,530.0
214.08,464.27,1700.0,548.9,561.4,543.5
214.08,464.27,1706.8,535.0,550.4,573.3
214.08,464.28,1733.9,555.3,549.8,553.1
214.08,464.29,1744.9,565.5,561.8,555.8
214.08,464.3,1753.6,537.3,554.7,605.4
214.08,464.3,1757.8,581.0,570.8,551.7
214.08,464.3,1755.7,564.1,546.6,590.7
214.08,464.3,1777.5,554.6,599.6,562.0
214.08,464.3,1789.4,570.7,598.1,560.3
214.08,464.3,1781.1,584.1,589.4,554.2
214.08,464.31,1795.7,559.8,581.2,574.2
214.08,464.32,1786.4,559.7,573.4,583.3
214.09,464.32,1772.0,589.7,584.6,555.4
214.09,464.32,1787.4,588.6,597.6,546.7
214.09,464.33,1809.4,562.9,600.4,590.9
214.09,464.33,1814.6,576.2,598.2,587.4
214.09,464.33,1834.4,601.8,571.3,589.4
214.09,464.33,1825.6,583.9,576.6,605.6
214.09,464.33,1847.4,607.1,578.5,589.2
214.09,464.34,1843.1,548.9,594.2,637.6
214.09,464.34,1846.6,585.5,621.3,577.4
214.09,464.34,1864.3,587.3,598.7,622.4
214.09,464.34,1857.0,637.4,609.5,567.1
214.09,464.36,1879.5,579.9,618.9,621.7
214.09,464.36,1868.8,624.1,572.2,618.8
214.1,464.36,1880.2,622.4,587.3,615.6
214.1,464.36,1884.7,582.3,619.0,616.6
214.1,464.36,1898.0,623.9,626.2,587.1
214.1,464.36,1916.2,625.6,618.7,604.2
214.1,464.36,1912.3,625.9,604.4,618.2
214.1,464.36,1921.2,609.6,629.9,631.7
214.1,464.37,1940.2,641.2,606.1,643.0
214.1,464.37,1947.4,631.2,645.8,609.3
214.1,464.37,1956.6,653.8,608.4,626.9
214.1,464.39,1953.5,641.4,640.8,613.2
214.1,464.39,1957.5,641.6,648.7,605.1
214.1,464.39,1984.2,645.1,639.3,611.3
214.1,464.39,1978.8,625.3,641.9,639.8
214.11,464.4,1979.4,619.3,646.6,639.0
214.11,464.4,2006.3,638.8,652.9,637.8
214.11,464.4,2001.9,619.0,681.8,639.7
214.11,464.4,2037.6,643.5,633.1,696.3
214.11,464.4,2035.2,675.9,654.5,628.9
214.11,464.4,2052.7,680.5,668.0,632.7
214.11,464.4,2052.2,611.3,665.8,710.8
214.11,464.41,2061.8,636.2,633.5,713.6
214.11,464.42,2054.7,630.6,650.3,718.7
214.11,464.42,2058.3,622.3,676.9,687.8
214.11,464.43,2066.1,671.9,646.4,670.1
214.11,464.43,2066.3,649.8,713.8,638.9
214.11,464.43,2112.0,685.6,682.3,652.4
214.12,464.43,2103.3,646.5,665.7,721.9
214.12,464.45,2119.9,669.2,716.2,664.8
214.12,464.45,2116.1,690.6,666.6,698.3
214.12,464.46,2151.5,711.3,704.2,651.3
214.12,464.46,2141.3,711.4,705.2,668.1
214.12,464.47,2147.9,671.9,706.9,703.4
214.12,464.48,2176.8,661.8,720.8,730.9
214.12,464.48,2188.3,711.9,694.1,691.4
214.12,464.49,2203.2,696.5,689.9,720.0
214.12,464.49,2196.8,747.9,709.2,676.5
214.12,464.49,2198.6,758.1,678.7,703.0
214.12,464.5,2206.4,716.7,676.3,737.0
214.13,464.5,2265.9,713.4,749.9,709.5
214.13,464.5,2271.1,715.4,759.5,729.5
214.13,464.51,2319.6,760.7,741.6,733.5
214.13,464.52,2326.7,791.9,720.4,741.9
214.13,464.53,2345.8,749.5,775.6,737.8
214.13,464.53,2346.3,724.3,734.7,801.6
214.13,464.53,2365.0,779.1,769.1,738.8
214.13,464.53,2360.1,799.7,746.7,731.3
214.13,464.53,2379.6,753.7,791.4,770.3
214.13,464.54,2408.7,822.3,789.3,703.2
214.13,464.54,2450.6,778.1,776.6,792.9
214.13,464.55,2438.9,858.6,788.1,730.8
214.13,464.55,2459.2,785.4,812.1,766.8
214.13,464.55,2451.8,825.5,784.2,762.0
214.13,464.55,2449.6,809.7,797.2,785.4
214.13,464.56,2460.3,807.0,777.5,797.0
214.13,464.56,2469.2,802.9,773.9,816.0
214.13,464.56,2463.4,815.6,788.5,801.9
214.13,464.56,2484.7,888.6,802.7,721.5
214.14,464.57,2488.5,781.2,816.7,787.6
214.14,464.57,2499.1,794.0,807.6,797.9
214.14,464.57,2488.8,807.2,771.8,823.8
214.14,464.57,2502.7,821.0,832.4,766.8
214.14,464.58,2501.2,831.9,821.5,765.3
214.14,464.58,2547.6,827.2,819.9,823.8
214.14,464.59,2599.2,860.2,874.6,770.1
214.14,464.59,2611.5,881.4,849.5,792.4
214.14,464.59,2612.6,875.5,845.3,816.9
214.14,464.6,2621.9,811.4,840.4,868.2
214.14,464.6,2649.1,842.1,866.7,871.9
214.15,464.6,2650.5,874.8,830.1,859.0
214.15,464.6,2668.1,861.6,908.0,825.3
214.15,464.6,2682.7,918.4,835.8,837.0
214.15,464.6,2683.8,841.4,897.9,866.6
214.16,464.61,2706.5,829.5,876.8,888.2
214.16,464.61,2718.0,846.3,866.9,905.1
214.16,464.61,2706.0,858.6,908.3,863.5
214.16,464.62,2746.5,883.2,860.9,911.7
214.16,464.62,2817.1,951.3,909.9,841.5
214.16,464.63,2821.5,876.3,868.3,958.9
214.16,464.63,2821.4,853.4,929.9,942.4
214.16,464.63,2878.4,948.3,924.2,892.3
214.16,464.64,2923.2,927.5,886.7,985.6
214.16,464.64,2958.3,961.8,948.2,958.4
214.16,464.65,2997.3,973.7,972.6,943.5
214.16,464.65,3006.7,983.7,960.7,968.2
214.16,464.65,3030.2,960.6,976.2,960.4
214.17,464.65,3046.2,912.1,948.7,1056.0
214.17,464.65,3087.4,944.8,1025.6,1012.3
214.17,464.66,3104.8,967.1,1021.8,1012.2
214.17,464.66,3101.6,964.5,1013.4,1021.5
214.17,464.66,3311.9,1116.0,1011.1,1083.2
214.17,464.67,3325.8,1121.8,1091.8,997.8
214.17,464.67,3414.1,1180.9,1081.2,1029.0
214.17,464.67,3496.2,1183.3,1144.2,1054.8
214.17,464.68,3496.0,1088.4,1190.8,1095.5
214.17,464.68,3569.2,1143.3,1178.3,1117.9
214.18,464.68,3568.9,1146.0,1165.1,1146.5
214.18,464.69,3605.0,1153.9,1204.6,1105.7
214.18,464.7,4186.2,1330.0,1360.2,1331.2
214.18,464.7,1080.4,361.5,339.9,353.8
214.18,464.7,1105.1,377.3,337.4,352.0
214.18,464.7,1269.8,433.6,407.9,393.8
214.18,464.7,1432.6,463.0,463.0,452.3
214.18,464.7,1447.4,467.1,456.2,465.2
214.18,464.7,1506.0,501.3,483.8,468.0
214.18,464.7,1538.2,473.6,494.7,509.5
214.19,464.7,1569.5,520.3,488.2,502.1
214.19,464.71,1582.6,481.3,507.9,537.3
214.19,464.71,1612.7,511.2,518.7,533.5
214.19,464.72,1624.6,517.7,518.6,526.0
214.19,464.73,1616.0,525.5,512.2,529.0
214.19,464.73,1639.4,510.3,535.2,539.0
214.19,464.73,1660.4,508.5,544.4,560.6
214.19,464.73,1691.3,538.9,580.0,516.9
214.19,464.74,1671.2,542.6,551.7,528.7
214.19,464.75,1696.8,570.1,536.8,522.9
214.19,464.76,1738.4,566.7,555.1,556.5
214.19,464.77,1761.0,581.4,575.6,547.9
214.19,464.78,1801.4,536.1,577.0,632.8
214.19,464.78,1815.2,576.6,575.3,593.7
214.2,464.79,1808.2,553.7,615.1,575.1
214.2,464.79,1819.4,598.1,572.0,594.5
214.2,464.79,1833.0,621.5,582.3,561.1
214.2,464.79,1840.4,597.9,581.0,599.1
214.2,464.8,1854.6,595.3,600.3,598.3
214.2,464.8,1872.4,600.0,614.2,593.5
214.2,464.8,1892.5,603.5,601.8,608.2
214.2,464.8,1895.2,589.9,600.5,645.2
214.2,464.8,1912.8,635.8,616.8,589.5
214.2,464.8,1925.2,617.5,635.4,607.0
214.2,464.8,1923.3,631.3,588.6,630.3
214.2,464.8,1943.9,620.6,652.2,621.6
214.21,464.8,1952.0,607.2,615.6,663.9
214.21,464.81,1964.0,684.4,586.5,615.2
214.21,464.82,1960.2,627.3,647.1,606.4
214.21,464.82,1959.3,652.6,637.5,601.4
214.21,464.83,1964.1,616.4,629.9,643.4
214.21,464.83,1961.4,628.3,619.9,656.7
214.21,464.83,1974.9,619.0,643.9,642.7
214.21,464.83,1986.7,619.4,653.8,646.6
214.22,464.83,1978.5,638.3,623.3,647.8
214.22,464.85,1973.9,661.3,639.5,620.0
214.22,464.85,1991.4,655.9,625.1,649.8
214.22,464.85,2004.5,637.5,658.8,658.4
214.22,464.85,2041.2,653.6,692.6,617.4
214.22,464.86,2042.8,655.1,679.3,646.2
214.22,464.86,2053.3,648.8,671.2,660.0
214.22,464.87,2051.1,651.4,658.2,670.6
214.22,464.87,2072.2,625.0,668.1,705.7
214.22,464.87,2067.5,657.9,656.2,681.1
214.23,464.87,2090.4,704.3,651.5,659.5
214.23,464.88,2074.9,669.5,668.4,680.7
214.23,464.88,2101.5,672.6,663.9,689.2
214.23,464.88,2108.7,691.3,667.8,677.0
214.24,464.89,2109.0,667.9,647.0,714.7
214.24,464.89,2107.4,685.3,692.5,654.4
214.24,464.9,2105.4,683.7,675.8,673.1
214.24,464.9,2120.1,650.6,710.3,692.0
214.24,464.9,2132.5,699.3,702.2,660.8
214.24,464.9,2134.5,686.8,701.5,669.0
214.24,464.9,2114.4,696.9,688.2,686.0
214.24,464.9,2144.6,681.1,649.8,729.7
214.24,464.91,2131.9,682.4,695.1,681.1
214.24,464.91,2174.1,711.1,700.9,703.9
214.24,464.91,2197.8,744.9,714.8,678.0
214.24,464.92,2232.3,723.9,727.3,697.0
214.24,464.92,2218.8,737.1,704.2,706.7
214.25,464.92,2228.2,686.6,747.3,717.1
214.25,464.92,2226.9,745.2,694.8,713.6
214.25,464.92,2229.4,703.2,731.0,738.0
214.25,464.93,2260.6,783.5,697.7,723.3
214.25,464.93,2265.7,695.7,736.1,762.4
214.25,464.94,2294.9,724.9,742.7,758.0
214.25,464.94,2314.6,710.0,754.0,771.4
214.25,464.94,2324.0,775.5,735.7,718.5
214.25,464.96,2330.3,712.3,758.8,757.6
214.25,464.96,2333.2,777.0,754.8,732.7
214.26,464.96,2340.5,788.0,766.7,702.3
214.26,464.97,2340.9,834.7,759.6,681.5
214.26,464.97,2369.4,729.3,761.4,770.3
214.26,464.97,2354.2,772.6,768.3,733.5
214.26,464.97,2374.1,753.2,807.2,744.5
214.26,464.98,2394.1,777.1,741.0,784.3
214.26,464.98,2368.1,790.8,786.8,728.2
214.26,464.98,2391.5,782.6,770.3,739.1
214.26,464.99,2384.0,779.4,747.4,788.4
214.26,464.99,2428.5,735.2,757.1,860.4
214.26,464.99,2400.1,777.5,797.6,745.9
214.27,464.99,2426.1,733.5,821.1,783.1
214.27,465.0,2422.9,803.3,778.5,767.8
214.27,465.0,2436.6,791.5,812.5,763.3
214.27,465.0,2501.0,790.8,796.5,821.3
214.27,465.0,2564.3,834.6,818.7,834.0
214.27,465.0,2558.6,839.5,835.4,807.8
214.27,465.0,2621.5,890.4,867.6,761.7
214.27,465.0,2632.2,847.5,872.4,840.8
214.27,465.0,2688.1,834.2,867.4,898.2
214.27,465.01,2687.4,833.1,909.0,852.6
214.27,465.02,2703.4,842.2,912.1,875.2
214.28,465.02,2740.1,844.4,919.1,888.4
214.28,465.02,2728.6,829.9,909.1,899.2
214.28,465.03,2763.0,856.6,859.2,949.7
214.28,465.03,2923.8,995.6,929.9,871.2
214.28,465.03,2941.7,988.2,928.8,927.9
214.28,465.03,2968.2,966.9,947.0,953.5
214.28,465.03,2980.5,957.4,918.9,1006.7
214.29,465.03,2994.7,946.2,979.9,979.1
214.29,465.04,3025.8,991.2,1008.3,936.1
214.29,465.04,3147.4,1031.1,1037.7,967.8
214.29,465.04,3124.3,1003.8,1048.3,987.2
214.29,465.05,3125.3,985.5,974.2,1076.4
214.29,465.05,3161.2,1030.7,992.4,1039.9
214.29,465.05,3224.6,1048.3,1040.4,1046.3
214.29,465.06,3238.4,1055.7,1038.4,1037.1
214.29,465.06,3315.5,1090.6,1114.6,1019.9
214.29,465.06,3396.9,1120.8,1112.3,1060.0
214.29,465.07,3701.7,1190.4,1171.1,1213.2
214.3,465.07,3697.0,1166.3,1193.8,1210.0
214.3,465.08,4612.2,1450.5,1611.6,1413.7
214.3,465.08,1197.0,380.0,384.6,395.7
214.3,465.09,1321.8,412.7,406.6,460.7
214.3,465.09,1435.5,442.4,433.6,504.1
214.3,465.1,1463.5,475.2,468.4,472.1
214.3,465.1,1481.8,489.3,466.9,465.1
214.3,465.1,1526.0,487.7,513.8,483.3
214.3,465.1,1522.2,478.2,500.9,499.6
214.3,465.11,1556.4,491.6,516.3,493.9
214.3,465.11,1578.3,513.8,525.9,492.4
214.3,465.11,1619.1,509.5,501.9,550.0
214.3,465.11,1680.0,552.1,526.1,548.4
214.3,465.11,1676.3,504.9,541.4,579.6
214.3,465.12,1694.5,544.3,536.3,568.0
214.3,465.12,1697.8,542.1,553.3,557.5
214.3,465.12,1714.4,573.0,564.1,519.6
214.3,465.13,1715.7,544.2,580.8,535.5
214.31,465.13,1782.4,563.4,581.5,576.3
214.31,465.14,1778.4,577.1,565.0,561.3
214.31,465.15,1841.6,598.1,589.7,582.7
214.31,465.16,1837.9,593.4,581.9,597.8
214.31,465.16,1844.6,539.3,620.6,610.7
214.31,465.17,1858.0,629.2,577.4,578.4
214.31,465.17,1842.0,600.9,602.4,588.1
214.31,465.17,1849.4,603.2,618.3,577.3
214.31,465.19,1882.3,595.3,599.2,612.2
214.31,465.19,1885.0,595.1,589.1,617.5
214.32,465.2,1901.3,632.9,612.9,600.2
214.32,465.2,1942.6,613.1,606.4,652.9
214.32,465.2,1964.5,633.4,623.2,649.9
214.32,465.2,1992.9,652.0,635.8,630.2
214.32,465.2,2001.2,618.8,659.7,641.1
214.32,465.2,2000.5,636.8,638.4,658.9
214.32,465.2,1984.0,634.0,626.3,662.5
214.32,465.2,1989.7,627.6,634.7,665.2
214.32,465.21,2007.8,641.3,679.9,622.3
214.32,465.21,2008.4,648.5,669.8,639.2
214.32,465.22,2011.9,626.5,657.7,681.1
214.32,465.22,2045.6,663.1,643.6,672.7
214.32,465.22,2046.4,653.6,691.1,632.4
214.32,465.22,2051.9,672.2,647.4,658.2
214.32,465.22,2052.9,646.4,661.8,682.6
214.33,465.23,2085.9,665.0,650.4,693.8
214.33,465.23,2097.7,685.7,680.6,663.2
214.33,465.24,2125.4,678.1,686.0,676.4
214.33,465.24,2151.2,691.0,698.3,701.4
214.33,465.24,2179.9,690.2,729.5,698.2
214.33,465.24,2193.3,767.6,725.3,622.2
214.33,465.25,2216.2,699.2,713.7,711.4
214.33,465.25,2209.8,706.0,730.6,698.6
214.33,465.25,2207.4,737.1,715.6,692.5
214.33,465.26,2217.9,723.5,731.1,686.3
214.33,465.26,2276.9,794.1,713.1,698.7
214.33,465.27,2275.1,722.9,735.1,749.8
214.34,465.27,2298.7,706.2,771.2,742.7
214.34,465.28,2295.1,752.4,737.4,741.7
214.34,465.28,2627.3,904.1,843.3,795.3
214.34,465.28,2739.2,888.3,886.0,865.1
214.34,465.29,2743.7,887.3,915.4,861.5
214.34,465.29,2844.3,887.5,928.1,916.3
214.34,465.3,2834.0,924.6,904.4,917.7
214.34,465.3,2835.7,894.2,942.5,925.5
214.34,465.3,2846.1,876.4,882.6,987.1
214.34,465.3,2963.4,954.6,948.7,958.4
214.34,465.3,2940.7,873.7,956.8,1032.9
214.34,465.3,3124.8,1023.9,1071.6,938.2
214.35,465.31,3248.9,947.4,1048.8,1160.5
214.35,465.31,3290.0,1121.2,1054.4,998.7
214.35,465.32,3568.3,1127.7,1143.9,1196.8
214.35,465.32,3678.4,1178.1,1159.9,1202.5
214.35,465.32,3723.3,1174.8,1220.3,1214.8
214.35,465.33,3777.8,1283.2,1228.2,1166.1
214.35,465.33,3920.2,1214.8,1292.9,1280.6
214.35,465.33,3938.8,1297.3,1201.7,1275.7
214.35,465.34,3922.2,1260.2,1257.1,1248.5
214.35,465.34,1105.5,349.2,343.5,367.9
214.35,465.35,1098.2,352.0,362.3,348.7
214.35,465.35,1178.7,375.2,382.1,380.1
214.35,465.35,1203.9,374.1,392.2,382.0
214.35,465.35,1236.6,408.5,415.7,372.4
214.36,465.36,1241.2,420.9,390.4,399.9
214.36,465.36,1287.3,432.9,406.4,400.5
214.36,465.36,1332.8,411.1,450.4,424.9
214.36,465.36,1360.5,422.3,438.8,458.8
214.36,465.37,1378.0,425.1,485.6,426.2
214.36,465.37,1417.4,467.8,472.9,422.4
214.36,465.37,1445.6,484.5,472.0,443.0
214.36,465.38,1449.8,457.9,480.9,479.7
214.36,465.39,1481.4,485.8,475.4,478.2
214.36,465.39,1488.6,493.4,461.5,481.0
214.36,465.39,1502.9,460.0,479.6,505.1
214.36,465.4,1519.9,467.7,514.4,478.5
214.36,465.4,1520.7,475.3,490.9,507.7
214.37,465.4,1582.7,511.0,522.5,484.9
214.37,465.4,1617.2,512.1,528.2,521.9
214.37,465.4,1701.5,557.8,533.3,546.1
214.37,465.4,1691.0,565.3,529.7,534.3
214.37,465.4,1696.7,536.2,528.9,577.2
214.37,465.4,1730.5,546.6,564.3,546.5
214.37,465.4,1704.8,581.0,550.2,530.4
214.37,465.4,1776.5,570.3,569.6,597.9
214.37,465.4,1814.9,597.2,564.0,591.4
214.37,465.41,1823.0,589.7,581.0,578.2
214.37,465.41,1855.5,557.9,629.5,607.7
214.37,465.41,1872.4,585.8,640.0,592.8
214.37,465.41,1883.2,609.7,624.7,610.7
214.37,465.41,1918.4,608.7,626.7,616.8
214.37,465.42,1970.3,681.9,633.3,586.2
214.37,465.42,2010.4,574.5,689.6,689.6
214.38,465.43,2044.4,661.9,675.7,654.2
214.38,465.43,2055.6,695.0,698.1,604.5
214.38,465.44,2155.9,720.8,675.3,697.6
214.38,465.44,2207.9,664.4,731.2,738.2
214.38,465.44,2214.0,705.1,734.9,699.4
214.38,465.45,2260.9,728.7,725.1,746.9
214.38,465.45,2330.1,716.1,784.0,751.1
214.38,465.45,2336.9,783.2,767.3,699.5
214.38,465.45,2379.2,846.4,748.3,713.8
214.39,465.45,2470.1,803.7,800.3,803.9
214.39,465.46,2526.7,787.8,824.5,850.3
214.39,465.46,2742.4,826.2,860.7,953.5
214.39,465.46,3108.2,1006.9,968.3,1003.0
214.39,465.46,3683.6,1207.1,1175.3,1178.2
214.39,465.47,4024.5,1399.2,1217.5,1270.2
214.39,465.47,1331.7,437.3,418.1,421.7
214.39,465.47,1374.6,435.2,467.3,433.0
214.39,465.48,1379.4,454.1,451.4,434.8
214.39,465.49,1380.8,439.1,455.9,444.5
214.39,465.49,1474.1,464.6,492.5,468.4
214.39,465.5,1473.9,499.2,509.7,433.5
214.39,465.5,1506.0,502.6,472.2,486.4
214.4,465.5,1545.8,517.6,496.3,479.4
214.4,465.5,1547.9,533.1,500.0,469.9
214.4,465.5,1545.7,501.3,520.9,466.5
214.4,465.5,1565.6,500.0,508.4,511.5
214.4,465.5,1565.5,501.3,528.2,493.6
214.4,465.5,1589.0,518.8,501.0,513.8
214.4,465.5,1582.6,514.8,523.5,498.7
214.4,465.51,1607.8,532.3,526.2,480.7
214.4,465.51,1718.4,564.5,549.4,538.5
214.4,465.51,1911.1,604.3,606.1,630.6
214.4,465.52,1909.5,619.4,613.5,615.0
214.4,465.52,1966.4,681.0,638.9,579.7
214.4,465.52,2017.5,683.4,650.4,611.5
214.4,465.53,2029.3,662.1,664.9,636.9
214.4,465.53,2032.9,655.2,660.7,645.0
214.4,465.53,2032.2,690.4,659.9,615.9
214.4,465.53,2086.7,668.4,659.7,682.0
214.4,465.53,2052.2,678.7,674.0,627.1
214.41,465.55,2067.8,699.1,644.4,651.9
214.41,465.55,2068.7,670.7,634.3,686.2
214.41,465.55,2061.1,629.1,665.8,706.1
214.41,465.57,2130.8,672.1,705.7,669.6
214.41,465.57,2120.8,671.3,693.4,686.2
214.41,465.57,2127.7,710.5,631.3,699.1
214.41,465.58,2116.1,680.0,673.2,710.3
214.41,465.58,2187.8,692.0,714.0,706.6
214.41,465.58,2183.1,686.2,724.4,710.6
214.41,465.59,2232.6,719.2,719.3,715.2
214.41,465.59,2227.5,727.6,725.8,696.2
214.42,465.59,2262.6,732.3,704.6,755.9
214.42,465.59,2292.3,740.5,718.8,764.4
214.42,465.6,2383.1,799.3,769.3,748.1
214.42,465.6,2386.3,772.4,752.6,785.4
214.42,465.6,2400.4,792.8,798.5,723.9
214.42,465.6,2430.6,764.0,772.4,835.5
214.42,465.6,2448.2,742.5,770.2,842.2
214.43,465.6,2431.6,764.0,827.5,771.6
214.43,465.6,2472.7,821.3,785.0,779.2
214.43,465.61,2468.9,742.9,809.0,831.8
214.43,465.61,2470.0,783.9,816.2,793.0
214.43,465.61,2511.5,866.7,761.0,802.3
214.43,465.62,2548.1,771.6,842.8,858.5
214.43,465.63,2582.5,818.6,867.0,824.3
214.43,465.63,2668.6,854.4,878.3,853.9
214.43,465.63,2676.3,930.7,894.4,772.7
214.43,465.63,2718.5,875.6,897.7,834.6
214.43,465.64,2730.4,916.3,901.8,831.3
214.43,465.64,2749.1,918.0,860.2,872.1
214.43,465.64,2754.9,874.9,912.6,865.8
214.43,465.65,2759.6,890.9,893.2,873.3
214.43,465.65,2787.8,906.0,885.3,895.6
214.43,465.65,2772.9,900.5,905.9,861.2
214.44,465.66,2842.7,902.6,937.0,901.4
214.44,465.66,2842.9,877.2,910.7,951.2
214.44,465.67,2848.2,880.7,931.2,946.7
214.44,465.68,2858.9,944.8,928.4,881.1
214.44,465.68,2857.6,956.1,900.3,899.0
214.44,465.7,2916.3,962.8,931.2,900.5
214.44,465.7,2929.0,1007.3,965.7,861.2
214.44,465.7,2968.6,930.8,966.5,976.0
214.44,465.7,3081.0,990.0,1009.7,983.0
214.44,465.7,3101.3,1023.8,1002.1,978.1
214.44,465.7,3160.9,988.6,1073.0,988.1
214.44,465.7,3308.7,1048.4,1068.4,1084.0
214.44,465.71,3445.9,1088.2,1144.3,1104.0
214.44,465.72,3431.1,1157.4,1128.0,1059.5
214.45,465.73,3437.0,1115.6,1127.6,1107.2
214.45,465.73,3445.0,1041.1,1165.9,1139.6
214.45,465.74,3481.1,1085.6,1101.0,1185.9
214.45,465.74,3486.8,1154.4,1132.9,1069.9
214.45,465.75,3692.2,1165.0,1246.9,1151.2
214.45,465.75,3688.3,1186.3,1229.8,1172.0
214.45,465.75,4322.5,1385.7,1473.7,1322.6
214.45,465.75,4483.4,1376.8,1433.4,1509.7
214.45,465.76,4511.4,1440.3,1456.9,1459.3
214.45,465.76,4513.8,1466.0,1455.0,1471.0
214.45,465.76,3468.5,1092.1,1140.1,1112.6
214.46,465.76,4090.4,1287.7,1279.7,1399.4
214.46,465.76,4577.3,1493.9,1474.4,1452.6
214.46,465.77,4688.9,1566.5,1487.1,1486.3
214.46,465.77,4695.4,1541.1,1520.3,1469.2
214.46,465.77,5166.3,1659.9,1597.1,1738.7
214.46,465.77,5217.6,1573.0,1737.2,1703.5
214.46,465.78,5898.7,1826.2,1912.1,1965.7
214.46,465.78,5910.8,1800.1,1965.7,1941.1
214.46,465.78,6215.9,1983.2,2065.9,1965.5
214.46,465.78,6522.8,2070.7,2168.4,2072.2
214.46,465.78,6617.0,2080.5,2083.4,2204.6
214.46,465.79,6604.9,2119.3,2208.4,2037.8
214.47,465.79,6663.1,2276.4,2151.1,2028.6
214.47,465.8,6705.6,2048.7,2208.9,2241.8
214.47,465.8,6742.0,2225.6,2118.0,2209.6
214.47,465.8,6806.8,2279.6,2193.8,2145.8
214.47,465.8,7438.5,2397.8,2474.0,2290.3
214.47,465.8,7930.8,2562.5,2682.3,2412.8
214.47,465.8,7589.9,2429.4,2438.8,2476.6
214.47,465.8,8281.1,2756.2,2667.6,2606.2
214.47,465.8,8282.4,2535.5,2753.2,2698.9
214.47,465.81,8963.6,2952.8,2978.4,2751.9
214.47,465.81,9418.8,3013.6,3028.5,3013.1
214.47,465.81,9499.8,2999.5,3105.8,3059.5
214.47,465.82,9587.1,3020.3,3218.4,3055.3
214.47,465.82,10030.6,3111.8,3202.5,3346.7
214.47,465.82,10036.2,3170.7,3225.5,3283.7
214.48,465.82,10935.6,3569.4,3505.6,3476.5
214.48,465.82,10937.3,3626.5,3599.8,3371.9
214.48,465.83,10947.2,3660.4,3575.5,3402.6
214.48,465.83,11597.0,3819.0,3680.2,3692.9
214.48,465.84,11711.5,4123.1,3708.9,3532.4
214.48,465.84,11806.2,3890.5,3718.0,3824.8
214.48,465.85,11887.7,3688.4,3851.9,3954.0
214.48,465.85,12010.9,3519.1,3957.0,4180.4
214.48,465.85,12473.4,3890.3,3947.0,4184.0
214.49,465.86,12632.5,4078.3,4224.4,3929.8
214.49,465.86,12626.0,4260.0,4180.1,3756.1
214.49,465.87,12623.9,4232.7,3912.4,4007.6
214.49,465.87,13394.2,4481.2,4418.7,4064.6
214.49,465.87,14157.2,4078.8,4709.0,4904.9
214.49,465.88,14166.8,4427.6,4487.2,4754.3
214.49,465.88,14171.9,4602.8,4521.5,4619.5
214.49,465.88,14167.4,4427.6,4453.9,4847.2
214.49,465.89,14328.9,4632.8,4441.9,4817.1
214.49,465.89,14316.1,4633.0,4697.2,4561.0
214.49,465.89,14294.8,4455.7,4518.8,4829.1
214.49,465.89,14314.6,4409.1,4461.2,4876.5
214.49,465.9,14578.0,4684.5,4546.6,4930.7
214.5,465.9,17452.0,5793.1,5669.7,5381.6
214.5,465.9,19591.3,6448.0,6280.3,6240.5
214.5,465.9,23840.2,7582.2,7955.5,7557.2
214.5,465.9,23840.3,7712.8,7686.7,7788.5
214.5,465.9,1194.9,413.0,387.9,365.7
214.5,465.9,1201.6,390.4,388.6,386.5
214.5,465.9,1219.5,388.1,395.4,406.1
214.5,465.91,1323.1,419.9,446.3,427.6
214.5,465.91,1329.3,425.1,454.2,419.0
214.5,465.91,1415.0,417.1,486.3,458.6
214.5,465.91,1424.5,431.5,471.2,481.9
214.5,465.92,1430.1,455.6,482.7,462.0
214.5,465.92,1502.4,470.7,483.7,500.1
214.5,465.92,1507.0,476.9,495.8,486.7
214.5,465.92,1543.3,501.8,483.8,512.0
214.5,465.93,1575.3,516.0,504.7,503.3
214.5,465.93,1640.0,490.9,531.1,562.0
214.5,465.94,1642.9,557.4,513.6,526.7
214.5,465.94,1675.7,514.9,534.8,580.5
214.5,465.94,1694.5,540.8,556.2,567.3
214.5,465.94,1728.7,549.3,559.2,558.3
214.51,465.95,1735.6,551.8,546.8,573.4
214.51,465.95,1793.0,564.3,537.2,603.8
214.51,465.96,1776.3,571.1,590.2,567.5
214.51,465.96,1844.1,607.0,597.1,581.6
214.51,465.97,1844.4,568.9,591.6,630.4
214.51,465.97,1866.8,603.2,585.5,614.7
214.51,465.97,1867.5,600.3,595.5,621.8
214.51,465.97,1971.3,655.4,613.7,637.8
214.51,465.97,1968.1,634.1,654.9,619.3
214.51,465.97,1967.2,627.3,671.5,599.2
214.51,465.98,1951.1,646.4,631.9,630.4
214.52,465.98,1995.9,655.6,654.4,624.2
214.52,465.98,2008.6,599.5,632.2,711.9
214.52,465.98,2028.1,672.2,629.9,654.4
214.52,465.98,2019.6,630.0,648.6,681.1
214.52,465.99,2028.7,642.4,675.3,654.4
214.52,465.99,2032.1,675.0,655.1,629.3
214.52,466.0,2082.7,698.1,668.5,647.7
214.52,466.0,2073.3,647.2,669.3,678.9
214.52,466.0,2137.8,673.5,697.7,695.4
214.52,466.0,2162.5,697.6,713.9,670.8
214.52,466.0,2159.2,709.4,711.3,680.0
214.52,466.0,2177.2,694.2,706.5,701.0
214.52,466.0,2188.2,723.0,706.2,686.1
214.52,466.0,2213.8,740.2,690.7,697.9
214.52,466.01,2215.7,773.0,706.8,663.6
214.52,466.01,2254.2,741.8,721.1,701.1
214.52,466.01,2242.1,714.2,719.7,735.1
214.52,466.02,2260.6,719.3,737.6,722.1
214.52,466.02,2248.5,716.3,738.4,722.0
214.53,466.02,2261.5,748.1,687.9,745.2
214.53,466.03,2249.6,755.3,731.2,687.1
214.53,466.03,2273.2,690.7,774.1,741.8
214.53,466.03,2301.1,736.0,781.9,707.8
214.53,466.03,2315.2,742.7,729.5,779.6
214.53,466.04,2337.5,747.0,755.8,732.8
214.53,466.04,2342.5,771.6,757.2,753.5
214.53,466.04,2355.7,742.9,748.6,788.3
214.53,466.05,2358.5,739.3,811.1,734.0
214.53,466.05,2377.6,764.7,802.2,732.3
214.53,466.05,2414.6,805.5,758.2,779.0
214.53,466.05,2441.9,804.3,770.2,786.7
214.53,466.06,2443.5,753.2,814.9,801.6
214.53,466.06,2456.1,762.9,793.9,813.2
214.53,466.06,2486.3,776.2,847.5,781.4
214.53,466.06,2566.2,810.0,868.3,805.8
214.53,466.07,2580.7,780.6,853.2,854.2
214.54,466.07,2588.0,825.0,872.1,813.8
214.54,466.07,2640.9,829.0,924.8,797.5
214.54,466.07,2658.3,907.2,833.4,810.3
214.54,466.08,2677.7,853.1,858.2,865.0
214.54,466.08,2695.0,887.3,834.6,879.5
214.54,466.1,2701.2,877.4,867.2,874.8
214.54,466.1,2723.6,883.2,884.9,873.4
214.54,466.1,2730.1,993.3,851.5,786.8
214.54,466.1,2777.2,879.0,910.9,885.6
214.54,466.1,2759.4,949.1,896.6,836.5
214.54,466.1,2783.8,864.9,895.4,924.2
214.54,466.11,2816.2,923.9,891.2,905.2
214.54,466.12,2841.0,845.1,934.2,975.2
214.54,466.12,2949.7,937.3,949.9,955.4
214.55,466.13,3049.2,1012.5,936.7,1004.1
214.55,466.13,3112.9,1021.2,1014.5,953.5
214.55,466.14,3282.4,1053.2,1048.5,1054.9
214.55,466.15,3255.7,1079.4,1017.9,1056.3
214.55,466.15,3298.3,1090.1,1061.0,1030.4
214.55,466.15,3291.5,1023.5,1069.3,1104.9
214.55,466.15,1094.4,354.0,350.8,359.3
214.55,466.15,1172.6,369.5,359.5,400.2
214.55,466.16,1188.3,374.5,385.7,389.9
214.55,466.16,1196.7,369.7,378.5,405.7
214.55,466.17,1308.9,420.9,436.2,410.5
214.55,466.17,1320.6,419.6,441.8,414.6
214.55,466.17,1342.3,434.5,425.0,447.8
214.55,466.18,1363.1,417.8,458.0,448.2
214.55,466.18,1377.8,465.1,431.4,435.8
214.55,466.18,1424.0,448.5,458.8,473.9
214.55,466.18,1505.7,483.4,493.0,475.3
214.55,466.18,1521.1,474.7,491.6,493.0
214.55,466.18,1569.1,495.7,497.6,517.8
214.55,466.19,1576.7,540.7,488.4,497.0
214.55,466.2,1603.8,502.5,557.4,497.1
214.56,466.2,1610.7,494.7,546.9,516.3
214.56,466.2,1614.7,541.0,527.5,500.8
214.56,466.2,1637.4,510.8,551.3,518.5
214.56,466.2,1620.8,546.5,532.2,506.1
214.56,466.2,1646.3,513.6,546.2,528.7
214.56,466.2,1664.3,516.3,520.3,554.8
214.56,466.2,1663.2,522.8,523.1,555.5
214.56,466.2,1675.0,569.8,548.6,503.5
214.56,466.2,1703.2,592.9,532.5,510.7
214.56,466.21,1679.7,542.9,532.2,559.1
214.57,466.21,1752.4,578.3,545.0,566.0
214.57,466.21,1759.3,554.0,552.2,588.9
214.57,466.21,1756.8,571.9,575.7,556.4
214.57,466.22,1766.9,584.7,572.0,545.7
214.57,466.22,1772.2,566.8,554.6,592.2
214.57,466.22,1806.1,575.8,599.5,559.2
214.57,466.22,1799.9,538.9,600.9,606.9
214.57,466.22,1819.5,588.1,595.2,568.0
214.57,466.23,1820.1,547.6,589.0,631.9
214.57,466.23,1828.4,581.3,616.2,581.7
214.57,466.24,1848.1,596.8,603.6,580.7
214.57,466.24,1840.4,586.0,615.1,578.8
214.57,466.24,1841.2,597.1,595.1,590.8
214.58,466.24,1834.5,617.6,593.7,586.6
214.58,466.24,1873.9,622.2,605.0,577.3
214.58,466.24,1861.0,626.5,601.0,590.5
214.58,466.25,1881.1,618.0,643.3,570.1
214.58,466.26,1909.9,619.1,624.8,586.9
214.58,466.26,1907.9,607.2,615.7,623.7
214.58,466.26,1891.4,650.9,595.6,574.2
214.58,466.26,1913.0,591.7,641.3,611.0
214.58,466.27,1921.5,600.3,617.3,627.7
214.58,466.27,1929.1,629.7,646.7,591.9
214.58,466.27,1921.6,574.5,632.1,658.3
214.58,466.28,1929.1,621.8,623.2,613.4
214.58,466.28,1923.5,625.6,614.8,632.3
214.58,466.28,1928.5,613.4,614.1,642.1
214.59,466.28,1936.7,632.5,595.4,643.1
214.59,466.28,1944.9,622.5,629.1,614.7
214.59,466.28,1930.8,675.4,605.2,591.3
214.59,466.29,1952.5,621.6,648.6,602.2
214.59,466.29,1968.9,640.4,627.8,626.7
214.59,466.3,1975.0,645.0,637.7,618.7
214.59,466.3,1996.7,631.3,660.8,612.3
214.59,466.3,2014.5,607.9,653.6,650.2
214.59,466.3,2002.6,626.8,625.7,678.6
214.59,466.3,2003.4,702.5,624.7,620.4
214.59,466.3,2021.8,711.3,635.5,613.2
214.59,466.3,2022.9,639.6,647.6,655.2
214.59,466.31,2018.8,661.3,670.1,629.0
214.59,466.31,2011.3,632.7,656.9,666.5
214.59,466.32,2011.4,653.2,647.3,671.0
214.59,466.32,2049.6,680.2,655.1,637.3
214.59,466.32,2066.5,702.4,655.5,642.5
214.6,466.33,2106.0,700.7,683.0,661.9
214.6,466.33,2112.6,686.3,679.0,678.8
214.6,466.33,2102.0,679.8,671.8,678.7
214.6,466.33,2128.6,680.1,700.9,665.7
214.6,466.34,2131.0,680.8,702.1,682.1
214.6,466.34,2133.2,684.4,701.7,683.5
214.6,466.34,2138.1,700.1,692.5,672.2
214.6,466.34,2151.6,673.6,724.0,675.0
214.6,466.34,2157.8,668.9,712.0,715.4
214.6,466.34,2176.8,731.2,700.8,671.0
214.6,466.34,2176.0,704.0,716.8,682.1
214.6,466.35,2169.1,702.9,698.0,701.4
214.6,466.36,2188.1,712.8,693.8,708.5
214.6,466.36,2181.7,689.9,698.4,723.4
214.6,466.36,2206.3,720.0,690.5,717.8
214.6,466.37,2207.0,728.0,721.3,685.8
214.6,466.37,2234.5,704.8,721.9,721.8
214.6,466.37,2250.7,715.7,738.1,709.1
214.6,466.37,2237.4,731.0,734.4,703.8
214.6,466.37,2241.2,703.4,727.2,727.0
214.6,466.37,2250.4,768.7,709.5,689.7
214.6,466.38,2261.4,716.3,726.6,742.4
214.6,466.38,2271.6,724.9,714.6,736.1
214.61,466.38,2257.8,751.4,692.5,745.3
214.61,466.39,2277.5,695.5,745.0,753.7
214.61,466.39,2287.2,715.1,731.1,752.1
214.61,466.39,2273.7,753.7,761.0,696.5
214.61,466.39,2289.8,770.0,744.4,694.6
214.61,466.39,2299.8,718.0,782.4,730.6
214.61,466.4,2321.0,793.0,759.7,704.0
214.61,466.4,2327.0,759.3,777.6,716.8
214.61,466.4,2335.2,740.2,763.9,747.2
214.61,466.4,2338.4,737.2,766.0,766.1
214.61,466.4,2348.9,782.4,741.7,741.4
214.62,466.4,2344.6,737.5,739.8,790.7
214.62,466.41,2368.1,744.4,762.9,775.3
214.62,466.41,2364.3,795.6,794.4,702.2
214.62,466.42,2370.5,795.6,746.4,756.3
214.62,466.42,2382.2,763.5,739.3,801.5
214.62,466.42,2411.0,818.6,738.1,769.2
214.62,466.42,2418.0,783.3,791.4,764.8
214.63,466.42,2429.4,811.6,789.7,739.3
214.63,466.43,2417.5,774.7,789.0,779.2
214.63,466.45,2428.7,702.1,785.3,846.2
214.63,466.45,2420.6,747.3,800.7,791.4
214.63,466.46,2425.3,754.7,790.3,811.7
214.63,466.46,2426.1,843.2,759.4,741.7
214.63,466.47,2473.1,817.9,808.7,768.1
214.63,466.47,2486.2,794.8,809.1,803.4
214.63,466.47,2558.7,766.8,802.1,897.8
214.63,466.48,2646.0,846.3,879.2,823.6
214.63,466.48,2628.2,827.4,856.7,854.3
214.63,466.49,2633.6,833.2,895.7,823.5
214.63,466.49,2658.5,852.9,860.7,850.1
214.63,466.49,2640.9,803.6,827.1,925.6
214.63,466.49,2665.0,822.0,852.4,897.2
214.63,466.5,2658.0,821.5,896.9,869.9
214.64,466.5,2688.5,882.7,842.1,845.1
214.64,466.5,2688.1,868.7,868.5,858.5
214.64,466.5,2697.0,858.3,864.5,916.4
214.64,466.5,2728.3,887.7,881.7,866.0
214.64,466.51,2737.3,938.2,877.3,819.5
214.64,466.51,2766.2,846.1,916.7,912.2
214.64,466.51,2808.9,838.8,930.3,941.7
214.64,466.51,2827.4,917.8,883.3,904.0
214.64,466.52,2817.9,876.0,886.9,950.4
214.64,466.53,2805.4,886.0,884.5,961.6
214.64,466.53,2810.2,887.6,929.8,905.3
214.64,466.53,2847.0,950.0,931.1,895.0
214.65,466.54,2934.4,959.5,933.1,947.1
214.65,466.54,2929.8,911.3,975.9,930.8
214.65,466.54,2947.5,956.2,928.1,951.3
214.65,466.55,2933.0,946.5,975.5,932.2
214.65,466.55,2948.0,931.8,945.7,973.9
214.65,466.56,2961.4,923.2,1018.2,915.8
214.65,466.56,2938.6,970.2,933.2,936.6
214.65,466.57,2952.3,948.7,929.3,969.8
214.65,466.57,2964.6,997.8,907.8,967.6
214.66,466.57,2986.0,960.1,957.4,986.0
214.66,466.57,3022.4,990.8,988.9,951.1
214.66,466.57,3032.1,980.3,1018.7,934.8
214.66,466.58,3071.1,877.9,1029.5,1037.5
214.66,466.58,3079.1,996.9,971.9,1010.9
214.66,466.59,3068.0,1012.3,1007.7,958.9
214.66,466.59,3065.1,975.1,1008.9,984.7
214.66,466.59,3160.7,999.6,1045.2,1019.6
214.66,466.59,3202.6,1016.1,1015.7,1063.5
214.66,466.59,3185.9,1021.2,1027.8,1045.9
214.66,466.59,3258.8,1081.7,1054.4,1017.5
214.67,466.6,3274.5,1067.3,1061.9,1041.9
214.67,466.6,3277.7,1063.1,1078.4,1033.0
214.67,466.6,3291.4,1044.8,1058.6,1075.9
214.67,466.6,3293.6,1085.0,1034.5,1066.5
214.67,466.6,3303.7,1011.3,1024.6,1137.8
214.67,466.6,3296.8,1011.9,1116.6,1065.5
214.67,466.6,3286.1,1051.8,1044.2,1061.0
214.67,466.6,3312.2,1118.2,1032.5,1048.9
214.67,466.6,3316.3,987.5,1109.9,1112.9
214.67,466.6,3346.0,1121.3,1062.6,1057.6
214.67,466.6,3350.9,1093.2,1045.9,1113.7
214.67,466.61,3345.1,1058.1,1099.2,1089.5
214.67,466.61,3391.2,1033.1,1115.5,1125.1
214.67,466.62,3396.8,1100.6,1116.9,1082.5
214.67,466.62,3478.2,1141.2,1113.9,1104.5
214.67,466.62,3479.0,1159.3,1104.7,1088.2
214.67,466.62,3549.5,1101.5,1156.5,1168.5
214.68,466.62,3546.3,1108.9,1142.8,1168.2
214.68,466.63,3547.6,1150.9,1111.2,1157.5
214.68,466.63,3571.4,1184.0,1124.8,1147.0
214.68,466.63,3666.5,1167.0,1229.2,1145.2
214.68,466.63,3669.4,1149.6,1235.4,1155.9
214.68,466.64,3666.7,1200.4,1191.9,1162.2
214.68,466.65,3779.8,1210.7,1156.1,1287.5
214.68,466.65,4069.8,1328.1,1323.5,1288.2
214.68,466.66,4098.2,1343.7,1298.6,1327.3
214.68,466.66,4400.3,1449.1,1403.7,1410.4
214.68,466.66,4397.8,1355.0,1425.5,1488.3
214.68,466.66,4464.8,1450.5,1425.3,1439.1
214.68,466.67,7801.0,2569.0,2606.5,2384.7
214.69,466.67,8013.8,2570.4,2601.3,2539.0
214.69,466.67,8623.0,2748.5,2830.0,2766.2
214.69,466.67,9246.8,2884.4,2976.1,3076.6
214.69,466.67,9307.2,2858.3,3063.7,3055.2
214.69,466.68,9465.1,3116.9,3024.9,2981.5
214.69,466.69,10288.8,3139.0,3435.9,3372.4
214.69,466.69,10410.1,3196.8,3524.6,3399.2
214.69,466.69,10474.3,3278.7,3288.6,3521.9
214.69,466.69,11386.8,3738.4,3594.0,3687.1
214.69,466.69,11404.0,3723.6,3849.4,3478.8
214.69,466.69,11464.7,3611.0,3729.3,3802.4
214.7,466.7,11558.2,3760.1,3605.5,3755.3
214.7,466.7,11860.0,3878.7,3816.3,3746.6
214.7,466.7,11923.0,3865.2,3751.8,3928.0
214.7,466.7,12168.8,4102.8,4029.5,3645.4
214.7,466.7,12875.2,4152.6,4094.0,4188.6
214.7,466.7,13368.1,3971.5,4387.8,4520.1
214.7,466.7,13365.4,4220.7,4441.6,4237.0
214.7,466.71,16500.2,5175.1,5454.3,5408.8
214.7,466.71,16494.3,5101.0,5344.4,5441.0
214.7,466.71,16503.7,5194.7,5238.6,5545.0
214.7,466.71,16501.3,5105.4,5240.2,5622.6
214.7,466.72,16508.9,5159.1,5532.7,5354.4
214.7,466.72,16939.5,5289.6,5515.5,5480.4
214.7,466.72,15291.1,4810.7,4853.2,5081.6
214.7,466.72,18563.9,6343.3,5903.7,5711.6
214.7,466.72,24104.5,7943.9,7651.1,7695.2
214.7,466.73,1022.5,310.0,336.9,333.6
214.7,466.73,1120.8,354.4,363.3,379.8
214.7,466.74,1171.6,379.0,394.8,357.7
214.7,466.74,1262.5,426.6,411.0,386.0
214.7,466.74,1291.6,421.8,406.3,426.7
214.7,466.75,1307.8,418.5,424.2,417.8
214.7,466.75,1342.3,455.7,423.1,411.8
214.7,466.76,1378.9,434.0,453.6,463.9
214.7,466.76,1409.4,420.4,451.3,499.8
214.71,466.76,1439.5,461.9,476.3,445.7
214.71,466.76,1455.6,456.1,466.4,474.9
214.71,466.77,1448.6,449.9,459.2,484.5
214.71,466.77,1488.7,474.1,490.5,457.5
214.71,466.77,1499.7,491.1,487.4,467.5
214.71,466.79,1479.8,496.9,456.6,491.9
214.71,466.79,1497.2,483.1,476.2,508.1
214.71,466.79,1528.9,500.7,488.4,485.6
214.71,466.79,1542.5,461.1,509.5,504.3
214.71,466.79,1531.4,502.3,513.4,458.8
214.72,466.8,1529.0,507.3,473.3,498.4
214.72,466.8,1576.9,504.1,524.1,508.7
214.72,466.8,1623.7,540.1,517.8,521.8
214.72,466.8,1630.4,552.2,504.0,520.5
214.72,466.8,1647.4,509.9,546.0,534.4
214.72,466.8,1653.8,511.3,528.4,561.2
214.72,466.8,1665.8,578.3,534.3,497.4
214.72,466.8,1671.3,523.1,536.6,560.2
214.72,466.8,1683.2,537.2,556.6,534.4
214.72,466.8,1677.7,571.5,552.2,514.7
214.72,466.81,1702.7,555.2,559.6,542.3
214.72,466.82,1719.6,547.5,542.7,541.9
214.72,466.82,1698.8,529.3,574.2,546.8
214.72,466.82,1752.3,551.2,576.3,573.8
214.73,466.82,1772.8,555.5,573.6,581.2
214.73,466.82,1766.8,569.0,586.9,561.3
214.73,466.83,1770.4,554.4,542.3,617.8
214.73,466.83,1784.4,593.8,615.6,517.9
214.73,466.83,1818.0,566.1,607.5,585.8
214.73,466.83,1818.6,537.1,615.7,612.6
214.73,466.84,1844.9,624.7,608.0,553.3
214.74,466.84,1840.0,606.6,554.8,616.0
214.74,466.84,1901.8,592.6,635.4,586.1
214.74,466.85,1893.7,627.3,600.4,613.9
214.74,466.85,1916.5,595.8,634.5,616.3
214.74,466.86,1921.5,623.3,607.9,611.3
214.74,466.86,1925.0,608.8,652.4,588.0
214.74,466.86,1919.1,643.2,594.2,613.1
214.74,466.86,1920.6,614.1,614.0,630.7
214.74,466.86,1926.2,626.7,652.6,596.9
214.74,466.86,1937.9,578.0,662.3,630.3
214.74,466.87,1952.2,691.2,599.3,596.2
214.74,466.87,1951.9,646.5,641.0,601.3
214.75,466.87,1947.7,629.3,618.4,646.3
214.75,466.87,2007.9,619.0,654.8,653.2
214.75,466.87,2045.3,634.4,708.2,634.3
214.75,466.88,2049.7,647.7,698.5,624.9
214.75,466.88,2051.4,677.4,669.8,630.5
214.75,466.88,2066.1,693.0,674.4,639.3
214.75,466.89,2097.2,687.1,697.7,648.6
214.75,466.89,2115.6,692.2,658.5,688.1
214.75,466.89,2130.2,700.0,710.1,645.0
214.75,466.9,2151.5,685.8,675.9,707.6
214.75,466.9,2145.2,654.1,691.5,720.2
214.75,466.9,2161.9,703.8,693.5,683.5
214.76,466.9,2145.5,699.6,673.6,705.8
214.76,466.9,2166.1,662.7,713.2,717.0
214.76,466.9,2171.4,695.3,671.2,711.9
214.76,466.91,2177.1,740.4,701.8,652.6
214.76,466.91,2187.8,699.4,741.7,678.0
214.76,466.91,2201.2,690.5,693.6,726.7
214.76,466.92,2198.0,665.6,719.0,737.7
214.76,466.92,2238.3,700.2,756.9,690.8
214.76,466.93,2215.3,682.0,785.5,667.1
214.76,466.93,2206.7,714.3,748.3,684.3
214.76,466.93,2234.7,718.4,734.9,702.0
214.76,466.93,2253.2,708.1,731.8,731.8
214.76,466.93,2277.0,717.0,747.4,734.3
214.76,466.94,2314.4,736.5,743.1,733.0
214.76,466.95,2278.0,700.6,773.5,744.4
214.76,466.95,2298.9,729.2,764.8,722.5
214.77,466.95,2309.0,771.8,737.8,701.9
214.77,466.95,2317.7,747.3,754.2,721.1
214.77,466.95,2316.3,751.5,740.1,738.9
214.77,466.95,2345.6,755.0,778.3,730.4
214.77,466.95,2359.0,770.9,747.6,765.4
214.77,466.96,2389.2,742.9,748.9,809.9
214.77,466.96,2386.6,815.7,767.3,743.1
214.77,466.96,2415.8,758.4,802.6,771.4
214.77,466.96,2426.3,760.1,849.3,743.4
214.77,466.96,2540.9,784.9,871.9,792.2
214.77,466.97,2608.8,852.3,840.0,838.8
214.77,466.98,2623.2,888.0,831.5,830.0
214.77,466.99,2657.7,781.8,902.8,886.9
214.77,466.99,2670.5,862.0,869.9,858.9
214.77,466.99,2780.4,874.9,904.9,902.2
214.77,466.99,2806.5,844.8,925.9,935.5
214.77,467.0,2793.2,971.7,884.1,855.6
214.77,467.0,2875.5,942.9,951.7,880.5
214.77,467.0,2884.2,931.8,984.4,861.7
214.78,467.0,2950.0,953.7,1012.7,908.2
214.78,467.0,2985.1,982.2,937.0,987.0
214.78,467.0,2988.1,990.3,915.2,993.0
214.78,467.0,3000.2,977.2,933.4,970.8
214.78,467.0,2994.2,945.4,998.6,965.7
214.78,467.01,3031.8,1041.7,930.0,959.5
214.78,467.01,3021.3,997.1,967.8,956.8
214.78,467.02,3017.1,973.2,989.4,945.9
214.78,467.02,3014.3,988.6,994.0,941.3
214.78,467.02,3037.6,920.6,975.5,1048.4
214.79,467.02,3042.5,1020.0,969.0,942.3
214.79,467.02,3107.0,1024.3,957.0,1015.6
214.79,467.02,3119.8,1041.3,999.5,973.1
214.79,467.03,3185.6,979.2,992.0,1096.5
214.79,467.03,3319.7,1075.0,1057.0,1083.3
214.79,467.03,3311.1,1038.7,1029.0,1133.3
214.79,467.03,3392.3,1085.1,1093.9,1095.6
214.8,467.03,3385.3,1125.1,1097.2,1040.1
214.8,467.04,3404.8,1172.0,1133.4,997.6
214.8,467.04,3406.6,1150.3,1118.1,1030.4
214.8,467.04,3430.6,1093.0,1101.1,1128.0
214.8,467.04,3420.0,1117.5,1099.5,1079.3
214.8,467.05,3677.9,1188.3,1158.6,1210.5
214.8,467.05,3690.1,1165.6,1178.5,1213.0
214.8,467.05,4463.8,1478.4,1379.3,1476.5
214.8,467.06,4480.2,1483.0,1487.5,1331.6
214.8,467.06,4472.3,1448.0,1489.6,1410.0
214.8,467.06,1193.5,390.4,383.7,383.3
214.8,467.07,1396.4,465.2,440.0,435.5
214.8,467.07,1361.8,453.3,450.8,442.1
214.8,467.08,1586.3,519.7,479.3,521.2
214.8,467.08,1708.4,548.2,553.7,543.6
214.8,467.08,1753.9,587.8,583.7,543.0
214.8,467.09,1773.3,567.5,560.0,593.0
214.8,467.09,1809.5,573.1,581.8,568.5
214.8,467.09,1814.1,587.1,576.4,569.6
214.8,467.09,1788.4,599.9,582.8,560.1
214.8,467.1,1807.0,589.1,600.5,561.5
214.8,467.1,1815.9,598.5,603.5,559.9
214.8,467.1,1823.7,582.7,571.8,602.0
214.8,467.1,1878.8,620.5,602.4,589.0
214.8,467.11,1970.4,623.3,667.2,609.4
214.8,467.11,1998.6,646.4,640.3,640.7
214.81,467.11,2019.6,656.0,649.9,648.7
214.81,467.12,2122.4,651.6,684.6,724.2
214.81,467.12,2219.1,708.5,724.9,725.6
214.81,467.12,2282.6,773.2,738.5,702.8
214.81,467.12,2341.7,738.0,738.9,774.3
214.81,467.13,2342.6,759.4,752.8,758.5
214.81,467.13,2336.9,733.7,779.8,755.0
214.81,467.13,2360.3,782.7,746.6,749.6
214.81,467.14,2424.7,771.2,861.9,725.9
214.81,467.14,2446.6,782.7,780.1,808.0
214.81,467.14,2490.1,764.8,851.8,794.1
214.81,467.15,2489.6,781.4,781.8,847.5
214.81,467.15,2512.9,824.0,840.7,760.2
214.82,467.16,2517.1,781.9,822.1,830.4
214.82,467.16,2543.6,810.4,780.7,856.2
214.82,467.16,2557.1,852.5,818.4,818.2
214.82,467.16,2572.1,846.3,809.6,845.7
214.82,467.16,2577.9,788.4,825.9,871.8
214.82,467.16,2579.5,791.8,821.7,881.5
214.82,467.16,2588.9,860.8,794.7,842.8
214.82,467.16,2683.2,849.7,846.7,887.3
214.82,467.16,2698.7,848.1,913.0,843.6
214.82,467.17,2726.2,868.8,881.3,892.6
214.82,467.17,2757.8,887.2,900.6,877.1
214.82,467.17,2773.1,842.8,936.4,903.7
214.82,467.17,2799.0,883.0,924.5,890.5
214.82,467.17,2866.7,920.2,929.4,924.3
214.82,467.18,2952.2,947.9,964.9,946.3
214.83,467.18,3022.3,1007.4,986.1,929.6
214.83,467.18,3180.9,1017.5,1019.0,1033.6
214.83,467.18,3195.5,1018.6,1001.0,1058.3
214.83,467.19,3190.4,1031.5,1005.3,1066.1
214.83,467.19,3214.0,1025.2,1073.9,1005.8
214.83,467.2,3205.4,1084.5,1043.8,985.4
214.83,467.2,3198.7,1058.0,1054.6,988.2
214.83,467.2,3189.6,1001.1,1068.2,1028.8
214.83,467.2,3218.8,1067.5,1060.8,1011.1
214.83,467.2,3471.9,1117.8,1104.6,1137.7
214.83,467.2,3546.0,1167.5,1117.9,1132.3
214.84,467.2,3543.7,1146.0,1132.1,1135.6
214.84,467.21,3666.5,1247.0,1163.2,1135.0
214.84,467.21,3788.2,1233.2,1187.1,1230.6
214.84,467.21,3903.4,1285.8,1285.8,1193.1
214.84,467.22,3957.0,1301.1,1324.9,1223.7
214.84,467.22,3987.7,1262.6,1282.2,1303.2
214.84,467.22,3979.4,1287.4,1302.1,1260.4
214.84,467.22,4233.0,1341.7,1388.3,1365.4
214.84,467.22,4914.8,1606.8,1495.5,1641.2
214.84,467.22,5884.0,2026.2,1828.3,1803.5
214.84,467.23,6494.6,2218.8,1942.0,2102.3
214.84,467.23,7015.4,2310.6,2358.1,2073.8
214.84,467.23,92456.1,31377.6,28670.1,28957.2
214.84,467.23,108235.0,34719.9,35698.6,34283.3
214.85,467.24,122764.5,39687.7,41492.8,37730.5
214.85,467.24,191217.0,61539.0,63556.3,60065.3
214.85,467.24,193927.5,61716.9,64871.9,61998.7
214.85,467.25,203644.8,62121.7,70949.2,63675.1
214.85,467.26,219522.7,73412.9,69706.3,69393.1
214.85,467.26,219518.7,69956.9,72218.0,69830.3
214.85,467.26,3286.0,1048.2,1057.2,1067.7
214.85,467.26,4386.0,1305.9,1500.6,1442.3
214.85,467.26,4535.3,1480.6,1431.6,1450.6
214.85,467.27,4553.9,1451.9,1351.5,1592.6
214.85,467.27,4599.7,1413.9,1559.2,1463.7
214.85,467.27,4744.5,1554.8,1503.8,1542.3
214.85,467.28,6475.1,2057.2,2195.8,2000.9
214.85,467.28,3597.4,1125.4,1198.6,1138.6
214.85,467.28,1619.9,516.0,534.0,504.1
214.85,467.29,1655.8,555.4,529.4,520.3
214.86,467.29,1815.4,575.6,578.7,591.6
214.86,467.29,1817.7,606.3,579.4,563.3
214.86,467.29,1817.5,572.4,603.9,590.3
214.86,467.29,1828.0,613.6,597.8,566.8
214.86,467.3,1862.3,587.1,629.1,591.3
214.86,467.3,1971.7,623.7,662.1,604.0
214.86,467.3,1973.6,651.8,635.2,622.0
214.86,467.3,1962.9,650.5,615.5,629.4
214.86,467.3,1995.4,659.2,623.4,651.6
214.87,467.3,2115.0,701.5,620.8,708.4
214.87,467.31,2249.6,700.2,708.8,767.9
214.87,467.31,2344.0,753.0,728.9,767.8
214.87,467.31,2397.2,724.7,798.9,764.3
214.87,467.31,2463.2,794.3,792.5,802.3
214.87,467.32,2590.7,858.8,817.2,843.2
214.87,467.32,2771.1,932.1,895.9,852.6
214.87,467.33,2883.5,933.0,951.6,910.4
214.87,467.33,2933.9,975.4,936.9,937.3
214.87,467.33,2928.2,955.0,980.6,893.6
214.87,467.34,3134.1,1009.3,986.5,1040.1
214.88,467.34,3171.4,1014.3,1018.3,1034.8
214.88,467.35,3272.1,1070.3,1047.6,1031.1
214.88,467.35,3337.9,1070.1,1102.4,1050.8
214.88,467.35,3371.1,1091.3,1123.3,1046.7
214.88,467.35,3807.4,1219.0,1242.6,1225.9
214.88,467.36,4726.1,1562.5,1525.6,1479.9
214.88,467.36,5401.8,1835.6,1780.8,1604.2
214.88,467.36,87003.9,27788.0,28733.5,27797.5
214.88,467.36,100259.6,32969.2,31570.3,32958.5
214.88,467.36,167282.3,56266.1,54475.6,50281.1
214.88,467.36,179435.4,56022.1,58736.9,58656.4
214.88,467.36,1029.1,352.2,321.7,327.9
214.88,467.37,1063.8,341.5,337.6,333.7
214.88,467.37,1063.9,345.2,352.7,328.0
214.89,467.37,1064.7,336.4,348.5,329.9
214.89,467.38,1072.0,339.9,340.0,356.4
214.89,467.38,1074.9,344.8,344.9,336.5
214.89,467.39,1072.0,327.0,341.4,369.0
214.89,467.39,1086.5,345.9,348.1,358.1
214.89,467.39,1080.3,361.7,347.9,341.0
214.89,467.4,1088.8,347.9,365.2,346.8
214.89,467.4,1094.9,350.5,360.9,362.7
214.89,467.4,1128.1,333.2,362.2,381.0
214.89,467.4,1124.6,345.0,342.5,388.2
214.89,467.4,1118.6,344.9,360.1,372.6
214.89,467.4,1116.5,352.1,364.0,354.9
214.89,467.4,1119.2,370.9,363.7,353.0
214.89,467.4,1124.9,354.1,373.4,359.2
214.89,467.41,1144.5,375.6,356.3,366.2
214.89,467.42,1144.4,369.2,383.1,361.3
214.89,467.42,1143.7,385.5,369.0,351.6
214.89,467.42,1153.0,364.7,348.3,398.5
214.9,467.42,1167.2,371.7,362.0,391.5
214.9,467.43,1169.3,370.7,383.2,367.6
214.9,467.43,1191.9,360.2,374.2,397.4
214.9,467.43,1169.4,402.7,366.4,368.7
214.9,467.43,1188.0,382.6,375.7,376.8
214.9,467.43,1167.3,372.0,379.7,386.4
214.9,467.44,1172.0,375.4,364.7,396.3
214.9,467.46,1166.0,385.6,363.4,385.9
214.9,467.46,1182.7,401.7,383.4,360.0
214.9,467.46,1175.9,379.8,382.1,377.8
214.9,467.46,1185.8,410.7,369.3,365.5
214.91,467.47,1171.8,392.1,383.9,375.0
214.91,467.47,1193.1,374.9,390.6,382.4
214.91,467.47,1204.2,402.1,409.0,353.9
214.91,467.47,1176.3,403.2,397.5,351.7
214.91,467.47,1193.3,398.4,391.0,365.0
214.91,467.48,1200.6,383.7,387.4,390.6
214.91,467.48,1196.5,378.8,390.7,392.4
214.91,467.48,1201.2,370.2,412.9,390.3
214.91,467.49,1226.2,360.9,403.3,414.4
214.91,467.49,1205.1,406.9,377.5,386.2
214.91,467.49,1213.9,412.7,373.2,393.8
214.91,467.49,1216.7,376.0,392.8,403.9
214.92,467.49,1227.5,443.3,392.4,344.4
214.92,467.49,1231.8,389.5,398.7,399.2
214.92,467.5,1247.2,402.7,399.3,399.2
214.92,467.5,1250.3,393.1,393.3,420.0
214.92,467.5,1239.2,397.0,377.5,426.3
214.92,467.5,1243.4,431.4,416.8,356.8
214.92,467.5,1251.9,387.8,399.7,421.6
214.92,467.5,1264.0,405.0,410.3,405.5
214.92,467.51,1256.0,415.8,399.4,401.5
214.92,467.51,1267.4,411.7,410.2,400.2
214.93,467.51,1269.5,385.3,428.4,412.4
214.93,467.52,1279.4,416.2,415.4,404.1
214.93,467.52,1294.0,385.7,450.2,400.6
214.93,467.52,1288.2,410.1,415.5,414.6
214.93,467.52,1289.2,400.1,421.5,420.6
214.93,467.52,1307.8,423.9,407.6,413.1
214.93,467.53,1273.9,434.5,400.4,406.8
214.93,467.53,1298.1,396.6,395.2,447.1
214.93,467.53,1280.9,441.8,428.3,379.3
214.93,467.53,1296.2,407.9,424.8,427.1
214.94,467.54,1312.5,422.9,409.7,421.2
214.94,467.54,1309.2,435.1,426.9,403.9
214.94,467.54,1307.6,432.3,416.7,412.3
214.94,467.55,1319.8,401.5,448.4,429.1
214.94,467.55,1297.7,404.8,417.7,454.2
214.94,467.56,1327.6,424.7,424.1,437.9
214.94,467.56,1323.1,434.8,430.0,430.6
214.94,467.57,1322.2,456.1,408.0,426.4
214.95,467.58,1336.9,437.3,444.3,412.0
214.95,467.58,1337.3,431.9,432.7,430.3
214.95,467.58,1317.0,443.7,423.8,421.0
214.95,467.58,1348.0,437.0,427.3,436.2
214.95,467.59,1335.7,410.7,440.2,451.7
214.95,467.6,1349.3,435.4,417.3,443.6
214.95,467.6,1340.1,446.2,417.3,442.0
214.95,467.6,1342.8,425.2,437.4,439.4
214.95,467.6,1360.7,438.4,423.1,449.3
214.95,467.6,1353.3,439.4,430.3,429.4
214.95,467.6,1353.5,437.9,429.9,445.3
214.95,467.6,1345.1,435.9,441.5,434.5
214.95,467.61,1352.3,480.1,413.3,415.5
214.95,467.61,1371.1,446.9,420.2,458.8
214.95,467.61,1366.0,447.0,452.7,426.4
214.95,467.61,1362.8,435.9,430.6,454.9
214.96,467.62,1376.3,452.9,431.5,435.8
214.96,467.62,1381.1,464.6,448.9,420.3
214.96,467.63,1385.5,474.8,444.8,409.3
214.96,467.63,1385.9,469.2,462.9,406.6
214.96,467.63,1379.5,452.0,478.2,403.4
214.96,467.64,1378.5,444.7,453.4,433.7
214.96,467.64,1378.5,423.7,450.0,458.5
214.96,467.65,1389.1,437.8,458.9,443.6
214.96,467.65,1372.7,450.7,454.7,438.1
214.96,467.65,1382.3,426.9,462.5,455.3
214.96,467.65,1413.3,460.6,451.8,449.4
214.96,467.65,1395.0,481.8,435.6,426.2
214.96,467.65,1397.0,463.8,460.8,422.3
214.96,467.66,1384.8,449.1,437.0,461.4
214.96,467.66,1383.7,450.2,468.1,425.8
214.96,467.66,1400.3,459.4,441.6,436.8
214.97,467.66,1389.5,435.0,460.5,451.0
214.97,467.67,1395.9,448.6,440.7,462.1
214.97,467.67,1399.6,456.1,448.8,449.9
214.97,467.68,1408.6,425.0,462.8,463.7
214.97,467.68,1386.6,455.1,464.4,433.9
214.97,467.68,1395.9,445.4,471.3,439.5
214.97,467.68,1416.4,454.7,445.0,456.8
214.97,467.68,1403.2,457.0,464.7,437.1
214.97,467.68,1400.8,458.0,451.2,451.1
214.97,467.68,1406.1,454.9,477.0,432.1
214.97,467.69,1406.2,462.0,446.5,448.5
214.97,467.69,1406.3,427.4,458.7,471.3
214.97,467.69,1408.6,488.3,428.4,453.7
214.98,467.69,1419.7,487.6,452.7,430.4
214.98,467.69,1413.6,471.6,463.9,433.2
214.98,467.7,1422.4,439.6,452.5,482.8
214.98,467.7,1421.2,449.2,439.5,484.0
214.98,467.7,1425.9,451.6,462.0,446.1
214.98,467.7,1418.3,459.3,441.9,469.7
214.98,467.7,1449.9,502.2,472.7,430.9
214.98,467.7,1419.4,481.0,466.1,426.9
214.98,467.7,1414.7,455.8,465.7,462.4
214.98,467.7,1421.1,443.4,481.4,454.6
214.99,467.71,1417.8,467.8,467.0,446.5
214.99,467.71,1428.2,450.4,454.2,473.4
214.99,467.71,1426.3,464.7,465.0,452.3
214.99,467.71,1429.4,465.3,475.1,438.7
214.99,467.71,1449.9,482.1,439.9,466.9
214.99,467.72,1434.7,440.2,466.5,476.4
214.99,467.72,1433.3,451.5,487.8,447.5
214.99,467.73,1438.4,463.4,477.9,448.2
214.99,467.73,1448.3,474.6,487.3,424.3
214.99,467.73,1443.5,486.3,452.3,453.3
215.0,467.73,1453.1,459.0,481.3,450.3
215.0,467.73,1450.3,465.7,476.5,454.9
215.0,467.74,1445.4,457.5,456.6,480.4
215.0,467.76,1448.9,499.2,454.6,447.8
215.0,467.76,1445.1,469.6,457.0,471.0
215.0,467.77,1423.9,447.4,465.6,454.8
215.0,467.77,1454.5,462.3,480.5,462.0
215.0,467.77,1457.9,470.9,490.8,451.9
215.0,467.77,1456.9,466.3,463.2,477.7
215.0,467.78,1457.5,465.9,481.8,468.6
215.0,467.78,1451.8,458.9,497.9,462.9
215.0,467.78,1459.6,471.9,466.0,481.3
215.0,467.78,1468.8,451.8,473.0,488.8
215.0,467.78,1475.4,452.0,476.6,493.2
215.0,467.79,1466.4,452.4,500.5,469.5
215.0,467.79,1475.8,490.0,468.6,469.5
215.0,467.79,1481.7,481.5,512.1,454.6
215.0,467.8,1475.8,462.9,472.5,485.9
215.0,467.8,1486.6,459.9,491.2,478.0
215.0,467.8,1479.8,458.4,521.7,450.3
215.0,467.8,1483.2,504.7,454.9,477.6
215.01,467.8,1477.1,513.7,484.9,435.1
215.01,467.8,1480.6,501.6,470.6,477.6
215.01,467.8,1483.3,503.9,472.7,460.0
215.01,467.8,1484.2,509.2,476.1,460.0
215.01,467.8,1484.2,462.0,496.1,482.3
215.01,467.8,1499.2,463.3,490.9,496.0
215.01,467.8,1505.7,464.0,478.6,501.8
215.01,467.8,1498.6,501.3,487.2,459.6
215.02,467.8,1509.1,496.0,480.4,471.2
215.02,467.81,1507.8,473.3,484.5,498.6
215.02,467.81,1492.9,509.1,475.9,463.6
215.02,467.81,1501.9,495.7,492.9,464.8
215.02,467.82,1507.1,513.6,467.0,468.6
215.02,467.82,1513.2,487.8,485.8,480.6
215.02,467.82,1527.2,495.3,498.9,479.2
215.02,467.83,1513.6,470.0,535.3,459.1
215.02,467.83,1505.3,487.0,480.2,493.3
215.02,467.83,1508.5,501.6,482.5,468.6
215.02,467.83,1506.6,476.9,504.8,484.5
215.02,467.84,1536.8,518.7,460.8,487.0
215.02,467.84,1542.3,510.4,497.7,464.9
215.02,467.84,1547.0,492.6,486.6,505.5
215.02,467.85,1523.2,481.1,498.7,502.6
215.02,467.85,1539.7,490.2,482.4,506.4
215.02,467.85,1540.8,497.8,484.4,507.2
215.02,467.85,1530.4,502.2,482.5,500.9
215.03,467.85,1556.0,481.0,507.3,501.8
215.03,467.86,1547.9,513.4,510.2,468.6
215.03,467.86,1565.6,510.9,470.3,520.6
215.03,467.87,1550.3,487.7,514.8,493.1
215.03,467.87,1547.6,463.9,496.1,536.2
215.03,467.87,1565.1,492.8,507.8,498.6
215.03,467.88,1566.1,457.6,523.8,525.7
215.03,467.88,1566.5,488.0,550.1,473.2
215.03,467.88,1559.3,481.0,492.8,525.8
215.04,467.88,1575.6,482.6,516.6,524.4
215.04,467.88,1568.0,506.4,510.4,509.0
215.04,467.88,1571.7,506.8,508.9,507.8
215.04,467.88,1582.1,500.2,501.6,522.8
215.04,467.88,1590.8,533.6,496.8,499.9
215.04,467.88,1586.6,501.4,511.4,508.5
215.04,467.89,1565.6,483.2,534.8,511.0
215.04,467.89,1586.7,515.3,505.5,512.4
215.04,467.9,1590.4,495.0,532.2,506.8
215.04,467.9,1595.4,521.9,521.6,500.1
215.04,467.9,1589.6,534.4,518.5,478.6
215.04,467.9,1597.0,501.3,531.8,506.0
215.04,467.9,1582.4,517.9,503.9,510.9
215.04,467.9,1594.9,487.8,539.2,511.1
215.04,467.91,1614.9,570.4,495.3,482.9
215.04,467.92,1597.7,509.3,517.6,524.4
215.04,467.92,1617.6,486.2,524.4,548.7
215.05,467.92,1607.6,532.4,507.0,517.8
215.05,467.92,1607.9,534.2,511.6,511.3
215.05,467.93,1631.3,539.6,498.8,521.1
215.05,467.93,1620.8,515.1,542.0,500.6
215.05,467.94,1618.4,525.3,512.4,526.9
215.05,467.94,1606.3,499.3,515.1,549.2
215.05,467.95,1627.0,505.3,533.8,516.8
215.05,467.95,1630.2,548.0,514.7,507.2
215.05,467.95,1621.1,510.5,529.4,523.5
215.05,467.95,1608.2,513.9,522.5,519.8
215.05,467.95,1639.5,518.3,533.2,507.1
215.06,467.95,1637.0,525.7,530.8,513.8
215.06,467.95,1623.6,505.0,539.2,532.8
215.06,467.95,1632.6,498.1,529.9,550.8
215.06,467.96,1632.6,552.7,541.2,489.3
215.06,467.96,1626.5,534.1,529.8,514.7
215.06,467.97,1638.6,502.2,552.7,519.2
215.06,467.97,1621.8,528.3,535.4,516.9
215.06,467.97,1636.9,539.8,508.3,529.5
215.06,467.97,1641.7,580.2,509.8,498.7
215.07,467.98,1637.0,549.0,554.6,483.7
215.07,467.98,1631.9,548.2,552.0,495.4
215.07,467.98,1646.9,494.7,519.3,566.2
215.07,467.99,1640.2,530.6,521.7,545.4
215.07,467.99,1641.4,515.0,561.8,523.1
215.07,467.99,1647.2,543.1,525.4,530.2
215.07,467.99,1652.8,521.6,546.9,515.2
215.07,468.0,1648.9,536.2,536.3,536.9
215.07,468.0,1657.5,505.7,557.9,522.6
215.07,468.0,1671.9,541.5,537.8,521.1
215.07,468.0,1648.3,538.1,526.9,527.4
215.07,468.0,1632.6,535.5,543.2,519.1
215.07,468.0,1672.0,534.3,540.5,519.0
215.07,468.0,1653.7,542.4,550.4,517.7
215.07,468.0,1643.9,505.4,535.9,562.5
215.07,468.0,1667.6,543.6,540.2,534.0
215.08,468.0,1668.3,527.8,538.9,546.0
215.08,468.01,1677.8,528.5,551.7,525.7
215.08,468.01,1668.3,529.4,541.2,534.3
215.08,468.01,1683.6,548.1,531.9,531.2
215.08,468.02,1680.5,537.7,509.9,576.2
215.08,468.02,1684.4,555.5,531.8,545.1
215.08,468.02,1674.1,531.8,538.7,546.8
215.08,468.02,1675.3,551.5,545.4,517.2
215.08,468.03,1671.9,527.0,559.9,544.0
215.08,468.03,1684.2,534.2,557.5,524.8
215.08,468.03,1681.0,521.1,551.7,560.3
215.08,468.03,1689.0,505.2,538.1,581.7
215.08,468.03,1676.8,535.5,569.8,523.7
215.09,468.03,1688.5,559.2,536.5,536.7
215.09,468.04,1676.8,518.9,561.2,537.4
215.09,468.04,1693.3,500.7,557.1,577.6
215.09,468.04,1686.6,512.5,569.6,550.1
215.09,468.04,1689.9,531.4,577.7,527.4
215.09,468.04,1692.9,550.1,571.9,517.9
215.09,468.05,1709.1,537.0,531.4,566.8
215.09,468.05,1701.4,528.0,553.5,560.1
215.09,468.06,1708.6,553.5,541.2,555.1
215.09,468.06,1711.7,542.5,560.4,538.5
215.09,468.06,1699.5,596.3,536.5,512.9
215.09,468.07,1709.6,551.8,524.4,571.0
215.09,468.07,1709.1,588.0,539.2,527.8
215.09,468.07,1696.3,529.9,573.3,548.2
215.1,468.07,1702.6,537.0,582.9,532.9
215.1,468.07,1722.1,556.3,579.6,509.0
215.1,468.07,1687.5,502.1,571.6,557.3
215.1,468.08,1715.1,561.7,556.5,542.8
215.1,468.08,1722.2,545.1,536.9,562.4
215.1,468.08,1703.5,558.2,566.9,526.3
215.1,468.08,1715.1,516.9,552.2,586.7
215.1,468.09,1704.5,553.4,561.6,552.0
215.1,468.09,1724.9,548.9,568.1,550.1
215.1,468.09,1720.1,581.7,550.2,526.0
215.1,468.09,1729.3,502.8,571.5,586.0
215.1,468.09,1728.7,537.4,577.9,552.8
215.1,468.1,1723.1,555.0,550.4,562.8
215.1,468.1,1723.8,527.1,529.4,594.2
215.1,468.1,1722.9,551.3,575.5,544.8
215.1,468.1,1731.7,559.2,579.1,522.3
215.1,468.1,1736.5,520.4,567.0,590.1
215.1,468.11,1716.5,549.7,546.3,574.5
215.1,468.12,1746.1,535.1,598.4,543.4
215.11,468.12,1731.5,586.6,560.2,522.2
215.11,468.12,1744.5,585.5,551.8,542.7
215.11,468.12,1733.7,558.0,572.8,545.8
215.11,468.12,1746.3,546.9,560.8,570.2
215.11,468.13,1756.4,536.9,585.6,553.0
215.12,468.13,1744.6,537.1,576.4,558.2
215.12,468.13,1756.1,555.8,608.7,526.5
215.12,468.14,1751.4,574.7,583.3,532.1
215.12,468.14,1751.3,538.9,549.0,601.3
215.12,468.14,1752.7,564.5,574.9,555.6
215.12,468.14,1754.2,512.6,582.2,591.0
215.12,468.14,1788.2,617.5,569.6,535.7
215.12,468.15,1759.9,570.1,564.2,561.9
215.12,468.15,1756.4,520.3,571.2,598.7
215.12,468.15,1748.1,550.3,570.6,571.3
215.12,468.15,1746.6,553.6,597.6,531.2
215.12,468.16,1750.2,568.6,554.0,584.7
215.12,468.16,1755.6,558.1,588.9,567.8
215.12,468.16,1775.3,565.8,568.2,565.9
215.12,468.17,1765.2,548.6,572.5,581.7
215.12,468.17,1767.3,553.5,591.7,561.4
215.12,468.17,1754.6,572.3,541.3,572.4
215.12,468.17,1772.7,552.8,592.1,561.9
215.13,468.17,1768.0,557.1,586.5,573.9
215.13,468.17,1766.3,581.0,575.5,564.0
215.13,468.18,1764.0,578.3,579.1,552.9
215.13,468.18,1767.6,587.3,565.8,559.7
215.13,468.18,1775.7,575.1,568.7,567.1
215.13,468.18,1766.7,586.7,564.1,559.5
215.13,468.18,1789.5,583.5,560.7,572.8
215.13,468.18,1768.0,601.6,567.9,551.4
215.13,468.19,1770.1,589.5,559.2,568.9
215.14,468.19,1785.0,583.3,563.3,567.9
215.14,468.19,1778.6,565.9,600.2,558.1
215.14,468.2,1778.7,568.9,579.6,577.5
215.14,468.2,1784.0,575.6,565.2,595.9
215.14,468.2,1782.7,587.5,595.6,547.8
215.14,468.2,1766.3,558.2,565.9,592.2
215.14,468.2,1807.9,563.5,595.5,567.2
215.14,468.2,1787.3,597.8,578.8,550.7
215.14,468.2,1781.7,580.6,553.2,589.8
215.14,468.2,1802.3,548.1,601.1,581.9
215.14,468.2,1787.8,563.0,585.6,585.3
215.14,468.2,1792.3,597.6,575.2,554.8
215.15,468.2,1792.5,574.5,586.4,585.0
215.15,468.2,1800.3,573.9,563.6,596.1
215.15,468.2,1812.7,608.5,592.1,539.0
215.15,468.2,1799.1,556.8,584.3,601.7
215.15,468.2,1807.3,537.9,611.6,595.7
215.15,468.21,1799.6,591.6,610.0,536.8
215.15,468.21,1803.3,590.0,560.4,595.0
215.15,468.22,1799.0,591.8,584.5,581.7
215.15,468.22,1819.8,566.9,581.1,604.0
215.15,468.22,1820.4,587.8,583.2,584.0
215.15,468.23,1820.5,579.3,581.3,593.9
215.15,468.24,1832.8,597.9,571.2,580.7
215.15,468.24,1809.8,573.3,599.9,578.5
215.15,468.25,1810.9,619.6,567.4,565.1
215.15,468.25,1821.9,576.6,590.1,584.6
215.15,468.26,1821.1,587.9,605.4,575.2
215.15,468.26,1808.6,586.4,595.8,578.2
215.15,468.26,1822.1,545.2,593.5,621.3
215.15,468.27,1827.2,575.3,588.0,602.5
215.16,468.27,1826.7,589.4,549.4,619.5
215.16,468.27,1823.7,606.3,581.0,583.0
215.16,468.27,1834.9,544.5,607.7,605.3
215.16,468.28,1829.7,607.9,563.0,606.5
215.16,468.28,1826.3,602.1,578.6,587.9
215.16,468.28,1840.0,611.8,586.7,580.4
215.16,468.28,1844.0,607.1,621.1,547.4
215.16,468.29,1844.9,617.2,584.0,579.5
215.16,468.29,1832.3,588.8,599.2,598.0
215.16,468.29,1846.1,607.2,621.5,563.0
215.16,468.3,1839.4,613.6,613.0,556.1
215.16,468.3,1846.0,573.2,592.3,619.6
215.16,468.3,1843.0,603.2,593.0,594.6
215.16,468.3,1835.0,585.8,605.7,595.0
215.16,468.3,1844.6,608.0,615.0,568.9
215.16,468.3,1845.2,564.1,579.3,639.5
215.17,468.31,1867.9,581.1,584.7,618.2
215.17,468.31,1879.9,608.1,597.4,609.5
215.17,468.31,1861.4,591.8,608.6,589.7
215.17,468.31,1863.9,571.4,618.4,614.8
215.17,468.32,1855.6,627.3,568.4,596.4
215.17,468.32,1863.1,619.5,610.8,577.3
215.17,468.33,1869.6,605.8,615.9,592.0
215.17,468.33,1870.1,604.3,584.4,613.9
215.17,468.33,1860.2,622.5,624.9,566.6
215.17,468.34,1878.0,626.6,587.9,595.6
215.17,468.35,1878.9,598.7,612.2,607.7
215.17,468.35,1895.3,612.9,605.9,608.3
215.17,468.35,1894.3,573.7,585.4,669.8
215.17,468.35,1889.3,564.5,662.6,602.8
215.17,468.35,1903.1,634.1,593.2,611.6
215.18,468.35,1892.4,626.3,617.3,593.3
215.18,468.36,1895.9,624.2,590.4,612.2
215.18,468.36,1898.6,605.7,615.8,611.6
215.18,468.36,1908.9,599.9,598.4,632.1
215.18,468.37,1924.8,620.0,627.2,591.0
215.18,468.37,1909.4,619.8,623.2,607.1
215.18,468.38,1905.7,619.2,625.4,599.5
215.18,468.38,1898.1,609.2,583.3,652.1
215.18,468.38,1902.6,607.7,618.5,613.8
215.18,468.38,1925.3,621.7,618.2,600.0
215.19,468.38,1910.5,593.0,621.2,635.5
215.19,468.38,1916.8,660.0,632.4,557.0
215.19,468.38,1929.8,633.6,611.5,615.5
215.19,468.39,1926.5,626.1,610.1,609.0
215.19,468.39,1926.8,626.8,645.3,588.6
215.19,468.39,1926.7,617.3,622.8,616.4
215.19,468.4,1922.2,616.6,619.1,614.4
215.19,468.4,1922.0,631.6,607.2,623.1
215.19,468.4,1912.0,621.5,609.7,623.7
215.19,468.4,1926.1,611.5,630.0,629.5
215.19,468.4,1928.7,632.7,607.3,628.5
215.19,468.4,1927.0,591.6,637.7,629.3
215.2,468.4,1920.1,615.5,610.9,641.2
215.2,468.4,1928.8,604.1,615.2,654.6
215.2,468.4,1923.6,668.7,613.3,583.3
215.2,468.4,1928.8,596.0,650.4,625.1
215.2,468.4,1937.4,586.6,645.4,630.3
215.2,468.4,1920.0,598.0,669.3,606.6
215.2,468.4,1935.2,623.6,607.3,646.3
215.2,468.4,1924.4,660.5,613.5,600.9
215.2,468.41,1935.3,625.9,631.2,629.2
215.2,468.41,1935.6,613.1,597.7,671.1
215.2,468.41,1933.5,661.0,631.1,578.2
215.2,468.42,1944.2,624.5,631.4,623.8
215.2,468.42,1955.4,641.8,611.9,614.8
215.2,468.43,1939.9,607.3,618.7,650.4
215.2,468.43,1938.3,636.9,628.5,613.5
215.2,468.43,1943.2,616.9,657.1,594.9
215.2,468.44,1951.0,593.0,624.7,654.8
215.2,468.45,1943.2,656.0,606.2,621.2
215.2,468.45,1954.3,607.5,634.4,647.9
215.2,468.45,1949.8,624.1,631.8,624.8
215.2,468.45,1959.0,644.7,638.7,610.8
215.2,468.45,1971.6,672.2,637.2,588.7
215.2,468.45,1944.6,646.5,643.7,598.8
215.2,468.46,1966.4,649.1,640.2,607.7
215.2,468.46,1973.7,614.2,630.2,648.0
215.2,468.46,1965.7,653.0,604.6,628.9
215.2,468.46,1981.6,585.4,652.3,665.0
215.21,468.46,1965.7,639.2,644.6,622.7
215.21,468.47,1977.7,622.3,647.8,646.8
215.21,468.47,1968.2,649.4,636.9,607.2
215.21,468.47,1967.4,646.3,620.8,648.5
215.21,468.47,1990.2,623.0,648.3,638.9
215.21,468.47,1980.7,641.9,669.9,604.2
215.21,468.47,1981.2,639.7,628.3,651.0
215.21,468.48,1996.5,632.0,640.4,653.8
215.21,468.48,1993.7,611.1,660.5,656.6
215.21,468.48,1999.0,616.3,662.0,634.7
215.21,468.48,1989.7,692.9,618.0,612.8
215.21,468.49,2001.5,610.8,625.1,683.2
215.21,468.49,1998.9,645.3,623.8,654.0
215.21,468.5,2005.4,680.2,625.9,623.9
215.21,468.5,1999.8,663.6,641.8,616.0
215.21,468.5,1998.0,642.1,655.0,629.0
215.21,468.5,1997.1,673.2,618.4,647.6
215.21,468.5,2001.9,615.6,644.0,673.8
215.22,468.5,1998.1,667.4,635.2,628.0
215.22,468.5,2013.7,658.3,638.3,643.3
215.22,468.5,2026.4,637.5,662.6,652.2
215.22,468.5,1996.7,634.0,681.3,636.1
215.22,468.5,2011.2,659.2,626.1,661.3
215.22,468.5,1995.2,635.4,680.5,625.9
215.22,468.5,1992.3,633.9,611.9,696.6
215.22,468.5,2013.6,645.4,644.5,655.0
215.22,468.5,2016.2,660.3,647.8,645.5
215.22,468.5,2017.1,628.1,669.1,662.9
215.22,468.5,2010.5,659.5,639.9,648.6
215.22,468.5,2023.9,676.9,674.4,605.7
215.22,468.5,2033.5,677.2,645.2,643.8
215.22,468.51,2032.7,641.2,665.7,650.5
215.22,468.51,2033.4,658.5,631.5,670.9
215.22,468.51,2008.1,654.7,683.2,611.4
215.23,468.52,2017.9,628.5,639.2,692.2
215.23,468.52,2028.5,635.1,659.9,672.4
215.23,468.53,2017.7,667.9,641.6,649.8
215.23,468.53,2026.7,639.4,647.0,662.6
215.23,468.53,2028.6,637.1,684.8,641.3
215.23,468.53,2038.4,661.1,638.7,671.2
215.23,468.54,2030.9,676.9,657.8,641.9
215.23,468.55,2048.8,688.9,643.2,652.5
215.23,468.55,2043.6,686.7,633.3,658.1
215.23,468.55,2065.1,650.4,699.8,630.5
215.23,468.55,2051.1,638.4,659.6,686.1
215.23,468.56,2057.3,668.5,679.6,647.7
215.23,468.56,2053.4,660.1,688.4,646.6
215.24,468.57,2043.0,610.1,671.5,693.1
215.24,468.57,2069.9,645.3,690.4,654.3
215.24,468.57,2075.4,640.5,724.2,617.8
215.24,468.57,2061.9,661.8,664.4,667.8
215.24,468.58,2076.9,624.4,665.8,715.1
215.24,468.58,2087.6,695.3,658.3,653.3
215.24,468.59,2066.3,653.3,657.9,692.6
215.24,468.59,2075.4,618.6,680.6,698.3
215.24,468.59,2083.4,660.2,678.8,665.9
215.24,468.59,2078.0,630.1,677.3,702.0
215.24,468.59,2077.3,667.6,658.9,681.4
215.24,468.59,2082.9,702.5,672.7,645.7
215.24,468.59,2099.6,650.2,666.9,703.5
215.24,468.59,2105.3,658.3,690.3,689.7
215.24,468.6,2109.9,650.2,669.6,709.9
215.24,468.6,2120.7,694.8,667.9,684.2
215.24,468.6,2115.0,661.9,682.8,695.5
215.24,468.6,2117.0,702.9,682.4,667.2
215.24,468.6,2136.9,677.5,663.9,721.2
215.24,468.6,2127.7,698.2,683.5,680.5
215.24,468.6,2134.2,702.8,714.0,648.1
215.24,468.6,2139.5,686.7,691.4,682.7
215.24,468.6,2141.1,723.9,686.7,640.0
215.25,468.6,2142.0,678.1,681.4,712.4
215.25,468.6,2141.5,674.0,736.7,671.8
215.25,468.6,2154.4,715.9,673.6,690.5
215.25,468.6,2142.5,662.9,691.0,738.9
215.25,468.6,2142.1,722.9,703.0,658.0
215.25,468.61,2150.8,718.5,697.8,663.5
215.25,468.61,2176.9,659.0,694.9,727.0
215.25,468.61,2204.9,678.2,740.4,718.2
215.25,468.62,2162.3,673.8,702.6,710.0
215.25,468.62,2189.3,681.8,709.8,711.1
215.25,468.62,2176.0,664.4,743.3,677.2
215.25,468.62,2161.5,710.9,664.7,732.7
215.25,468.63,2177.3,674.3,708.6,730.2
215.25,468.64,2181.1,738.1,691.4,673.0
215.26,468.64,2181.6,663.3,759.1,678.8
215.26,468.65,2197.2,713.1,677.1,730.0
215.26,468.66,2180.2,714.0,712.8,676.2
215.26,468.66,2166.2,643.0,759.2,696.7
215.26,468.66,2207.6,723.9,720.4,683.2
215.26,468.66,2179.6,699.5,740.6,659.6
215.26,468.67,2177.1,652.1,734.7,710.5
215.26,468.67,2179.2,724.0,710.1,686.9
215.26,468.67,2200.7,685.2,743.8,708.4
215.26,468.69,2217.4,741.9,716.8,679.6
215.26,468.69,2201.1,730.9,702.1,692.2
215.26,468.7,2206.2,719.0,717.3,710.8
215.26,468.7,2229.8,735.6,715.7,694.7
215.26,468.7,2204.6,680.4,725.6,748.3
215.26,468.7,2219.5,703.3,755.5,697.3
215.26,468.7,2222.0,709.5,720.6,723.9
215.26,468.7,2229.4,689.4,762.7,703.9
215.26,468.7,2223.9,719.9,706.2,718.9
215.26,468.7,2221.4,713.8,707.5,735.0
215.26,468.71,2234.2,710.8,732.8,714.9
215.26,468.71,2227.1,733.7,731.0,702.4
215.26,468.71,2238.4,728.2,738.8,712.3
215.27,468.72,2260.9,772.4,710.0,689.8
215.27,468.72,2259.8,728.7,737.0,722.9
215.27,468.72,2251.9,701.0,722.6,752.5
215.27,468.73,2262.3,701.8,735.2,750.9
215.27,468.73,2275.5,725.4,741.1,741.6
215.27,468.73,2265.4,725.8,697.1,769.0
215.27,468.73,2269.0,742.4,731.2,723.5
215.27,468.73,2292.0,736.8,758.4,725.5
215.27,468.73,2291.4,733.5,761.6,723.4
215.27,468.74,2285.3,766.9,769.4,686.9
215.27,468.74,2284.5,741.5,733.5,728.9
215.27,468.74,2291.6,738.8,768.4,722.6
215.27,468.74,2306.2,744.6,704.2,782.7
215.27,468.74,2315.4,724.6,699.5,809.9
215.27,468.75,2326.2,720.3,769.3,742.9
215.27,468.75,2330.1,752.7,768.1,740.7
215.27,468.75,2328.1,758.4,793.4,702.1
215.27,468.76,2347.1,765.0,760.6,728.2
215.27,468.76,2345.3,756.5,757.3,744.5
215.28,468.76,2338.4,778.7,762.5,712.0
215.28,468.76,2339.6,823.4,706.2,729.1
215.28,468.77,2346.0,712.5,775.4,782.0
215.28,468.77,2350.3,748.6,765.3,760.0
215.28,468.78,2353.0,749.8,794.2,723.2
215.28,468.78,2348.4,763.3,723.9,784.7
215.28,468.78,2358.5,813.7,775.8,692.5
215.28,468.78,2353.8,770.9,741.3,760.1
215.28,468.78,2340.8,762.6,737.2,777.2
215.28,468.78,2364.0,731.2,744.6,803.6
215.28,468.79,2365.4,747.9,771.5,771.8
215.28,468.79,2368.2,719.2,763.4,809.3
215.28,468.79,2351.8,723.0,779.1,786.4
215.28,468.79,2384.4,771.9,773.8,765.0
215.28,468.79,2372.3,744.8,790.0,748.2
215.28,468.8,2375.3,812.3,746.6,754.5
215.28,468.8,2379.3,770.5,745.8,787.0
215.28,468.8,2391.4,806.9,774.9,733.8
215.28,468.8,2429.0,818.5,790.3,726.0
215.29,468.8,2420.7,761.8,790.9,786.0
215.29,468.8,2410.3,788.2,771.6,780.8
215.29,468.8,2434.3,793.4,771.9,799.0
215.29,468.8,2430.1,774.6,791.1,776.6
215.29,468.8,2436.3,745.9,788.8,822.4
215.29,468.8,2444.1,781.5,810.0,781.4
215.29,468.8,2456.3,841.3,762.0,745.6
215.29,468.8,2445.5,785.5,805.8,780.0
215.29,468.8,2463.4,763.9,821.4,787.0
215.29,468.8,2476.3,811.8,801.6,762.9
215.29,468.81,2475.0,774.0,750.0,860.1
215.29,468.81,2476.8,824.1,779.5,791.2
215.29,468.81,2482.3,837.9,794.5,772.9
215.29,468.81,2482.6,793.0,831.2,770.8
215.29,468.82,2480.9,816.7,761.7,813.6
215.29,468.82,2504.9,844.0,806.0,756.8
215.29,468.82,2489.0,824.1,795.7,783.0
215.29,468.82,2494.6,767.0,771.0,870.0
215.29,468.83,2502.9,831.7,847.3,748.5
215.29,468.83,2514.7,826.6,844.5,775.3
215.29,468.83,2527.9,809.7,843.5,794.2
215.29,468.84,2531.6,823.9,817.5,792.6
215.3,468.84,2537.5,785.1,864.7,798.9
215.3,468.85,2552.8,789.7,815.1,858.8
215.3,468.85,2552.0,814.3,868.6,801.3
215.3,468.85,2554.3,850.3,819.9,807.0
215.3,468.85,2568.7,817.0,828.5,824.5
215.3,468.86,2566.5,845.2,848.7,795.8
215.3,468.87,2566.7,807.0,827.1,836.3
215.3,468.87,2569.5,809.4,867.2,822.0
215.3,468.88,2573.7,865.1,792.9,833.7
215.3,468.88,2563.9,833.8,824.2,847.9
215.3,468.88,2571.4,852.8,834.7,813.7
215.3,468.88,2584.3,826.4,826.4,850.9
215.3,468.88,2594.3,850.6,811.9,845.9
215.3,468.88,2585.7,825.1,865.9,823.7
215.3,468.9,2604.2,811.0,848.1,865.1
215.3,468.9,2611.1,866.6,823.5,847.7
215.31,468.9,2620.4,866.4,843.5,819.2
215.31,468.9,2614.2,797.7,864.8,845.0
215.31,468.9,2634.4,784.2,932.9,815.9
215.31,468.9,2640.7,882.1,851.6,824.4
215.31,468.9,2647.6,846.6,864.4,853.1
215.31,468.91,2671.8,825.6,898.5,856.5
215.31,468.91,2658.2,902.0,886.0,786.1
215.31,468.91,2668.5,807.8,925.3,851.2
215.31,468.91,2677.0,868.3,833.3,896.2
215.31,468.92,2692.8,884.0,893.3,821.6
215.31,468.92,2706.2,849.7,848.6,918.5
215.31,468.92,2719.7,826.5,883.2,927.8
215.31,468.92,2722.5,875.6,906.0,853.4
215.31,468.92,2739.6,857.6,915.2,849.7
215.31,468.93,2723.8,910.7,905.3,820.1
215.31,468.93,2726.7,768.5,897.4,981.8
215.31,468.94,2757.6,868.7,917.0,872.5
215.31,468.94,2748.4,872.4,885.2,916.3
215.32,468.94,2746.3,906.1,916.9,855.9
215.32,468.94,2766.3,899.9,920.9,845.5
215.32,468.94,2771.4,884.5,930.9,859.7
215.32,468.95,2764.2,924.6,899.6,840.6
215.32,468.95,2770.3,868.7,894.2,902.1
215.32,468.95,2775.4,882.6,921.2,864.5
215.32,468.96,2797.3,908.4,896.0,901.6
215.32,468.96,2806.8,911.7,886.2,906.0
215.32,468.96,2794.5,936.1,909.9,861.4
215.32,468.97,2802.9,914.9,888.9,911.1
215.32,468.97,2847.8,891.4,919.4,959.5
215.32,468.97,2900.3,902.5,967.2,925.8
215.32,468.97,2973.0,912.3,992.7,972.6
215.32,468.97,2965.4,973.9,963.1,952.3
215.32,468.97,2974.0,947.1,982.1,957.3
215.32,468.98,2997.3,930.4,964.3,997.2
215.32,468.98,3014.7,937.3,989.8,977.1
215.32,468.98,3025.0,1011.3,978.2,936.0
215.32,468.98,3039.4,960.5,978.3,1017.7
215.32,468.98,3096.3,1087.7,982.5,909.5
215.33,468.99,3132.4,1009.4,976.9,1036.9
215.33,468.99,3168.8,1017.8,986.9,1056.8
215.33,468.99,3178.8,1009.7,990.7,1051.5
215.33,469.0,3181.2,1001.6,1002.1,1068.2
215.33,469.0,3204.4,1069.2,1056.6,970.6
215.33,469.0,3235.9,1123.1,1038.7,969.8
215.34,469.0,3252.3,1097.7,1022.3,1027.6
215.34,469.0,3294.8,999.0,1091.2,1096.1
215.34,469.0,3297.6,1090.3,1019.4,1072.0
215.34,469.0,3293.5,1037.1,1109.1,1038.3
215.34,469.0,3305.0,1079.8,1088.7,1004.4
215.34,469.0,3327.5,1051.5,1033.1,1110.8
215.34,469.0,3324.7,1040.1,1057.2,1100.3
215.34,469.01,3317.6,1068.7,1065.2,1090.4
215.34,469.01,3398.8,1082.3,1105.2,1092.1
215.34,469.02,3435.4,1056.8,1109.5,1141.7
215.34,469.02,3533.7,1162.9,1091.4,1151.1
215.34,469.02,3569.8,1131.0,1176.1,1153.4
215.35,469.03,3574.8,1157.5,1092.2,1203.9
215.35,469.03,3588.5,1177.0,1143.4,1154.4
215.35,469.03,3606.8,1196.0,1138.8,1130.7
215.35,469.04,3618.5,1131.7,1210.3,1157.2
215.35,469.04,3611.5,1135.6,1165.0,1192.6
215.35,469.04,3635.0,1142.7,1136.4,1237.9
215.35,469.04,3649.3,1183.3,1164.7,1164.2
215.35,469.04,3681.9,1280.5,1167.1,1127.2
215.35,469.05,3693.1,1210.6,1154.3,1165.0
215.35,469.05,3685.1,1078.3,1254.7,1237.7
215.35,469.05,3688.5,1156.6,1114.8,1290.0
215.35,469.05,3791.4,1215.0,1296.8,1166.6
215.35,469.05,5399.2,1697.5,1822.9,1693.6
215.35,469.05,5415.7,1684.7,1749.3,1789.1
215.35,469.06,1311.0,422.4,412.5,421.1
215.35,469.06,1346.5,407.9,429.0,463.8
215.35,469.06,1379.3,436.9,462.8,447.4
215.35,469.07,1415.6,457.7,452.3,474.8
215.35,469.08,1450.7,467.9,483.0,448.6
215.36,469.08,1530.8,510.0,467.3,501.4
215.36,469.09,1587.6,501.5,515.4,508.0
215.36,469.09,1591.2,501.9,503.5,535.1
215.36,469.09,1663.6,523.3,549.2,525.4
215.36,469.09,1632.5,501.9,525.9,550.6
215.36,469.1,1667.2,569.4,545.2,488.2
215.36,469.1,1663.8,550.8,535.6,527.6
215.36,469.1,1674.1,534.7,549.5,544.4
215.36,469.1,1745.2,528.0,580.5,593.9
215.36,469.1,1765.6,577.9,557.2,563.7
215.36,469.1,1764.4,584.2,575.0,541.5
215.36,469.1,1766.5,570.0,567.7,571.0
215.36,469.1,1768.3,546.3,557.3,613.4
215.36,469.1,1763.0,557.1,562.8,588.4
215.36,469.11,1799.1,590.8,563.4,582.1
215.37,469.11,1818.5,617.0,589.9,543.2
215.37,469.11,1819.7,596.2,580.2,593.6
215.37,469.11,1905.8,584.3,660.4,603.9
215.37,469.11,1907.7,609.0,644.4,588.7
215.37,469.12,1904.9,627.0,618.4,609.6
215.37,469.12,1904.0,576.3,632.0,634.9
215.37,469.12,1924.3,654.4,624.8,572.8
215.37,469.13,1925.4,603.1,607.1,656.9
215.37,469.13,1970.3,660.6,655.5,596.6
215.37,469.13,1986.5,624.1,657.3,629.7
215.37,469.13,2009.3,653.2,646.3,650.2
215.37,469.13,2036.0,670.6,649.6,653.0
215.37,469.13,2127.7,683.3,705.5,672.1
215.37,469.13,2157.3,679.1,723.8,665.8
215.37,469.14,2181.7,710.6,696.8,702.4
215.37,469.14,2195.0,721.1,716.2,700.9
215.37,469.14,2194.9,720.6,720.6,690.0
215.37,469.16,2219.0,702.9,708.4,723.6
215.38,469.17,2207.1,731.6,727.1,695.3
215.38,469.17,2228.1,717.3,733.5,697.0
215.38,469.17,2234.8,742.7,697.6,742.6
215.38,469.17,2276.0,766.5,692.8,757.7
215.38,469.17,2314.7,766.3,762.2,720.5
215.38,469.18,2350.6,726.3,779.8,751.2
215.38,469.19,2342.9,760.3,783.5,716.0
215.38,469.19,2350.0,730.3,789.3,744.2
215.38,469.19,2386.1,783.5,760.1,768.4
215.38,469.19,2413.7,797.7,781.0,758.1
215.38,469.19,2425.2,755.1,815.8,786.3
215.38,469.19,2470.4,811.2,775.7,802.5
215.38,469.2,2505.4,821.2,778.8,807.6
215.38,469.2,2508.2,779.4,829.1,829.1
215.39,469.2,2512.6,762.0,815.5,857.9
215.39,469.2,2550.6,873.9,778.7,804.1
215.39,469.2,2595.7,851.0,812.9,842.6
215.39,469.2,2588.5,873.2,844.2,791.5
215.39,469.2,2592.3,836.2,832.9,840.8
215.39,469.2,2601.1,868.7,871.4,793.1
215.39,469.2,2599.4,830.5,880.4,814.3
215.39,469.2,2612.5,824.5,861.8,843.6
215.39,469.2,2660.2,889.6,844.5,856.2
215.39,469.2,2700.2,876.1,854.9,890.1
215.39,469.21,2719.8,881.8,918.4,816.2
215.39,469.21,2727.6,863.3,859.1,915.3
215.39,469.21,2739.9,866.0,873.8,906.7
215.39,469.22,2752.6,935.5,880.7,845.8
215.4,469.23,2738.9,880.0,885.0,889.7
215.4,469.23,2793.7,918.8,881.7,899.4
215.4,469.23,2872.4,930.4,956.0,894.5
215.4,469.24,2880.5,953.6,936.6,901.3
215.4,469.25,2908.1,911.5,983.7,920.2
215.4,469.25,2926.9,961.0,924.5,925.0
215.4,469.25,2919.2,939.0,893.6,992.5
215.4,469.25,2932.8,1001.4,960.4,886.1
215.4,469.25,2934.3,916.9,986.3,936.2
215.4,469.26,3040.8,1070.1,962.5,918.9
215.4,469.26,3078.1,1030.6,1025.0,933.2
215.4,469.26,3084.1,971.8,1052.1,971.5
215.4,469.26,3160.3,993.7,1034.0,1031.0
215.4,469.26,3172.8,1019.1,1053.0,1003.0
215.4,469.26,3196.6,992.3,1089.6,1015.6
215.4,469.26,3193.9,998.3,1076.1,1021.3
215.4,469.27,3194.0,1047.7,1005.9,1036.5
215.4,469.27,3191.9,1072.5,994.1,1042.1
215.4,469.27,3368.0,1125.1,1072.1,1077.1
215.4,469.28,3395.7,1034.7,1061.0,1182.6
215.4,469.28,3411.5,1093.6,1148.3,1062.3
215.4,469.28,3420.9,1053.2,1155.4,1096.3
215.4,469.28,3426.7,1127.4,1134.8,1057.2
215.4,469.28,3529.7,1066.8,1109.7,1221.4
215.4,469.29,3586.4,1170.7,1161.2,1139.6
215.4,469.29,3584.1,1127.7,1192.2,1134.2
215.4,469.3,3567.4,1175.8,1189.2,1091.5
215.4,469.3,3582.1,1140.6,1154.6,1178.9
215.4,469.3,3647.0,1225.6,1156.9,1132.6
215.4,469.3,3633.7,1183.8,1183.3,1155.4
215.41,469.3,3633.4,1130.3,1207.8,1186.2
215.41,469.3,4147.4,1338.6,1328.7,1336.1
215.41,469.3,1443.1,452.2,494.5,448.8
215.41,469.3,2095.8,661.9,646.8,713.6
215.41,469.3,3470.7,1097.5,1164.6,1088.0
215.41,469.3,3633.1,1164.3,1152.0,1169.0
215.41,469.31,1073.3,318.9,360.5,353.3
215.41,469.31,1169.6,366.2,375.0,384.2
215.41,469.32,1152.7,373.5,370.8,384.6
215.41,469.32,1159.8,373.2,372.8,383.0
215.41,469.32,1239.5,397.3,405.5,399.8
215.41,469.32,1260.7,407.0,399.7,400.4
215.42,469.33,1260.8,403.7,401.3,427.5
215.42,469.33,1279.3,410.9,420.2,411.0
215.42,469.33,1290.9,418.9,408.0,416.0
215.42,469.33,1375.8,458.9,419.0,455.7
215.42,469.34,1449.5,462.6,470.2,451.7
215.42,469.34,1443.1,480.7,472.1,447.3
215.42,469.34,1481.9,473.1,476.7,481.9
215.42,469.34,1468.2,481.5,485.2,464.2
215.42,469.35,1474.8,462.1,476.5,490.1
215.42,469.35,1534.0,501.3,490.4,484.4
215.42,469.35,1536.6,508.5,496.2,478.5
215.42,469.35,1558.7,485.8,504.8,514.4
215.42,469.36,1582.9,501.8,510.3,513.2
215.42,469.36,1608.3,521.7,522.3,499.0
215.42,469.36,1615.9,530.5,511.9,512.8
215.42,469.36,1629.0,506.2,519.6,546.9
215.42,469.36,1638.2,528.3,510.4,548.8
215.42,469.36,1630.9,529.1,539.2,512.2
215.42,469.36,1635.0,495.9,537.8,550.5
215.43,469.37,1651.3,572.5,513.3,516.9
215.43,469.37,1670.3,523.8,499.7,565.5
215.43,469.37,1651.9,540.5,527.5,539.1
215.43,469.37,1668.1,546.9,531.0,529.3
215.43,469.38,1683.2,530.8,574.4,518.5
215.43,469.38,1686.9,532.0,541.7,559.9
215.43,469.38,1702.1,568.9,533.7,538.0
215.43,469.38,1691.7,585.7,518.1,533.6
215.43,469.39,1698.1,569.0,551.1,545.7
215.43,469.4,1748.1,566.9,586.9,534.1
215.43,469.4,1747.9,604.7,516.2,563.3
215.43,469.4,1770.7,554.1,580.2,579.4
215.43,469.4,1796.9,565.3,585.7,575.2
215.44,469.4,1789.9,566.7,629.9,552.7
215.44,469.4,1810.1,577.7,571.6,609.0
215.44,469.4,1816.4,559.0,589.7,595.5
215.44,469.4,1813.8,579.9,607.6,571.8
215.44,469.4,1822.8,598.7,564.5,595.8
215.44,469.4,1837.3,592.9,560.3,616.8
215.44,469.4,1869.6,589.4,576.5,613.2
215.44,469.4,1847.6,594.6,601.4,599.8
215.44,469.41,1876.9,619.8,593.8,602.7
215.44,469.41,1891.3,647.8,620.9,571.6
215.44,469.41,1915.3,605.4,619.1,618.8
215.44,469.41,1908.8,646.1,608.8,591.4
215.44,469.41,1930.9,638.8,611.6,597.8
215.44,469.41,1919.8,626.0,621.4,617.7
215.44,469.42,1922.6,590.6,633.9,634.7
215.44,469.42,1960.1,618.7,626.9,646.1
215.45,469.42,1958.4,635.6,631.0,627.4
215.45,469.43,1972.1,672.1,620.2,603.4
215.45,469.43,1979.0,635.1,624.3,642.5
215.45,469.43,1975.1,570.6,645.2,674.0
215.45,469.44,1973.8,634.5,639.9,645.6
215.45,469.44,1986.5,633.6,651.8,637.3
215.45,469.44,1992.4,660.6,629.1,639.0
215.45,469.45,2004.3,647.0,634.4,650.9
215.45,469.45,2012.0,669.8,638.6,626.9
215.45,469.45,2038.6,635.3,651.1,685.2
215.45,469.45,2106.4,663.5,673.4,696.1
215.45,469.45,2097.7,668.6,707.8,660.8
215.45,469.45,2097.5,668.3,714.3,652.0
215.46,469.45,2114.8,652.2,679.3,696.0
215.46,469.46,2141.7,690.0,687.0,692.1
215.46,469.46,2160.6,713.3,708.9,676.1
215.46,469.46,2191.1,718.6,723.8,672.1
215.46,469.46,2237.0,726.9,699.9,718.0
215.46,469.46,2264.1,705.8,704.1,784.4
215.46,469.46,2275.1,732.4,727.7,739.0
215.46,469.47,2264.6,733.0,714.1,748.8
215.46,469.47,2318.6,775.6,770.5,694.5
215.46,469.47,2339.7,793.0,762.1,708.6
215.46,469.47,2352.2,750.3,817.7,681.7
215.46,469.47,2352.1,795.2,772.6,692.6
215.46,469.48,2338.3,746.3,770.4,752.0
215.47,469.48,2371.8,742.3,772.8,769.7
215.47,469.48,2364.8,761.8,747.9,767.9
215.47,469.48,2358.0,710.5,769.7,810.9
215.47,469.48,2373.4,791.0,753.5,756.2
215.47,469.48,2384.4,723.6,787.4,793.9
215.47,469.49,2386.6,759.4,772.0,772.0
215.47,469.49,2399.7,771.9,792.7,754.0
215.47,469.5,2477.8,767.2,813.3,811.6
215.47,469.5,2476.5,814.2,808.1,774.9
215.47,469.5,2473.5,836.9,781.6,788.2
215.47,469.5,2480.5,786.4,829.2,793.4
215.47,469.5,2494.8,860.9,811.1,742.4
215.48,469.5,2531.4,817.2,815.9,805.5
215.48,469.5,2519.7,844.0,838.6,767.9
215.48,469.5,2530.6,831.8,818.0,793.6
215.48,469.5,2556.5,840.5,781.7,843.0
215.48,469.5,2562.5,807.4,864.9,807.6
215.48,469.51,2600.0,856.9,855.1,831.1
215.48,469.51,2662.2,830.8,835.7,901.8
215.48,469.51,2660.0,867.0,841.2,876.6
215.48,469.52,2674.0,814.5,907.8,851.6
215.48,469.52,2679.4,854.1,853.3,858.0
215.48,469.53,2708.2,882.9,853.6,870.7
215.48,469.53,2732.7,840.3,864.0,915.5
215.49,469.53,2745.0,872.0,919.3,859.9
215.49,469.53,2754.2,890.8,847.1,937.8
215.49,469.53,2737.6,881.1,860.1,884.3
215.49,469.53,2775.1,949.5,938.1,808.1
215.49,469.54,2778.9,878.4,897.9,915.4
215.49,469.54,2788.3,897.3,887.5,891.4
215.49,469.55,2810.8,944.8,881.4,921.4
215.49,469.55,2840.0,940.9,922.8,868.5
215.49,469.55,2830.5,948.0,903.5,899.3
215.49,469.55,2837.9,909.7,915.0,919.1
215.49,469.55,2843.9,924.3,908.4,926.3
215.49,469.56,2868.7,922.9,932.2,922.9
215.49,469.56,2876.4,904.2,898.1,970.2
215.49,469.56,2894.0,951.7,938.0,896.0
215.49,469.56,2907.8,897.3,964.3,942.1
215.49,469.56,2903.3,954.9,915.7,936.9
215.49,469.57,2956.7,948.0,966.9,917.3
215.49,469.57,2929.9,922.8,978.7,953.4
215.49,469.57,3022.0,995.1,975.2,955.4
215.5,469.57,3030.7,940.9,977.6,1000.2
215.5,469.57,3054.0,944.2,968.8,1050.4
215.5,469.57,3178.7,1033.2,1048.3,979.9
215.5,469.57,3222.7,1085.7,1059.5,961.2
215.5,469.57,3247.3,1031.2,1038.1,1083.6
215.5,469.57,3259.6,1060.7,1049.7,1037.9
215.5,469.58,3263.0,1129.4,1052.8,969.9
215.5,469.58,3327.5,1154.1,1033.9,1036.0
215.5,469.58,3377.1,1066.1,1094.5,1122.6
215.5,469.58,3427.1,1013.0,1105.8,1204.8
215.5,469.58,3465.6,1093.1,1137.1,1135.4
215.5,469.58,3461.7,1090.8,1160.5,1116.8
215.5,469.59,3472.7,1138.7,1092.6,1135.2
215.5,469.59,3518.3,1101.1,1101.6,1227.5
215.5,469.59,3543.8,1127.2,1133.4,1148.1
215.5,469.59,3612.8,1181.2,1139.2,1164.6
215.5,469.59,3673.3,1156.5,1217.8,1167.9
215.5,469.59,3640.1,1215.5,1174.6,1150.8
215.5,469.6,3843.6,1208.0,1192.0,1316.0
215.5,469.6,951.8,308.2,313.4,301.2
215.5,469.6,984.1,325.1,300.9,323.5
215.5,469.6,1047.6,318.6,343.7,349.0
215.5,469.6,1093.2,366.8,354.7,333.7
215.5,469.6,1108.4,351.8,362.5,359.1
215.5,469.6,1138.6,355.6,363.7,373.1
215.5,469.6,1142.8,376.5,371.0,366.9
215.5,469.6,1190.7,403.8,383.1,355.0
215.5,469.6,1210.3,376.6,379.6,395.2
215.5,469.6,1216.0,400.4,370.5,387.3
215.5,469.6,1224.7,385.6,414.7,382.6
215.5,469.6,1246.7,414.1,417.0,391.4
215.51,469.61,1263.3,398.1,437.1,385.2
215.51,469.61,1258.9,394.2,403.1,418.2
215.51,469.61,1278.6,405.9,413.3,405.0
215.51,469.61,1264.5,412.7,404.9,403.4
215.51,469.61,1299.8,410.2,427.9,399.5
215.51,469.62,1277.5,422.6,419.4,400.8
215.51,469.62,1306.6,409.4,420.3,426.2
215.51,469.63,1298.1,400.3,406.2,427.0
215.51,469.63,1230.7,384.0,408.5,403.6
215.51,469.63,1309.0,430.3,427.4,403.4
215.51,469.63,1304.8,417.0,439.5,411.3
215.51,469.64,1324.8,434.8,411.5,425.3
215.51,469.64,1323.1,422.5,417.5,439.4
215.51,469.64,1330.6,424.2,431.2,427.9
215.51,469.64,1339.8,418.6,443.0,431.6
215.51,469.64,1338.8,431.6,410.1,453.1
215.51,469.64,1357.2,433.5,453.2,409.0
215.51,469.65,1361.5,460.8,437.8,416.2
215.51,469.65,1349.4,451.2,415.8,439.0
215.52,469.65,1355.4,437.0,414.4,471.0
215.52,469.65,1375.7,465.5,438.6,425.9
215.52,469.66,1361.3,447.6,436.8,439.9
215.52,469.67,1376.6,444.8,442.6,442.6
215.52,469.67,1369.4,442.8,443.6,441.3
215.52,469.67,1367.6,448.6,441.9,444.2
215.52,469.67,1394.4,466.7,438.1,425.0
215.52,469.68,1398.5,450.1,452.5,442.2
215.52,469.68,1400.5,436.4,436.3,482.1
215.52,469.68,1386.2,450.2,450.5,452.5
215.52,469.68,1392.9,454.2,441.3,440.7
215.52,469.68,1399.3,446.3,444.3,458.3
215.52,469.69,1412.8,488.3,471.2,414.4
215.52,469.69,1415.3,454.0,459.5,457.6
215.52,469.7,1427.3,466.7,463.8,452.9
215.52,469.7,1428.1,449.7,505.1,419.5
215.52,469.7,1427.8,473.7,472.1,429.1
215.52,469.7,1423.1,443.3,471.4,472.8
215.52,469.7,1434.0,470.5,442.3,471.6
215.52,469.7,1439.9,462.6,479.5,435.6
215.52,469.7,1448.1,470.4,471.0,444.2
215.52,469.7,1428.4,460.4,478.5,437.6
215.52,469.7,1421.5,434.9,475.9,454.2
215.53,469.7,1460.4,439.7,509.4,457.3
215.53,469.7,1455.0,446.2,468.4,494.8
215.53,469.7,1473.5,449.1,485.4,490.2
215.53,469.7,1461.4,451.2,477.6,487.7
215.53,469.71,1461.1,466.8,486.9,464.2
215.53,469.71,1467.2,449.9,478.7,495.4
215.53,469.71,1458.8,457.8,473.9,490.1
215.53,469.71,1462.5,485.9,467.3,456.5
215.53,469.71,1463.5,445.0,488.1,477.6
215.53,469.71,1487.7,458.0,465.5,501.7
215.53,469.72,1474.1,483.6,460.4,487.4
215.53,469.72,1440.3,455.5,466.5,465.8
215.53,469.72,1477.3,463.8,476.4,494.3
215.53,469.73,1475.5,444.9,487.1,477.9
215.54,469.73,1487.9,465.2,466.7,504.4
215.54,469.74,1491.1,430.9,484.5,513.9
215.54,469.74,1476.3,499.6,484.7,444.3
215.54,469.75,1490.3,479.7,489.9,470.1
215.54,469.75,1492.0,492.4,483.4,469.8
215.54,469.75,1478.5,494.5,461.9,490.6
215.54,469.75,1510.1,481.4,471.3,495.0
215.54,469.75,1494.0,481.2,485.9,469.8
215.54,469.75,1516.9,490.1,482.9,491.5
215.54,469.75,1491.5,499.1,467.3,478.1
215.54,469.76,1514.9,474.8,487.0,493.3
215.54,469.77,1504.8,503.2,487.6,464.0
215.55,469.77,1506.2,471.5,493.6,479.7
215.55,469.77,1506.6,494.8,477.8,484.3
215.55,469.77,1473.8,456.8,462.9,492.9
215.55,469.77,1528.0,479.1,509.3,495.8
215.55,469.77,1447.8,459.4,468.7,468.6
215.55,469.77,1520.0,475.0,491.9,484.9
215.55,469.77,1529.2,495.8,510.3,469.4
215.55,469.78,1532.3,476.9,499.7,500.9
215.55,469.79,1514.0,507.6,489.6,476.1
215.55,469.79,1455.3,478.1,464.5,473.9
215.56,469.79,1497.0,486.7,469.3,492.8
215.56,469.79,1546.9,492.6,495.8,504.5
215.56,469.79,1493.0,493.7,471.3,490.4
215.56,469.79,1550.6,496.2,506.0,477.4
215.56,469.8,1550.2,485.2,489.9,526.9
215.56,469.8,1505.3,489.2,481.5,485.4
215.56,469.8,1553.1,483.9,517.9,490.8
215.56,469.8,1539.2,508.3,494.5,498.7
215.56,469.8,1528.8,502.6,494.8,482.7
215.56,469.8,1569.4,515.5,500.8,508.3
215.56,469.8,1555.6,521.4,485.0,496.6
215.56,469.8,1576.7,522.1,480.2,494.9
215.56,469.8,1543.6,479.6,526.2,486.1
215.56,469.8,1584.8,520.9,501.4,492.4
215.56,469.8,1588.8,520.8,510.7,511.6
215.56,469.8,1594.5,524.3,503.8,502.9
215.56,469.8,1610.7,484.7,517.9,533.2
215.56,469.81,1566.7,485.0,513.7,508.4
215.56,469.82,1600.7,521.0,502.7,515.7
215.57,469.82,1580.1,531.4,502.9,493.9
215.57,469.82,1611.2,502.8,524.3,532.3
215.57,469.82,1608.2,514.4,513.3,521.6
215.57,469.82,1588.2,496.5,522.6,517.7
215.57,469.83,1627.8,490.1,548.5,523.4
215.57,469.83,1622.0,537.0,529.1,504.6
215.57,469.83,1619.6,512.1,536.2,523.2
215.57,469.83,1634.8,542.6,565.3,468.0
215.57,469.84,1632.2,524.7,551.8,502.9
215.57,469.84,1627.2,477.8,522.7,556.5
215.57,469.84,1638.0,548.6,543.3,493.7
215.57,469.84,1628.6,514.9,519.3,550.6
215.57,469.84,1647.6,555.8,535.3,488.4
215.57,469.84,1618.7,523.5,539.3,514.3
215.57,469.84,1610.4,515.4,510.5,538.2
215.57,469.85,1592.8,514.8,535.9,487.4
215.57,469.85,1620.8,502.9,540.1,520.5
215.58,469.85,1644.5,497.7,544.2,560.1
215.58,469.85,1652.1,515.5,567.6,520.7
215.58,469.85,1649.1,524.4,550.0,532.6
215.58,469.86,1641.9,518.8,549.5,508.9
215.58,469.86,1671.8,564.2,534.4,528.4
215.58,469.86,1633.2,518.2,501.2,544.4
215.58,469.86,1648.4,501.2,534.5,563.3
215.58,469.86,1648.1,530.4,516.6,545.7
215.58,469.86,1658.3,556.1,538.8,522.1
215.58,469.86,1682.8,536.2,534.7,537.5
215.58,469.87,1619.2,523.0,535.9,527.7
215.58,469.87,1603.7,536.2,509.9,508.0
215.58,469.87,1663.5,547.2,527.8,535.2
215.58,469.87,1638.5,519.5,549.1,508.9
215.59,469.87,1665.2,516.1,555.8,525.3
215.59,469.88,1667.4,529.7,521.2,552.0
215.59,469.88,1641.0,507.8,566.1,511.6
215.59,469.88,1651.9,540.0,556.7,511.7
215.59,469.89,1646.0,510.3,555.0,526.5
215.59,469.89,1693.8,533.9,549.2,544.1
215.59,469.89,1715.4,544.3,554.7,536.7
215.59,469.89,1675.5,542.6,546.7,537.4
215.59,469.89,1684.5,521.2,569.0,536.4
215.59,469.89,1704.6,542.4,564.4,546.4
215.59,469.9,1708.4,553.2,559.2,534.7
215.59,469.9,1704.3,535.9,551.3,554.3
215.59,469.9,1693.2,523.4,548.3,584.2
215.59,469.9,1707.5,562.4,575.7,513.5
215.59,469.9,1701.7,540.1,548.2,546.3
215.59,469.9,1696.1,548.8,545.6,543.6
215.59,469.9,1706.3,550.1,523.2,555.4
215.59,469.9,1725.2,575.8,571.3,532.7
215.6,469.9,1734.5,519.0,558.9,585.1
215.6,469.9,1708.9,578.3,535.9,545.0
215.6,469.9,1740.0,540.0,546.8,598.2
215.6,469.9,1723.0,543.6,574.2,552.2
215.6,469.91,1745.0,558.0,549.5,572.9
215.6,469.91,1722.6,577.3,560.0,536.5
215.6,469.91,1744.5,590.1,564.8,510.2
215.6,469.91,1747.0,618.5,531.4,529.5
215.6,469.92,1754.9,569.7,578.4,537.7
215.6,469.92,1761.5,569.3,561.8,579.6
215.6,469.92,1752.5,525.4,555.9,591.6
215.6,469.92,1773.4,549.0,580.2,580.7
215.6,469.92,1779.3,542.6,578.0,585.9
215.6,469.92,1673.4,542.6,560.9,518.8
215.6,469.93,1777.3,596.0,564.3,562.9
215.6,469.94,1805.0,515.8,584.3,620.8
215.6,469.94,1777.8,596.0,587.3,531.9
215.6,469.94,1792.4,584.1,565.9,588.4
215.6,469.94,1765.1,572.6,573.0,564.8
215.6,469.95,1782.3,534.8,572.1,618.6
215.6,469.95,1663.3,547.5,516.7,526.8
215.6,469.95,1735.3,560.9,557.5,575.3
215.6,469.95,1818.6,550.2,617.2,575.0
215.61,469.96,1792.2,578.7,584.0,582.6
215.61,469.96,1811.1,570.9,579.7,591.6
215.61,469.96,1775.4,540.4,556.0,624.8
215.61,469.97,1799.3,569.7,592.3,577.3
215.61,469.97,1786.3,554.6,596.9,570.2
215.61,469.98,1793.3,585.3,597.7,555.3
215.61,469.98,1836.6,584.4,614.3,578.9
215.61,469.98,1790.1,562.2,581.3,585.0
215.61,469.98,1794.3,575.5,557.0,583.0
215.61,469.98,1763.4,571.8,596.1,534.5
215.61,469.98,1845.7,645.1,596.9,535.5
215.61,469.99,1827.6,596.8,584.2,592.5
215.61,469.99,1786.1,572.9,563.9,594.2
215.62,469.99,1832.4,587.6,605.8,577.6
215.62,469.99,1806.1,591.7,595.6,590.5
215.62,469.99,1810.5,578.1,577.2,590.5
215.62,469.99,1813.5,613.1,596.9,550.8
215.62,486.11,1821.7,567.8,615.4,581.3
215.62,492.18,1798.3,599.0,563.4,573.9
215.62,492.19,1845.2,562.3,623.9,610.2
215.62,492.27,1849.3,571.1,604.0,609.0
215.62,496.5,1880.2,605.7,615.2,599.2
215.62,498.49,1831.8,585.2,608.7,590.6
215.62,499.08,1858.6,603.1,592.1,610.5
215.62,499.52,1891.3,598.1,631.8,602.4
215.62,499.78,1822.6,588.8,578.9,610.6
215.62,500.07,1831.8,601.2,578.5,590.6
215.62,500.27,1894.1,597.2,635.8,600.4
215.62,500.68,1887.1,603.9,615.2,608.9
215.62,501.14,1893.4,612.3,628.2,581.9
215.62,501.26,1916.0,629.9,600.4,606.6
215.63,501.29,1891.5,602.6,626.4,593.5
215.63,501.42,1918.4,587.0,615.3,654.7
215.63,501.5,1858.4,564.6,605.8,633.5
215.63,501.53,1836.8,603.9,578.6,616.3
215.63,501.64,1898.5,624.1,603.5,608.9
215.63,501.84,1888.5,630.4,610.3,579.5
215.63,502.06,1879.4,594.6,628.1,593.5
215.63,502.2,1948.4,645.9,616.9,607.0
215.63,502.22,1889.2,613.9,618.9,591.1
215.63,502.34,1916.8,621.8,621.4,596.2
215.63,502.44,1919.2,592.3,621.4,636.4
215.63,502.54,1903.8,638.8,594.4,603.1
215.63,502.62,1935.9,616.2,647.7,601.3
215.63,502.92,1936.3,644.2,604.7,623.0
215.63,502.92,1893.7,617.8,614.3,592.3
215.63,503.11,1938.1,627.4,611.4,633.6
215.63,503.14,1928.0,624.7,643.5,603.7
215.63,503.23,1964.6,626.9,651.7,615.5
215.63,503.26,1977.2,640.7,646.1,627.7
215.64,503.48,1976.3,638.7,630.9,641.6
215.64,503.55,1917.7,582.1,625.9,637.1
215.64,503.75,1972.9,668.4,648.0,607.5
215.64,503.96,1951.9,622.9,624.9,651.0
215.64,504.05,1979.7,625.8,643.3,652.3
215.64,504.19,2017.7,632.5,702.1,608.4
215.64,504.2,2004.6,645.1,665.9,638.6
215.64,504.27,1994.1,700.1,670.5,559.5
215.64,504.27,1991.0,633.8,641.1,650.4
215.64,504.29,2019.4,701.1,652.4,583.2
215.64,504.31,1972.6,616.4,660.2,633.2
215.64,504.4,1983.6,673.8,638.1,610.5
215.65,504.41,2022.5,672.7,641.9,632.7
215.65,504.51,1991.1,653.3,654.8,617.3
215.65,504.58,1995.6,638.2,630.1,674.2
215.65,504.66,2011.9,622.0,671.0,652.2
215.65,504.76,1991.5,598.0,688.3,651.1
215.65,505.01,1998.3,692.4,626.3,622.5
215.65,505.03,2012.6,691.6,667.4,577.9
215.65,505.1,2004.3,688.2,646.8,592.2
215.65,505.13,2037.2,629.1,659.2,651.0
215.65,505.23,1980.0,598.3,681.7,618.9
215.65,505.4,1900.5,625.9,609.5,607.8
215.65,505.56,1994.9,615.1,653.7,659.0
215.65,505.59,2001.2,657.8,665.6,606.6
215.65,505.6,2021.6,656.3,635.7,651.3
215.65,505.62,2069.0,647.4,675.3,686.4
215.65,505.82,2083.4,652.8,669.3,675.9
215.65,505.82,2077.8,689.0,678.2,632.8
215.65,505.83,2083.1,675.9,659.5,685.4
215.65,505.9,2078.5,641.0,684.2,694.1
215.66,505.92,2105.8,656.9,686.9,690.5
215.66,506.03,2076.0,694.6,661.9,643.8
215.66,506.07,2063.2,634.5,683.3,665.8
215.66,506.14,2098.0,638.0,695.6,709.5
215.66,506.14,2117.1,692.8,688.0,672.7
215.66,506.15,2053.2,669.3,672.4,654.7
215.66,506.2,2067.7,644.3,688.7,647.3
215.66,506.21,2129.6,658.2,713.1,685.5
215.66,506.3,2076.8,631.9,711.1,666.0
215.66,506.31,2139.5,694.1,718.9,670.2
215.66,506.35,2092.4,725.7,659.0,654.2
215.66,506.36,2117.1,660.9,685.5,683.1
215.66,506.44,2156.5,700.3,706.5,673.9
215.66,506.48,2170.4,677.6,707.5,692.4
215.66,506.5,2131.1,676.1,690.8,698.4
215.66,506.53,2151.7,699.1,685.2,684.9
215.66,506.54,2122.2,682.5,662.1,717.8
215.66,506.61,2153.7,702.9,681.3,705.8
215.67,506.64,2109.1,712.1,683.8,659.4
215.67,506.7,2190.4,692.5,734.8,706.0
215.67,506.7,2202.3,718.5,752.1,663.8
215.67,506.78,2141.9,733.0,680.0,646.8
215.67,506.79,2170.6,687.1,720.7,706.9
215.67,506.8,2179.7,677.6,682.8,740.8
215.67,506.81,2186.7,685.3,700.6,727.7
215.67,506.97,2225.2,693.3,701.2,756.7
215.67,507.01,2163.4,717.1,697.3,688.7
215.67,507.02,2241.7,699.6,729.7,727.0
215.67,507.02,2212.7,733.1,708.6,699.0
215.67,507.12,2216.7,708.5,707.3,734.5
215.67,507.14,2197.5,711.4,712.8,703.6
215.67,507.15,2248.7,729.7,758.9,684.4
215.67,507.17,2238.4,708.7,763.3,696.3
215.67,507.18,2276.5,706.8,752.4,738.7
215.67,507.21,2264.8,743.3,690.8,764.6
215.67,507.21,2241.1,730.7,712.8,735.3
215.68,507.24,2251.0,696.7,702.1,783.5
215.68,507.25,2284.6,735.1,757.4,724.9
215.68,507.26,2306.2,749.9,743.1,746.2
215.68,507.26,2299.4,754.3,759.9,705.1
215.68,507.4,2165.1,701.4,702.7,688.2
215.68,507.49,2292.3,718.1,766.3,743.3
215.68,507.5,2331.4,752.7,752.9,747.2
215.68,507.51,2335.3,729.9,806.4,717.6
215.68,507.57,2342.1,766.9,776.8,728.9
215.68,507.58,2278.3,701.7,733.4,770.5
215.68,507.62,2287.8,748.9,738.4,721.9
215.68,507.68,2287.4,746.6,717.9,751.7
215.68,507.78,2360.6,819.9,754.8,724.7
215.68,507.79,2338.8,761.9,728.7,777.7
215.68,507.8,2359.4,816.1,740.0,730.1
215.68,507.83,2307.1,720.2,773.4,745.6
215.68,508.05,2381.8,740.9,797.0,772.6
215.69,508.07,2314.9,732.0,709.7,808.3
215.69,508.26,2364.0,765.1,789.6,752.3
215.69,508.27,2379.6,734.3,786.8,776.9
215.69,508.28,2432.2,796.4,789.9,773.4
215.69,508.33,2379.9,718.3,767.1,821.5
215.69,508.36,2401.9,756.6,740.3,827.6
215.69,508.4,2409.1,800.3,747.4,783.0
215.69,508.41,2467.8,775.8,809.0,776.9
215.69,508.42,2360.5,777.3,759.0,740.4
215.69,508.49,2455.1,792.2,826.3,766.7
215.69,508.51,2383.3,795.0,783.6,709.6
215.69,508.66,2379.4,749.5,728.8,818.3
215.69,508.66,2367.5,737.5,766.3,790.5
215.69,508.66,2359.8,735.0,799.3,759.9
215.69,508.71,2445.3,781.5,782.2,786.7
215.69,508.72,2458.3,807.6,800.6,797.9
215.69,508.74,2427.1,770.0,790.4,800.7
215.69,508.75,2449.9,824.3,789.4,758.5
215.69,508.8,2447.4,737.9,804.1,834.9
215.69,508.82,2481.8,819.6,792.3,791.2
215.69,508.83,2391.0,784.7,756.6,765.6
215.69,508.85,2462.0,819.8,783.6,769.8
215.7,508.87,2445.2,811.6,783.5,774.0
215.7,508.9,2487.0,817.4,797.3,782.9
215.7,508.95,2511.0,790.6,860.1,783.7
215.7,508.96,2520.2,816.9,808.0,829.3
215.7,509.02,2519.4,820.7,819.8,802.9
215.7,509.02,2548.4,783.7,834.5,847.6
215.7,509.05,2515.5,780.1,820.2,827.0
215.7,509.05,2540.5,796.5,811.3,866.0
215.7,509.06,2528.8,804.5,831.7,807.8
215.7,509.09,2512.2,817.7,793.2,809.1
215.7,509.14,2532.4,845.8,799.5,814.2
215.7,509.2,2565.8,870.3,819.0,792.5
215.7,509.24,2558.8,797.1,806.1,866.9
215.7,509.25,2601.9,818.6,833.7,866.9
215.7,509.3,2508.7,861.1,799.7,760.5
215.7,509.32,2566.4,819.6,821.3,841.9
215.7,509.36,2603.5,847.8,855.9,801.3
215.7,509.38,2572.2,822.1,829.4,847.6
215.7,509.41,2544.7,775.7,835.8,846.2
215.7,509.43,2559.1,843.5,862.7,771.2
215.7,509.43,2613.3,830.0,847.3,834.2
215.7,509.45,2556.2,766.1,821.3,873.1
215.7,509.48,2620.8,832.5,812.5,859.9
215.7,509.52,2579.7,852.5,825.6,804.9
215.7,509.55,2569.0,830.5,816.1,839.5
215.7,509.58,2614.2,855.8,833.3,841.4
215.7,509.59,2651.9,819.9,834.1,899.4
215.7,509.6,2641.7,883.2,816.7,853.2
215.7,509.69,2610.2,824.4,847.5,856.0
215.7,509.71,2586.1,836.0,821.9,849.9
215.7,509.72,2680.3,820.6,856.1,918.7
215.7,509.83,2654.5,894.2,827.1,828.7
215.71,509.83,2685.9,872.7,827.8,903.5
215.71,509.88,2661.9,904.8,838.2,828.5
215.71,509.89,2652.5,853.2,818.5,889.4
215.71,509.91,2640.3,840.3,868.1,851.7
215.71,509.93,2697.9,871.2,914.3,816.3
215.71,509.95,2724.6,851.9,881.1,908.5
215.71,510.0,2686.0,932.9,838.1,831.0
215.71,510.01,2746.7,879.5,909.3,861.1
215.71,510.03,2674.8,845.6,849.1,869.8
215.71,510.09,2703.3,905.7,870.3,834.3
215.71,510.11,2695.0,858.2,860.8,892.9
215.71,510.12,2696.0,865.7,920.6,829.4
215.71,510.14,2682.6,858.7,863.2,863.0
215.71,510.15,2716.3,878.8,868.1,889.3
215.71,510.18,2664.2,878.5,865.5,829.2
215.71,510.21,2755.5,860.1,883.8,920.5
215.71,510.22,2699.3,857.8,903.1,838.2
215.71,510.25,2690.3,914.6,883.4,793.0
215.72,510.28,2748.1,879.9,920.6,859.6
215.72,510.29,2799.2,881.5,882.6,936.2
215.72,510.3,2771.0,863.1,884.4,918.0
215.72,510.3,2708.2,845.4,863.2,908.2
215.72,510.32,2777.6,921.9,878.0,898.0
215.72,510.39,2744.0,868.7,921.1,869.1
215.72,510.39,2761.9,902.3,888.0,899.9
215.72,510.43,2808.0,951.6,904.1,858.4
215.72,510.43,2779.9,918.9,926.3,841.1
215.72,510.45,2789.5,915.6,906.9,868.5
215.72,510.51,2836.0,884.9,937.5,906.3
215.72,510.53,2807.9,887.5,869.0,960.2
215.72,510.54,2879.0,883.2,935.7,963.1
215.72,510.54,2877.8,923.2,955.5,897.7
215.72,510.56,2883.4,927.3,952.1,904.0
215.72,510.59,2868.4,891.6,985.3,903.9
215.72,510.61,2855.2,893.3,930.1,917.5
215.72,510.64,2820.2,949.1,916.8,885.1
215.72,510.65,2885.3,942.9,938.3,894.8
215.72,510.65,2890.0,926.0,960.5,906.4
215.72,510.66,2870.4,918.9,949.5,924.2
215.73,510.7,2927.5,912.8,972.7,956.6
215.73,510.76,2930.9,955.1,953.0,939.2
215.73,510.8,2864.2,950.0,897.8,924.8
215.73,510.83,2881.7,890.6,953.2,945.4
215.73,510.86,2838.9,927.8,928.4,906.5
215.73,510.93,2922.6,935.2,943.0,933.2
215.73,510.95,2845.0,944.2,889.0,904.7
215.73,510.96,2872.1,929.9,937.0,918.3
215.73,510.99,2940.0,877.0,953.0,994.1
215.73,511.0,2939.5,940.0,972.8,936.0
215.73,511.0,2899.5,962.0,927.0,904.7
215.73,511.23,2953.9,925.2,910.9,1000.0
215.73,511.27,2947.1,997.4,937.7,928.4
215.73,511.27,2879.8,883.1,904.1,990.4
215.73,511.32,2910.6,894.1,934.0,986.0
215.73,511.36,2924.9,954.4,937.6,931.1
215.73,511.38,2935.3,947.1,928.7,976.9
215.74,511.39,3020.0,984.9,990.7,948.1
215.74,511.4,2991.4,975.1,929.4,989.2
215.74,511.42,3027.5,985.0,984.1,954.0
215.74,511.45,3031.1,1006.5,1008.6,913.6
215.74,511.45,3039.2,1006.0,974.8,959.7
215.74,511.45,3018.3,1008.4,962.9,943.4
215.74,511.61,3007.2,937.0,981.9,994.2
215.74,511.67,3017.9,1006.9,960.8,945.0
215.74,511.67,3012.5,965.0,1018.3,932.0
215.74,511.69,3029.0,1034.6,996.8,899.9
215.74,511.75,3027.3,939.1,981.4,1000.4
215.74,511.76,3034.1,995.6,948.9,999.9
215.74,511.81,3028.9,941.2,977.6,1013.3
215.74,511.84,3028.2,1012.0,985.7,927.3
215.74,511.84,3058.9,991.3,946.0,1006.0
215.74,511.85,3076.0,988.3,1003.7,987.0
215.74,511.86,3101.1,982.3,975.2,1036.2
215.74,511.88,3199.7,1025.6,997.7,1058.6
215.74,511.89,3154.6,1038.0,1002.7,1006.6
215.74,511.9,3154.4,969.5,997.6,1083.9
215.74,511.9,3170.7,1032.0,1019.9,1028.0
215.74,511.9,3228.8,977.1,1017.8,1134.0
215.74,511.91,3244.8,1017.2,1083.7,998.0
215.74,511.94,2701.6,896.2,884.8,835.8
215.75,511.95,3190.5,1015.1,1065.9,1002.8
215.75,511.98,3175.1,1025.8,976.5,1056.3
215.75,512.0,3146.4,994.5,995.9,1080.6
215.75,512.0,3194.6,981.8,983.5,1114.8
215.75,512.02,3195.1,976.1,1090.3,1032.8
215.75,512.07,3205.9,981.6,998.2,1115.0
215.75,512.08,3244.8,1055.7,1088.9,1003.8
215.75,512.1,3256.2,1112.0,1080.6,958.2
215.75,512.1,3226.3,1054.2,1050.5,1020.7
215.75,512.1,3270.6,1089.8,1075.0,984.1
215.75,512.13,3275.9,1051.8,1042.4,1082.0
215.75,512.17,3038.5,1025.7,966.3,934.2
215.75,512.18,3039.4,949.0,989.6,1004.0
215.75,512.21,3254.7,1079.5,1046.3,1028.9
215.75,512.23,3260.4,1025.4,1092.4,1040.6
215.75,512.23,3261.3,1063.4,1035.1,1053.6
215.76,512.31,3267.0,1042.9,1068.6,1043.3
215.76,512.33,3263.1,1059.0,1084.6,1027.4
215.76,512.33,3052.9,1008.4,983.8,978.3
215.76,512.43,3325.6,1042.7,1069.5,1100.0
215.76,512.45,3320.2,1070.0,1076.3,1064.1
215.76,512.49,3331.3,1072.0,1158.8,987.3
215.76,512.5,3344.2,1057.5,1116.4,1045.7
215.76,512.53,3338.7,1041.4,1007.1,1167.8
215.76,512.53,3318.3,1120.0,1032.4,1049.5
215.76,512.62,3323.4,1045.0,1067.2,1091.1
215.76,512.62,3310.0,1081.4,1071.4,1054.6
215.76,512.66,3360.7,1110.1,1048.7,1080.2
215.76,512.7,3395.8,1092.9,1093.1,1089.8
215.76,512.73,3269.3,1068.4,1082.3,1023.0
215.76,512.76,3280.3,1019.1,1080.9,1052.8
215.77,512.8,3407.1,1141.3,1015.4,1163.1
215.77,512.81,3360.0,1077.8,1107.9,1061.9
215.77,512.89,3391.8,1045.2,1135.5,1098.8
215.77,512.89,3375.8,1131.0,1045.6,1075.7
215.77,512.91,3393.2,1121.3,1083.8,1081.4
215.77,512.96,3407.1,1120.2,1082.1,1077.2
215.77,513.0,3380.4,1110.3,1073.6,1061.5
215.77,513.01,3364.4,1048.3,1150.0,1030.7
215.77,513.02,3406.6,1090.4,1101.0,1099.0
215.77,513.07,3382.9,1095.6,1083.1,1107.1
215.77,513.12,3374.1,1093.2,1090.0,1087.1
215.77,513.13,3381.4,1136.8,1071.6,1066.5
215.77,513.16,3395.3,1084.7,1056.8,1109.8
215.77,513.17,3463.0,1119.4,1143.1,1087.8
215.77,513.29,3471.7,1132.5,1134.0,1081.6
215.77,513.33,3363.6,1159.1,1049.8,1040.1
215.77,513.33,3382.5,1140.6,1034.8,1085.1
215.77,513.35,3452.5,1084.7,1141.8,1100.8
215.77,513.36,3442.4,1068.3,1097.2,1161.5
215.77,513.37,3371.4,1097.3,1057.6,1094.9
215.78,513.38,3410.5,1050.7,1145.0,1111.1
215.78,513.38,3408.3,1115.3,1169.8,1019.2
215.78,513.4,3417.5,1041.4,1128.6,1140.0
215.78,513.4,3397.5,1048.9,1098.4,1150.2
215.78,513.4,3414.1,1076.6,1093.4,1141.7
215.78,513.42,3383.9,1061.5,1115.9,1097.0
215.78,513.43,3406.5,1066.2,1093.3,1108.8
215.78,513.43,3426.7,1102.6,1109.1,1102.5
215.78,513.47,3413.7,1129.7,1059.9,1131.1
215.78,513.53,3520.1,1105.6,1153.4,1131.4
215.78,513.53,3435.8,1132.3,1095.1,1083.5
215.78,513.53,3430.2,1161.8,1098.0,1058.7
215.78,513.57,3430.9,1093.4,1126.9,1077.2
215.78,513.57,3413.6,1158.9,1098.3,1055.0
215.78,513.59,3434.5,1098.4,1122.6,1086.3
215.78,513.6,3439.2,1118.9,1083.4,1122.5
215.78,513.61,3428.7,1094.2,1105.9,1094.3
215.78,513.62,3447.5,1138.2,1067.7,1138.9
215.78,513.63,3421.9,1059.8,1092.7,1162.5
215.78,513.65,3413.9,1066.1,1129.6,1115.9
215.78,513.66,3444.6,1141.8,1098.9,1096.8
215.78,513.72,3448.6,1180.4,1098.7,1043.4
215.78,513.78,3437.6,1096.3,1127.2,1093.4
215.78,513.78,3399.7,1101.4,1100.9,1082.2
215.78,513.78,3454.3,1049.8,1143.8,1148.8
215.79,513.79,3455.2,1127.2,1078.1,1119.1
215.79,513.79,3413.9,1066.3,1126.3,1102.6
215.79,513.83,3453.8,1126.4,1094.1,1094.7
215.79,513.84,3419.3,1085.2,1122.1,1083.1
215.79,513.85,3409.1,1112.2,1150.4,1042.0
215.79,513.87,3485.4,1126.7,1146.5,1090.6
215.79,513.9,3464.1,1138.0,1101.4,1118.2
215.79,513.94,3432.9,1149.6,1120.4,1053.2
215.79,513.95,3453.2,1088.2,1140.5,1093.7
215.79,513.96,3447.8,1120.3,1117.6,1089.3
215.79,513.97,3441.5,1144.3,1072.7,1099.4
215.79,513.97,3441.3,1062.6,1113.4,1152.6
215.8,513.98,3446.6,1150.6,1116.3,1055.1
215.8,513.99,3451.9,1138.4,1083.2,1108.9
215.8,514.0,3548.9,1175.6,1119.0,1135.9
215.8,514.02,3490.6,1128.5,1166.9,1098.6
215.8,514.03,3476.1,1063.4,1135.6,1183.6
215.8,514.05,3562.9,1081.2,1168.0,1189.4
215.8,514.06,3562.1,1099.9,1127.3,1226.4
215.8,514.09,3496.7,1168.9,1120.5,1102.4
215.8,514.09,3540.6,1194.9,1095.3,1133.1
215.8,514.1,3554.2,1157.7,1130.1,1148.7
215.8,514.1,3492.3,1109.6,1109.0,1177.3
215.8,514.18,3493.1,1103.2,1169.1,1100.7
215.8,514.19,3514.5,1150.0,1073.9,1185.2
215.8,514.2,3556.3,1141.6,1181.3,1142.6
215.8,514.22,3584.2,1102.5,1216.6,1145.1
215.8,514.25,3606.6,1213.4,1119.7,1162.2
215.8,514.3,3598.3,1168.6,1212.0,1119.0
215.8,514.31,3583.7,1126.6,1157.3,1184.7
215.8,514.31,3577.3,1158.1,1127.4,1171.9
215.8,514.32,3602.7,1160.0,1179.4,1141.8
215.8,514.33,3606.3,1132.4,1234.4,1127.9
215.8,514.35,3612.7,1202.4,1178.1,1123.4
215.8,514.4,3683.5,1152.3,1299.2,1119.0
215.8,514.41,3697.8,1187.8,1214.3,1167.7
215.8,514.43,3669.9,1146.6,1151.6,1255.1
215.8,514.43,3661.0,1144.9,1226.5,1173.6
215.8,514.43,3424.5,1085.5,1122.7,1106.7
215.8,514.47,3431.8,1135.8,1062.6,1110.5
215.8,514.49,3424.2,1058.1,1184.2,1081.2
215.8,514.5,3787.6,1229.8,1168.5,1261.5
215.8,514.51,3803.7,1204.2,1190.1,1259.1
215.8,514.53,3796.5,1289.0,1225.1,1146.8
215.8,514.53,3777.5,1273.1,1193.0,1202.2
215.8,514.58,3773.6,1269.6,1226.5,1154.0
215.81,514.6,3767.8,1171.5,1270.6,1218.7
215.81,514.62,3779.1,1192.3,1270.1,1190.9
215.81,514.62,3952.2,1265.2,1304.8,1225.4
215.81,514.65,3874.4,1194.6,1246.1,1307.0
215.81,514.65,3881.4,1154.5,1303.9,1297.4
215.81,514.65,3870.5,1220.2,1276.4,1266.1
215.81,514.65,3700.7,1218.4,1212.7,1162.5
215.81,514.66,4016.8,1341.9,1279.6,1270.6
215.81,514.67,4044.9,1276.7,1248.5,1389.4
215.81,514.69,4042.0,1319.5,1322.4,1292.5
215.81,514.7,4072.4,1328.5,1307.2,1284.3
215.81,514.73,4067.9,1312.3,1312.8,1287.3
215.81,514.73,4055.4,1361.9,1314.2,1242.8
215.81,514.74,3962.8,1260.7,1271.1,1315.1
215.81,514.79,4009.6,1378.6,1226.5,1273.3
215.81,514.8,4009.2,1289.8,1311.3,1295.6
215.81,514.81,4030.6,1340.4,1260.8,1288.9
215.81,514.85,4152.2,1321.5,1348.8,1340.2
215.81,514.85,4028.8,1277.2,1363.6,1271.5
215.81,514.85,4130.2,1264.6,1419.5,1283.3
215.81,514.9,5067.6,1607.8,1677.8,1617.6
215.81,514.9,3264.0,1040.1,1067.6,1029.0
215.81,514.91,158759.8,52425.9,50682.8,50751.1
215.81,514.96,1352.9,445.0,440.1,439.6
215.82,514.99,1451.7,484.4,470.1,450.4
215.82,514.99,2068.5,669.2,678.8,653.0
215.82,515.02,2155.1,701.8,723.3,663.7
215.82,515.03,2217.5,740.3,701.2,691.0
215.82,515.05,2387.7,779.0,780.3,752.3
215.82,515.05,2526.0,820.8,809.5,821.5
215.82,515.06,1132.0,377.5,356.4,366.8
215.82,515.1,1231.3,375.9,403.2,407.9
215.82,515.11,1259.5,417.7,393.6,402.5
215.82,515.11,1273.1,384.9,417.6,417.6
215.82,515.13,1279.6,421.9,426.2,380.4
215.82,515.18,1322.8,417.4,423.8,428.7
215.82,515.2,1375.5,416.5,494.2,418.4
215.82,515.23,1392.5,446.1,457.5,451.0
215.82,515.26,1418.9,439.9,444.1,480.8
215.82,515.26,1528.6,466.3,493.0,506.4
215.82,515.28,1517.7,497.0,489.6,488.7
215.82,515.3,1520.0,497.6,499.6,472.5
215.82,515.31,1542.5,485.8,503.1,503.6
215.82,515.31,1598.8,560.2,503.2,474.1
215.82,515.32,1614.0,519.7,509.3,529.1
215.82,515.32,1617.2,539.2,517.5,514.3
215.82,515.34,1637.7,520.3,527.6,531.9
215.82,515.37,1643.0,554.3,527.2,510.6
215.82,515.41,1658.5,528.8,537.6,532.4
215.83,515.42,1681.2,546.3,544.8,545.6
215.83,515.45,1699.7,550.0,551.6,550.1
215.83,515.45,1754.7,549.5,549.8,594.7
215.83,515.48,1762.1,583.0,581.9,540.1
215.83,515.48,1772.5,569.5,580.4,553.0
215.83,515.5,1786.1,577.6,573.4,578.0
215.83,515.5,1825.6,604.7,553.2,596.3
215.83,515.5,1807.4,587.6,586.9,576.0
215.83,515.5,1825.2,588.5,584.1,592.1
215.83,515.55,1828.8,558.0,641.8,567.4
215.83,515.55,1937.4,602.2,669.1,591.6
215.83,515.57,1947.2,620.3,677.6,583.3
215.83,515.65,1933.2,630.4,610.3,638.2
215.83,515.7,1995.1,668.5,634.6,637.2
215.83,515.72,2009.9,670.1,635.0,628.9
215.83,515.74,2017.5,652.9,662.8,627.0
215.83,515.74,2133.1,685.8,710.2,662.8
215.83,515.74,2127.7,680.1,696.7,681.8
215.83,515.76,2144.6,703.3,715.0,665.9
215.83,515.76,2144.6,706.3,712.6,656.2
215.83,515.77,2203.3,724.2,715.2,701.2
215.83,515.78,2279.7,709.4,700.8,782.1
215.83,515.82,2306.2,757.2,734.2,730.2
215.83,515.82,2336.6,742.6,710.7,774.1
215.84,515.82,2317.6,775.6,736.6,726.1
215.84,515.83,2326.4,771.1,745.4,742.1
215.84,515.83,2351.1,752.1,806.5,719.5
215.84,515.86,2401.0,787.5,770.4,753.7
215.84,515.88,2411.5,749.6,777.4,803.6
215.84,515.89,2396.1,754.5,757.2,830.4
215.84,515.89,2404.8,768.8,806.2,770.3
215.84,515.9,2442.5,740.3,777.3,827.5
215.84,515.92,2442.2,790.8,786.2,773.7
215.84,515.92,2535.4,780.8,816.5,837.9
215.84,515.93,2542.7,841.5,821.4,795.7
215.84,515.94,2594.1,782.2,895.6,818.3
215.84,515.96,2585.6,793.4,858.8,846.6
215.84,515.97,2585.8,795.3,839.3,881.5
215.84,515.99,2669.0,874.6,880.5,838.1
215.84,516.0,2787.3,882.6,919.7,904.5
215.84,516.0,2865.5,932.7,922.7,914.4
215.84,516.0,2876.1,927.7,955.3,883.0
215.84,516.03,2907.6,843.9,963.4,1010.2
215.84,516.05,2934.7,946.5,950.8,923.2
215.84,516.06,2949.7,950.9,936.8,954.1
215.84,516.07,2937.9,934.9,933.6,963.8
215.85,516.08,2968.8,984.3,951.3,920.9
215.85,516.09,3031.0,990.9,952.3,995.3
215.85,516.1,3043.2,920.9,1000.1,1016.1
215.85,516.11,3088.2,952.4,963.9,1076.2
215.85,516.11,3109.2,1051.9,988.9,958.6
215.85,516.12,3103.8,993.5,1043.3,971.4
215.85,516.13,3130.5,1021.6,980.9,1022.2
215.85,516.17,3158.3,1021.8,1111.6,915.7
215.85,516.2,3193.9,990.3,991.8,1102.6
215.85,516.2,3204.1,1061.7,991.8,1044.9
215.85,516.2,3277.7,1068.1,1061.8,1029.3
215.85,516.2,3489.7,1060.8,1118.5,1189.7
215.85,516.22,3512.9,1142.5,1096.5,1148.0
215.85,516.24,3506.5,1128.5,1144.1,1121.5
215.85,516.24,3530.2,1156.5,1195.5,1081.8
215.85,516.25,3532.0,1137.8,1186.0,1100.1
215.85,516.25,3543.6,1100.5,1201.4,1116.9
215.85,516.26,3564.6,1151.2,1191.9,1089.9
215.86,516.26,4157.9,1287.3,1361.1,1388.1
215.86,516.29,1726.5,547.2,562.4,568.3
215.86,516.32,2006.1,649.7,643.8,644.4
215.86,516.32,2127.4,657.7,726.7,672.7
215.86,516.33,2206.5,713.8,704.0,714.6
215.86,516.35,2221.8,760.6,716.5,673.0
215.86,516.37,2301.3,699.5,785.6,731.3
215.86,516.38,3109.6,1030.0,964.8,989.0
215.86,516.39,3102.0,939.5,1010.3,1063.8
215.86,516.4,3103.7,977.0,1025.4,998.9
215.86,516.4,1538.9,491.1,480.2,507.7
215.86,516.43,1589.6,491.5,565.1,485.8
215.86,516.45,1617.7,544.5,526.3,497.4
215.86,516.46,1785.9,571.4,577.4,589.6
215.86,516.48,1936.2,587.1,616.8,662.8
215.86,516.51,2319.1,694.2,744.8,787.3
215.86,516.51,2402.7,708.7,758.4,851.8
215.87,516.53,3113.8,1005.1,985.8,1022.8
215.87,516.53,1749.3,571.9,560.4,553.8
215.87,516.54,2015.7,625.0,629.7,678.1
215.87,516.56,2427.6,801.0,799.1,748.6
215.87,516.58,2531.7,781.2,810.6,861.0
215.87,516.6,3093.0,957.7,989.2,1050.5
215.87,516.63,3168.6,999.7,1071.2,1001.4
215.87,516.7,2005.8,621.2,631.9,690.6
215.87,516.7,2339.3,744.7,769.6,757.7
215.87,516.71,2800.2,949.1,884.2,852.5
215.87,516.76,4165.5,1323.5,1346.7,1352.2
